profile,origin,days,seed,completed_days,skipped_days,return_count,recovery_days,burnout,action_concentration,ending_band,xp,material
perfect,lost,30,0,29,1,1,4,1.62,0.172,open,580.0,58.0
cautious,lost,30,0,21,9,7,1,0,0.238,returning,196.56,21.0
balanced,lost,30,0,24,6,6,4,1.04,0.188,returning,470.4,48.0
chaotic,lost,30,0,16,14,10,2,5.41,0.229,returning,497.28,48.0
high_skip,lost,30,0,12,18,5,2,0,0.25,returning,113.28,12.0
returning,lost,30,0,14,16,10,2,0.29,0.214,returning,269.92,28.0
overload,lost,30,0,27,3,3,3,74.54,0.171,overloaded,1144.5,105.0
optimizer,lost,30,0,27,3,3,4,1.57,0.185,open,822.96,81.0
low_energy,lost,30,0,13,17,7,3,0,0.231,returning,119.08,13.0
adversarial,lost,30,0,22,8,6,4,68.97,0.179,returning,1176.6,106.0
perfect,burnout,30,0,30,0,0,4,1.62,0.167,open,600.0,60.0
cautious,burnout,30,0,21,9,5,2,0,0.19,returning,196.56,21.0
balanced,burnout,30,0,26,4,3,4,1.04,0.192,open,509.6,52.0
chaotic,burnout,30,0,13,17,9,1,2.0,0.205,returning,404.04,39.0
high_skip,burnout,30,0,16,14,10,3,0,0.25,returning,151.04,16.0
returning,burnout,30,0,17,13,7,4,0.58,0.235,returning,327.76,34.0
overload,burnout,30,0,26,4,4,3,74.05,0.18,returning,1090.0,100.0
optimizer,burnout,30,0,28,2,2,2,27.45,0.179,open,853.44,84.0
low_energy,burnout,30,0,17,13,7,7,0,0.235,returning,155.72,17.0
adversarial,burnout,30,0,19,11,7,3,67.13,0.179,returning,1054.5,95.0
perfect,potential,30,0,30,0,0,4,1.62,0.167,open,600.0,60.0
cautious,potential,30,0,22,8,7,2,0,0.227,returning,205.92,22.0
balanced,potential,30,0,27,3,3,4,1.04,0.185,open,529.2,54.0
chaotic,potential,30,0,11,19,7,1,2.0,0.212,returning,341.88,33.0
high_skip,potential,30,0,12,18,9,2,0,0.25,returning,113.28,12.0
returning,potential,30,0,18,12,7,2,0,0.222,returning,347.04,36.0
overload,potential,30,0,27,3,3,4,66.72,0.167,open,1177.2,108.0
optimizer,potential,30,0,27,3,3,4,1.57,0.198,open,822.96,81.0
low_energy,potential,30,0,16,14,6,5,0,0.312,returning,146.56,16.0
adversarial,potential,30,0,22,8,6,4,73.78,0.173,returning,1221.0,110.0
perfect,return,30,0,30,0,0,4,1.62,0.167,open,600.0,60.0
cautious,return,30,0,11,19,5,0,0,0.273,returning,102.96,11.0
balanced,return,30,0,22,8,7,3,0.52,0.205,returning,431.2,44.0
chaotic,return,30,0,16,14,7,1,11.01,0.188,returning,497.28,48.0
high_skip,return,30,0,4,26,4,2,0,0.25,returning,37.76,4.0
returning,return,30,0,16,14,8,0,0.58,0.219,returning,308.48,32.0
overload,return,30,0,27,3,3,3,74.54,0.181,overloaded,1144.5,105.0
optimizer,return,30,0,29,1,1,4,3.13,0.195,open,883.92,87.0
low_energy,return,30,0,18,12,8,7,0,0.222,returning,164.88,18.0
adversarial,return,30,0,20,10,6,3,67.15,0.182,returning,1098.9,99.0
perfect,lost,90,0,87,3,3,12,4.87,0.172,open,1740.0,174.0
cautious,lost,90,0,52,38,24,8,0,0.212,returning,486.72,52.0
balanced,lost,90,0,70,20,16,10,3.13,0.2,returning,1372.0,140.0
chaotic,lost,90,0,46,44,22,7,3.8,0.188,returning,1429.68,138.0
high_skip,lost,90,0,19,71,13,0,0,0.263,returning,179.36,19.0
returning,lost,90,0,53,37,20,7,0.87,0.189,returning,1021.84,106.0
overload,lost,90,0,78,12,12,18,76.04,0.178,returning,3062.9,281.0
optimizer,lost,90,0,82,8,8,12,5.63,0.195,sustainable,2499.36,246.0
low_energy,lost,90,0,40,50,24,12,0,0.3,returning,366.4,40.0
adversarial,lost,90,0,69,21,16,25,68.12,0.174,sustainable,3563.1,321.0
perfect,burnout,90,0,90,0,0,12,4.87,0.167,open,1800.0,180.0
cautious,burnout,90,0,56,34,20,5,0,0.214,returning,524.16,56.0
balanced,burnout,90,0,68,22,16,11,0,0.199,returning,1332.8,136.0
chaotic,burnout,90,0,47,43,23,5,0,0.17,returning,1460.76,141.0
high_skip,burnout,90,0,25,65,18,3,0,0.2,returning,236.0,25.0
returning,burnout,90,0,49,41,20,6,0.87,0.204,returning,944.72,98.0
overload,burnout,90,0,83,7,7,21,74.8,0.173,returning,3204.6,294.0
optimizer,burnout,90,0,83,7,6,10,14.58,0.193,sustainable,2529.84,249.0
low_energy,burnout,90,0,43,47,25,17,0,0.233,returning,393.88,43.0
adversarial,burnout,90,0,61,29,18,19,71.77,0.176,returning,3085.8,278.0
perfect,potential,90,0,87,3,3,12,4.87,0.172,sustainable,1740.0,174.0
cautious,potential,90,0,59,31,19,7,0,0.203,returning,552.24,59.0
balanced,potential,90,0,74,16,13,10,3.13,0.182,returning,1450.4,148.0
chaotic,potential,90,0,41,49,20,4,6.0,0.195,sustainable,1274.28,123.0
high_skip,potential,90,0,22,68,19,2,0,0.318,returning,207.68,22.0
returning,potential,90,0,43,47,23,6,0.87,0.186,returning,829.04,86.0
overload,potential,90,0,79,11,10,19,72.53,0.175,returning,3117.4,286.0
optimizer,potential,90,0,84,6,6,11,9.4,0.194,sustainable,2560.32,252.0
low_energy,potential,90,0,39,51,22,12,0,0.179,returning,357.24,39.0
adversarial,potential,90,0,62,28,22,19,75.4,0.175,returning,3163.5,285.0
perfect,return,90,0,89,1,1,12,4.87,0.169,sustainable,1780.0,178.0
cautious,return,90,0,51,39,24,6,0,0.216,returning,477.36,51.0
balanced,return,90,0,66,24,16,8,1.57,0.197,returning,1293.6,132.0
chaotic,return,90,0,42,48,25,7,7.41,0.198,returning,1305.36,126.0
high_skip,return,90,0,20,70,14,2,0,0.3,returning,188.8,20.0
returning,return,90,0,59,31,20,8,0,0.195,returning,1137.52,118.0
overload,return,90,0,81,9,8,20,77.57,0.178,returning,3237.3,297.0
optimizer,return,90,0,86,4,4,11,9.4,0.194,sustainable,2621.28,258.0
low_energy,return,90,0,52,38,21,19,0,0.192,returning,476.32,52.0
adversarial,return,90,0,60,30,18,18,75.98,0.179,returning,3108.0,280.0
perfect,lost,180,0,176,4,4,25,4.06,0.168,integrated,3520.0,352.0
cautious,lost,180,0,125,55,39,18,0,0.2,returning,1170.0,125.0
balanced,lost,180,0,134,46,36,17,0,0.187,sustainable,2626.4,268.0
chaotic,lost,180,0,83,97,48,10,0,0.177,sustainable,2579.64,249.0
high_skip,lost,180,0,43,137,26,2,0,0.256,returning,405.92,43.0
returning,lost,180,0,94,86,45,14,0,0.197,returning,1812.32,188.0
overload,lost,180,0,155,25,21,41,76.0,0.176,returning,5962.3,547.0
optimizer,lost,180,0,168,12,11,25,7.83,0.198,integrated,5120.64,504.0
low_energy,lost,180,0,70,110,44,23,0,0.2,returning,641.2,70.0
adversarial,lost,180,0,131,49,36,49,75.89,0.172,returning,6637.8,598.0
perfect,burnout,180,0,177,3,3,23,4.06,0.169,sustainable,3540.0,354.0
cautious,burnout,180,0,126,54,36,18,0,0.183,returning,1179.36,126.0
balanced,burnout,180,0,137,43,33,20,2.61,0.179,sustainable,2685.2,274.0
chaotic,burnout,180,0,90,90,44,12,0,0.181,sustainable,2797.2,270.0
high_skip,burnout,180,0,39,141,34,6,0,0.231,returning,368.16,39.0
returning,burnout,180,0,111,69,42,16,0,0.198,returning,2140.08,222.0
overload,burnout,180,0,150,30,25,39,76.0,0.175,returning,5777.0,530.0
optimizer,burnout,180,0,172,8,7,24,0.3,0.194,integrated,5242.56,516.0
low_energy,burnout,180,0,85,95,42,31,0,0.188,returning,778.6,85.0
adversarial,burnout,180,0,119,61,41,41,73.49,0.178,returning,5982.9,539.0
perfect,potential,180,0,178,2,2,24,4.06,0.169,integrated,3560.0,356.0
cautious,potential,180,0,108,72,35,16,0,0.185,returning,1010.88,108.0
balanced,potential,180,0,141,39,31,21,2.61,0.188,sustainable,2763.6,282.0
chaotic,potential,180,0,93,87,45,16,4.0,0.176,integrated,2890.44,279.0
high_skip,potential,180,0,45,135,33,4,0,0.311,returning,424.8,45.0
returning,potential,180,0,99,81,43,12,0.58,0.182,sustainable,1908.72,198.0
overload,potential,180,0,164,16,15,46,67.26,0.171,sustainable,6234.8,572.0
optimizer,potential,180,0,172,8,8,22,21.88,0.198,integrated,5242.56,516.0
low_energy,potential,180,0,92,88,42,36,0,0.185,returning,842.72,92.0
adversarial,potential,180,0,127,53,36,45,74.99,0.178,returning,6304.8,568.0
perfect,return,180,0,179,1,1,25,4.06,0.168,integrated,3580.0,358.0
cautious,return,180,0,115,65,46,20,0,0.2,returning,1076.4,115.0
balanced,return,180,0,141,39,32,16,0.52,0.191,sustainable,2763.6,282.0
chaotic,return,180,0,97,83,39,17,0,0.175,integrated,3014.76,291.0
high_skip,return,180,0,53,127,40,7,0,0.245,returning,500.32,53.0
returning,return,180,0,100,80,48,11,0.29,0.18,sustainable,1928.0,200.0
overload,return,180,0,160,20,19,44,74.11,0.171,returning,6169.4,566.0
optimizer,return,180,0,171,9,9,25,7.83,0.197,integrated,5212.08,513.0
low_energy,return,180,0,88,92,48,28,0,0.205,returning,806.08,88.0
adversarial,return,180,0,126,54,36,45,76.4,0.173,returning,6338.1,571.0
perfect,lost,30,1,29,1,1,4,1.62,0.172,open,580.0,58.0
cautious,lost,30,1,20,10,5,4,0,0.2,returning,187.2,20.0
balanced,lost,30,1,25,5,4,4,0,0.18,returning,490.0,50.0
chaotic,lost,30,1,23,7,6,2,11.62,0.188,returning,714.84,69.0
high_skip,lost,30,1,9,21,6,2,0,0.333,returning,84.96,9.0
returning,lost,30,1,16,14,10,4,0.29,0.219,returning,308.48,32.0
overload,lost,30,1,25,5,4,3,64.85,0.19,returning,1090.0,100.0
optimizer,lost,30,1,27,3,2,4,0,0.198,open,822.96,81.0
low_energy,lost,30,1,13,17,10,5,0,0.308,returning,119.08,13.0
adversarial,lost,30,1,18,12,7,3,51.91,0.189,returning,999.0,90.0
perfect,burnout,30,1,30,0,0,4,1.62,0.167,open,600.0,60.0
cautious,burnout,30,1,19,11,7,2,0,0.263,returning,177.84,19.0
balanced,burnout,30,1,20,10,6,2,0.52,0.2,returning,392.0,40.0
chaotic,burnout,30,1,18,12,8,2,5.8,0.185,returning,559.44,54.0
high_skip,burnout,30,1,9,21,7,1,0,0.333,returning,84.96,9.0
returning,burnout,30,1,19,11,8,3,0,0.211,returning,366.32,38.0
overload,burnout,30,1,26,4,4,3,75.11,0.178,returning,1100.9,101.0
optimizer,burnout,30,1,27,3,3,4,3.13,0.198,open,822.96,81.0
low_energy,burnout,30,1,16,14,7,6,0,0.25,returning,146.56,16.0
adversarial,burnout,30,1,20,10,7,3,69.33,0.2,returning,1054.5,95.0
perfect,potential,30,1,30,0,0,4,1.62,0.167,open,600.0,60.0
cautious,potential,30,1,16,14,7,2,0,0.312,returning,149.76,16.0
balanced,potential,30,1,23,7,6,2,1.04,0.217,returning,450.8,46.0
chaotic,potential,30,1,13,17,8,1,0,0.205,returning,404.04,39.0
high_skip,potential,30,1,10,20,6,0,0,0.4,returning,94.4,10.0
returning,potential,30,1,20,10,8,3,0,0.2,returning,385.6,40.0
overload,potential,30,1,28,2,2,4,72.09,0.171,overloaded,1209.9,111.0
optimizer,potential,30,1,26,4,4,4,3.13,0.192,returning,792.48,78.0
low_energy,potential,30,1,15,15,7,1,0,0.2,returning,137.4,15.0
adversarial,potential,30,1,18,12,7,3,51.91,0.178,returning,999.0,90.0
perfect,return,30,1,30,0,0,4,1.62,0.167,open,600.0,60.0
cautious,return,30,1,18,12,8,1,0,0.222,returning,168.48,18.0
balanced,return,30,1,22,8,5,3,1.04,0.227,returning,431.2,44.0
chaotic,return,30,1,13,17,7,2,2.0,0.231,returning,404.04,39.0
high_skip,return,30,1,9,21,4,2,0,0.222,returning,84.96,9.0
returning,return,30,1,19,11,7,3,0,0.237,returning,366.32,38.0
overload,return,30,1,27,3,2,3,76.66,0.178,overloaded,1166.3,107.0
optimizer,return,30,1,27,3,2,4,3.13,0.198,open,822.96,81.0
low_energy,return,30,1,12,18,9,6,0,0.333,returning,109.92,12.0
adversarial,return,30,1,19,11,6,4,49.13,0.179,returning,1054.5,95.0
perfect,lost,90,1,89,1,1,12,4.87,0.169,open,1780.0,178.0
cautious,lost,90,1,58,32,23,7,0,0.224,returning,542.88,58.0
balanced,lost,90,1,66,24,18,9,0,0.189,returning,1293.6,132.0
chaotic,lost,90,1,46,44,25,7,0,0.196,returning,1429.68,138.0
high_skip,lost,90,1,21,69,15,4,0,0.238,returning,198.24,21.0
returning,lost,90,1,45,45,23,4,0,0.189,returning,867.6,90.0
overload,lost,90,1,81,9,7,20,71.22,0.186,returning,3171.9,291.0
optimizer,lost,90,1,84,6,4,11,9.4,0.194,sustainable,2560.32,252.0
low_energy,lost,90,1,48,42,24,22,0,0.208,returning,439.68,48.0
adversarial,lost,90,1,66,24,20,22,68.05,0.177,sustainable,3318.9,299.0
perfect,burnout,90,1,90,0,0,12,4.87,0.167,open,1800.0,180.0
cautious,burnout,90,1,55,35,20,6,0,0.218,returning,514.8,55.0
balanced,burnout,90,1,68,22,16,7,3.13,0.199,returning,1332.8,136.0
chaotic,burnout,90,1,40,50,19,7,3.6,0.2,returning,1243.2,120.0
high_skip,burnout,90,1,21,69,19,1,0,0.333,returning,198.24,21.0
returning,burnout,90,1,61,29,22,10,0.58,0.205,returning,1176.08,122.0
overload,burnout,90,1,83,7,5,21,77.97,0.172,returning,3237.3,297.0
optimizer,burnout,90,1,83,7,7,11,9.02,0.193,sustainable,2529.84,249.0
low_energy,burnout,90,1,45,45,20,17,0,0.2,returning,412.2,45.0
adversarial,burnout,90,1,64,26,18,22,67.04,0.186,sustainable,3285.6,296.0
perfect,potential,90,1,89,1,1,12,4.87,0.169,sustainable,1780.0,178.0
cautious,potential,90,1,52,38,21,7,0,0.212,returning,486.72,52.0
balanced,potential,90,1,73,17,13,9,0.52,0.178,returning,1430.8,146.0
chaotic,potential,90,1,45,45,19,5,2.0,0.178,sustainable,1398.6,135.0
high_skip,potential,90,1,19,71,15,1,0,0.316,returning,179.36,19.0
returning,potential,90,1,50,40,24,4,0,0.19,returning,964.0,100.0
overload,potential,90,1,77,13,11,18,77.36,0.184,returning,3084.7,283.0
optimizer,potential,90,1,85,5,4,12,5.63,0.196,sustainable,2590.8,255.0
low_energy,potential,90,1,41,49,24,14,0,0.195,returning,375.56,41.0
adversarial,potential,90,1,65,25,18,22,67.05,0.18,sustainable,3330.0,300.0
perfect,return,90,1,89,1,1,12,4.87,0.169,sustainable,1780.0,178.0
cautious,return,90,1,64,26,17,11,0,0.188,returning,599.04,64.0
balanced,return,90,1,71,19,11,10,2.09,0.19,returning,1391.6,142.0
chaotic,return,90,1,52,38,21,7,12.01,0.179,sustainable,1616.16,156.0
high_skip,return,90,1,18,72,17,2,0,0.278,returning,169.92,18.0
returning,return,90,1,44,46,20,3,0,0.239,returning,848.32,88.0
overload,return,90,1,80,10,10,19,76.85,0.174,returning,3139.2,288.0
optimizer,return,90,1,85,5,5,11,12.83,0.192,sustainable,2590.8,255.0
low_energy,return,90,1,46,44,24,15,0,0.217,returning,421.36,46.0
adversarial,return,90,1,65,25,21,21,75.64,0.171,returning,3307.8,298.0
perfect,lost,180,1,180,0,0,25,4.06,0.167,integrated,3600.0,360.0
cautious,lost,180,1,109,71,44,21,0,0.193,returning,1020.24,109.0
balanced,lost,180,1,145,35,30,22,2.61,0.186,sustainable,2842.0,290.0
chaotic,lost,180,1,78,102,48,19,6.0,0.179,sustainable,2424.24,234.0
high_skip,lost,180,1,36,144,30,3,0,0.278,returning,339.84,36.0
returning,lost,180,1,99,81,42,9,0.29,0.182,sustainable,1908.72,198.0
overload,lost,180,1,163,17,15,46,74.59,0.174,returning,6332.9,581.0
optimizer,lost,180,1,170,10,9,25,7.83,0.198,integrated,5181.6,510.0
low_energy,lost,180,1,86,94,40,24,0,0.186,returning,787.76,86.0
adversarial,lost,180,1,119,61,44,41,67.69,0.178,sustainable,5994.0,540.0
perfect,burnout,180,1,180,0,0,25,4.06,0.167,sustainable,3600.0,360.0
cautious,burnout,180,1,113,67,42,15,0,0.186,returning,1057.68,113.0
balanced,burnout,180,1,143,37,26,21,0.52,0.189,sustainable,2802.8,286.0
chaotic,burnout,180,1,91,89,40,12,10.0,0.183,sustainable,2828.28,273.0
high_skip,burnout,180,1,43,137,33,3,0,0.279,returning,405.92,43.0
returning,burnout,180,1,103,77,47,17,0.29,0.175,returning,1985.84,206.0
overload,burnout,180,1,166,14,14,48,73.6,0.173,returning,6409.2,588.0
optimizer,burnout,180,1,167,13,12,25,7.83,0.198,integrated,5090.16,501.0
low_energy,burnout,180,1,82,98,43,29,0,0.22,returning,751.12,82.0
adversarial,burnout,180,1,130,50,36,48,68.83,0.173,sustainable,6426.9,579.0
perfect,potential,180,1,179,1,1,25,4.06,0.168,integrated,3580.0,358.0
cautious,potential,180,1,119,61,43,19,0,0.185,returning,1113.84,119.0
balanced,potential,180,1,145,35,26,20,2.09,0.176,sustainable,2842.0,290.0
chaotic,potential,180,1,103,77,54,17,4.0,0.178,integrated,3201.24,309.0
high_skip,potential,180,1,47,133,35,7,0,0.255,returning,443.68,47.0
returning,potential,180,1,101,79,42,14,0,0.183,sustainable,1947.28,202.0
overload,potential,180,1,163,17,16,46,69.3,0.175,sustainable,6278.4,576.0
optimizer,potential,180,1,161,19,16,20,7.83,0.195,integrated,4907.28,483.0
low_energy,potential,180,1,82,98,41,31,0,0.207,returning,751.12,82.0
adversarial,potential,180,1,125,55,36,45,76.61,0.173,returning,6360.3,573.0
perfect,return,180,1,178,2,2,24,4.06,0.169,integrated,3560.0,356.0
cautious,return,180,1,118,62,41,19,0,0.186,returning,1104.48,118.0
balanced,return,180,1,146,34,28,21,1.57,0.178,sustainable,2861.6,292.0
chaotic,return,180,1,76,104,39,12,2.0,0.171,sustainable,2362.08,228.0
high_skip,return,180,1,55,125,46,10,0,0.218,returning,519.2,55.0
returning,return,180,1,100,80,48,16,0,0.2,sustainable,1928.0,200.0
overload,return,180,1,158,22,18,44,68.65,0.186,sustainable,6158.5,565.0
optimizer,return,180,1,166,14,14,25,4.7,0.197,integrated,5059.68,498.0
low_energy,return,180,1,81,99,44,25,0,0.21,returning,741.96,81.0
adversarial,return,180,1,132,48,35,50,68.3,0.174,sustainable,6648.9,599.0
perfect,lost,30,2,30,0,0,4,1.62,0.167,open,600.0,60.0
cautious,lost,30,2,18,12,7,3,0,0.222,returning,168.48,18.0
balanced,lost,30,2,20,10,8,4,0.52,0.2,returning,392.0,40.0
chaotic,lost,30,2,15,15,7,2,4.0,0.2,returning,466.2,45.0
high_skip,lost,30,2,5,25,5,1,0,0.2,returning,47.2,5.0
returning,lost,30,2,13,17,6,2,0,0.308,returning,250.64,26.0
overload,lost,30,2,29,1,1,4,76.41,0.177,overloaded,1231.7,113.0
optimizer,lost,30,2,29,1,1,4,3.13,0.195,open,883.92,87.0
low_energy,lost,30,2,11,19,8,5,0,0.364,returning,100.76,11.0
adversarial,lost,30,2,25,5,5,6,69.22,0.185,returning,1320.9,119.0
perfect,burnout,30,2,30,0,0,4,1.62,0.167,open,600.0,60.0
cautious,burnout,30,2,19,11,7,2,0,0.211,returning,177.84,19.0
balanced,burnout,30,2,21,9,5,2,0,0.214,returning,411.6,42.0
chaotic,burnout,30,2,19,11,9,1,12.82,0.175,returning,590.52,57.0
high_skip,burnout,30,2,11,19,8,1,0,0.273,returning,103.84,11.0
returning,burnout,30,2,19,11,5,2,0.58,0.237,returning,366.32,38.0
overload,burnout,30,2,30,0,0,5,75.67,0.175,overloaded,1242.6,114.0
optimizer,burnout,30,2,29,1,1,4,9.21,0.184,open,883.92,87.0
low_energy,burnout,30,2,11,19,4,3,0,0.273,returning,100.76,11.0
adversarial,burnout,30,2,22,8,6,4,75.97,0.179,returning,1176.6,106.0
perfect,potential,30,2,29,1,0,4,0,0.172,open,580.0,58.0
cautious,potential,30,2,15,15,8,0,0,0.333,returning,140.4,15.0
balanced,potential,30,2,22,8,5,3,1.04,0.205,returning,431.2,44.0
chaotic,potential,30,2,19,11,8,2,2.0,0.193,returning,590.52,57.0
high_skip,potential,30,2,7,23,5,1,0,0.286,returning,66.08,7.0
returning,potential,30,2,18,12,8,3,0.29,0.25,returning,347.04,36.0
overload,potential,30,2,29,1,1,4,76.41,0.177,overloaded,1231.7,113.0
optimizer,potential,30,2,27,3,3,4,3.13,0.198,open,822.96,81.0
low_energy,potential,30,2,15,15,9,7,0,0.267,returning,137.4,15.0
adversarial,potential,30,2,22,8,7,4,71.38,0.194,returning,1198.8,108.0
perfect,return,30,2,30,0,0,4,1.62,0.167,open,600.0,60.0
cautious,return,30,2,22,8,6,2,0,0.227,returning,205.92,22.0
balanced,return,30,2,23,7,5,4,0.52,0.196,returning,450.8,46.0
chaotic,return,30,2,12,18,5,1,0,0.194,returning,372.96,36.0
high_skip,return,30,2,8,22,6,1,0,0.375,returning,75.52,8.0
returning,return,30,2,15,15,8,3,0,0.233,returning,289.2,30.0
overload,return,30,2,24,6,4,4,47.42,0.188,returning,1046.4,96.0
optimizer,return,30,2,28,2,2,4,3.13,0.19,open,853.44,84.0
low_energy,return,30,2,10,20,7,4,0,0.3,returning,91.6,10.0
adversarial,return,30,2,22,8,7,4,73.78,0.182,returning,1221.0,110.0
perfect,lost,90,2,90,0,0,12,4.87,0.167,open,1800.0,180.0
cautious,lost,90,2,57,33,21,7,0,0.193,returning,533.52,57.0
balanced,lost,90,2,61,29,21,8,0.52,0.197,returning,1195.6,122.0
chaotic,lost,90,2,41,49,25,7,9.41,0.203,returning,1274.28,123.0
high_skip,lost,90,2,27,63,17,4,0,0.259,returning,254.88,27.0
returning,lost,90,2,59,31,21,8,0,0.195,returning,1137.52,118.0
overload,lost,90,2,78,12,10,19,69.27,0.172,sustainable,3106.5,285.0
optimizer,lost,90,2,84,6,6,12,4.06,0.19,sustainable,2560.32,252.0
low_energy,lost,90,2,41,49,21,16,0,0.22,returning,375.56,41.0
adversarial,lost,90,2,64,26,17,20,76.02,0.172,returning,3230.1,291.0
perfect,burnout,90,2,90,0,0,12,4.87,0.167,open,1800.0,180.0
cautious,burnout,90,2,62,28,19,7,0,0.194,returning,580.32,62.0
balanced,burnout,90,2,68,22,18,9,1.57,0.176,returning,1332.8,136.0
chaotic,burnout,90,2,40,50,22,7,3.6,0.2,returning,1243.2,120.0
high_skip,burnout,90,2,18,72,15,2,0,0.278,returning,169.92,18.0
returning,burnout,90,2,53,37,21,9,0.29,0.198,returning,1021.84,106.0
overload,burnout,90,2,82,8,7,21,71.54,0.181,returning,3193.7,293.0
optimizer,burnout,90,2,83,7,6,12,9.4,0.193,sustainable,2529.84,249.0
low_energy,burnout,90,2,48,42,22,13,0,0.208,returning,439.68,48.0
adversarial,burnout,90,2,58,32,25,17,69.12,0.175,sustainable,2919.3,263.0
perfect,potential,90,2,89,1,1,12,4.87,0.169,sustainable,1780.0,178.0
cautious,potential,90,2,57,33,22,9,0,0.193,returning,533.52,57.0
balanced,potential,90,2,63,27,20,8,1.57,0.175,returning,1234.8,126.0
chaotic,potential,90,2,37,53,23,5,4.0,0.207,returning,1149.96,111.0
high_skip,potential,90,2,20,70,16,3,0,0.3,returning,188.8,20.0
returning,potential,90,2,64,26,20,9,1.45,0.195,returning,1233.92,128.0
overload,potential,90,2,80,10,10,20,69.02,0.172,sustainable,3171.9,291.0
optimizer,potential,90,2,88,2,2,12,9.4,0.193,sustainable,2682.24,264.0
low_energy,potential,90,2,46,44,21,16,0,0.174,returning,421.36,46.0
adversarial,potential,90,2,65,25,21,22,69.46,0.179,sustainable,3352.2,302.0
perfect,return,90,2,89,1,1,11,4.87,0.169,open,1780.0,178.0
cautious,return,90,2,62,28,19,12,0,0.194,returning,580.32,62.0
balanced,return,90,2,67,23,19,11,1.57,0.172,returning,1313.2,134.0
chaotic,return,90,2,37,53,21,5,7.8,0.189,returning,1149.96,111.0
high_skip,return,90,2,18,72,15,3,0,0.278,returning,169.92,18.0
returning,return,90,2,56,34,20,9,0,0.179,returning,1079.68,112.0
overload,return,90,2,79,11,11,19,73.59,0.178,returning,3128.3,287.0
optimizer,return,90,2,83,7,6,11,12.83,0.193,sustainable,2529.84,249.0
low_energy,return,90,2,45,45,24,11,0,0.2,returning,412.2,45.0
adversarial,return,90,2,68,22,17,23,75.89,0.18,returning,3452.1,311.0
perfect,lost,180,2,180,0,0,25,4.06,0.167,integrated,3600.0,360.0
cautious,lost,180,2,107,73,41,14,0,0.187,returning,1001.52,107.0
balanced,lost,180,2,139,41,31,21,0.52,0.18,sustainable,2724.4,278.0
chaotic,lost,180,2,94,86,44,13,2.0,0.177,integrated,2921.52,282.0
high_skip,lost,180,2,42,138,33,6,0,0.214,returning,396.48,42.0
returning,lost,180,2,107,73,46,12,0,0.206,sustainable,2062.96,214.0
overload,lost,180,2,159,21,18,43,69.15,0.174,sustainable,6027.7,553.0
optimizer,lost,180,2,169,11,11,24,7.83,0.195,integrated,5151.12,507.0
low_energy,lost,180,2,76,104,41,30,0,0.184,returning,696.16,76.0
adversarial,lost,180,2,120,60,42,41,77.11,0.174,returning,6060.6,546.0
perfect,burnout,180,2,176,4,4,24,4.06,0.17,sustainable,3520.0,352.0
cautious,burnout,180,2,118,62,47,17,0,0.203,returning,1104.48,118.0
balanced,burnout,180,2,148,32,27,19,2.09,0.179,sustainable,2900.8,296.0
chaotic,burnout,180,2,92,88,45,10,0,0.178,sustainable,2859.36,276.0
high_skip,burnout,180,2,39,141,30,4,0,0.256,returning,368.16,39.0
returning,burnout,180,2,102,78,49,16,0,0.181,returning,1966.56,204.0
overload,burnout,180,2,151,29,22,40,74.61,0.171,returning,5853.3,537.0
optimizer,burnout,180,2,167,13,13,25,4.06,0.198,integrated,5090.16,501.0
low_energy,burnout,180,2,74,106,42,27,0,0.23,returning,677.84,74.0
adversarial,burnout,180,2,124,56,40,45,74.18,0.178,returning,6293.7,567.0
perfect,potential,180,2,178,2,2,25,4.06,0.169,integrated,3560.0,356.0
cautious,potential,180,2,105,75,45,13,0,0.19,returning,982.8,105.0
balanced,potential,180,2,133,47,32,20,0,0.184,sustainable,2606.8,266.0
chaotic,potential,180,2,83,97,45,13,0,0.177,sustainable,2579.64,249.0
high_skip,potential,180,2,45,135,33,8,0,0.222,returning,424.8,45.0
returning,potential,180,2,113,67,41,15,0.29,0.186,sustainable,2178.64,226.0
overload,potential,180,2,157,23,19,42,69.4,0.177,sustainable,5962.3,547.0
optimizer,potential,180,2,170,10,10,24,7.83,0.196,integrated,5181.6,510.0
low_energy,potential,180,2,100,80,44,34,0,0.2,returning,916.0,100.0
adversarial,potential,180,2,125,55,39,46,66.81,0.172,sustainable,6371.4,574.0
perfect,return,180,2,179,1,1,25,4.06,0.168,integrated,3580.0,358.0
cautious,return,180,2,110,70,40,17,0,0.209,returning,1029.6,110.0
balanced,return,180,2,141,39,31,22,0,0.177,sustainable,2763.6,282.0
chaotic,return,180,2,106,74,41,15,5.8,0.176,integrated,3294.48,318.0
high_skip,return,180,2,51,129,40,7,0,0.255,returning,481.44,51.0
returning,return,180,2,102,78,44,17,0.29,0.181,sustainable,1966.56,204.0
overload,return,180,2,163,17,17,45,76.06,0.175,returning,6234.8,572.0
optimizer,return,180,2,166,14,14,23,4.06,0.197,integrated,5059.68,498.0
low_energy,return,180,2,83,97,41,29,0,0.193,returning,760.28,83.0
adversarial,return,180,2,131,49,35,49,71.28,0.177,returning,6582.3,593.0
perfect,lost,30,3,29,1,1,4,1.62,0.172,open,580.0,58.0
cautious,lost,30,3,22,8,7,2,0,0.227,returning,205.92,22.0
balanced,lost,30,3,24,6,4,4,1.04,0.208,returning,470.4,48.0
chaotic,lost,30,3,18,12,6,4,0,0.167,returning,559.44,54.0
high_skip,lost,30,3,6,24,5,0,0,0.333,returning,56.64,6.0
returning,lost,30,3,17,13,8,2,0.58,0.235,returning,327.76,34.0
overload,lost,30,3,26,4,4,3,71.28,0.183,returning,1133.6,104.0
optimizer,lost,30,3,27,3,3,4,3.13,0.198,open,822.96,81.0
low_energy,lost,30,3,16,14,7,4,0,0.25,returning,146.56,16.0
adversarial,lost,30,3,18,12,8,3,51.91,0.189,returning,999.0,90.0
perfect,burnout,30,3,30,0,0,4,1.62,0.167,open,600.0,60.0
cautious,burnout,30,3,18,12,9,3,0,0.222,returning,168.48,18.0
balanced,burnout,30,3,28,2,2,2,1.04,0.179,open,548.8,56.0
chaotic,burnout,30,3,13,17,8,2,2.0,0.205,returning,404.04,39.0
high_skip,burnout,30,3,7,23,5,1,0,0.286,returning,66.08,7.0
returning,burnout,30,3,17,13,8,2,0.29,0.206,returning,327.76,34.0
overload,burnout,30,3,29,1,1,5,72.41,0.168,overloaded,1231.7,113.0
optimizer,burnout,30,3,29,1,1,4,9.21,0.184,open,883.92,87.0
low_energy,burnout,30,3,17,13,10,9,0,0.235,returning,155.72,17.0
adversarial,burnout,30,3,22,8,6,5,66.17,0.187,returning,1187.7,107.0
perfect,potential,30,3,30,0,0,4,1.62,0.167,open,600.0,60.0
cautious,potential,30,3,18,12,9,4,0,0.222,returning,168.48,18.0
balanced,potential,30,3,21,9,5,3,0,0.19,returning,411.6,42.0
chaotic,potential,30,3,14,16,10,3,0,0.214,returning,435.12,42.0
high_skip,potential,30,3,5,25,4,2,0,0.4,returning,47.2,5.0
returning,potential,30,3,16,14,9,3,0.29,0.25,returning,308.48,32.0
overload,potential,30,3,27,3,3,4,65.66,0.168,open,1166.3,107.0
optimizer,potential,30,3,29,1,1,4,3.13,0.195,open,883.92,87.0
low_energy,potential,30,3,13,17,6,7,0,0.308,returning,119.08,13.0
adversarial,potential,30,3,19,11,5,2,69.93,0.191,returning,1043.4,94.0
perfect,return,30,3,30,0,0,4,1.62,0.167,open,600.0,60.0
cautious,return,30,3,20,10,8,2,0,0.25,returning,187.2,20.0
balanced,return,30,3,26,4,4,4,1.04,0.173,returning,509.6,52.0
chaotic,return,30,3,15,15,9,3,2.0,0.222,returning,466.2,45.0
high_skip,return,30,3,9,21,7,0,0,0.222,returning,84.96,9.0
returning,return,30,3,14,16,8,1,0.29,0.25,returning,269.92,28.0
overload,return,30,3,27,3,2,3,76.66,0.178,overloaded,1166.3,107.0
optimizer,return,30,3,28,2,2,4,3.13,0.19,open,853.44,84.0
low_energy,return,30,3,18,12,9,7,0,0.222,returning,164.88,18.0
adversarial,return,30,3,22,8,6,4,68.97,0.179,returning,1176.6,106.0
perfect,lost,90,3,89,1,1,12,4.87,0.169,open,1780.0,178.0
cautious,lost,90,3,42,48,25,8,0,0.286,returning,393.12,42.0
balanced,lost,90,3,78,12,12,9,2.61,0.173,returning,1528.8,156.0
chaotic,lost,90,3,43,47,23,8,1.6,0.209,returning,1336.44,129.0
high_skip,lost,90,3,22,68,13,1,0,0.364,returning,207.68,22.0
returning,lost,90,3,59,31,20,8,0.87,0.212,returning,1137.52,118.0
overload,lost,90,3,83,7,7,21,73.09,0.177,returning,3259.1,299.0
optimizer,lost,90,3,88,2,2,12,9.4,0.193,sustainable,2682.24,264.0
low_energy,lost,90,3,45,45,21,15,0,0.222,returning,412.2,45.0
adversarial,lost,90,3,63,27,20,20,71.41,0.176,returning,3207.9,289.0
perfect,burnout,90,3,90,0,0,12,4.87,0.167,open,1800.0,180.0
cautious,burnout,90,3,55,35,21,10,0,0.218,returning,514.8,55.0
balanced,burnout,90,3,72,18,13,11,3.13,0.174,returning,1411.2,144.0
chaotic,burnout,90,3,43,47,24,3,2.0,0.202,returning,1336.44,129.0
high_skip,burnout,90,3,26,64,22,4,0,0.269,returning,245.44,26.0
returning,burnout,90,3,49,41,26,3,0.29,0.204,returning,944.72,98.0
overload,burnout,90,3,79,11,8,19,76.36,0.173,returning,3084.7,283.0
optimizer,burnout,90,3,87,3,3,12,7.64,0.192,sustainable,2651.76,261.0
low_energy,burnout,90,3,44,46,22,16,0,0.205,returning,403.04,44.0
adversarial,burnout,90,3,62,28,20,20,70.19,0.176,returning,3152.4,284.0
perfect,potential,90,3,89,1,1,12,4.87,0.169,sustainable,1780.0,178.0
cautious,potential,90,3,57,33,21,9,0,0.193,returning,533.52,57.0
balanced,potential,90,3,77,13,8,11,0.41,0.182,returning,1509.2,154.0
chaotic,potential,90,3,48,42,23,7,13.41,0.174,sustainable,1491.84,144.0
high_skip,potential,90,3,16,74,12,1,0,0.25,returning,151.04,16.0
returning,potential,90,3,56,34,21,8,0,0.188,returning,1079.68,112.0
overload,potential,90,3,81,9,7,20,73.34,0.177,returning,3193.7,293.0
optimizer,potential,90,3,83,7,6,10,9.4,0.193,sustainable,2529.84,249.0
low_energy,potential,90,3,39,51,21,15,0,0.231,returning,357.24,39.0
adversarial,potential,90,3,61,29,17,20,67.01,0.176,sustainable,3207.9,289.0
perfect,return,90,3,88,2,2,11,4.87,0.17,open,1760.0,176.0
cautious,return,90,3,49,41,24,7,0,0.245,returning,458.64,49.0
balanced,return,90,3,65,25,20,6,0.52,0.192,returning,1274.0,130.0
chaotic,return,90,3,43,47,28,7,2.0,0.178,returning,1336.44,129.0
high_skip,return,90,3,23,67,18,0,0,0.217,returning,217.12,23.0
returning,return,90,3,48,42,22,6,0,0.177,returning,925.44,96.0
overload,return,90,3,82,8,8,20,76.6,0.17,returning,3204.6,294.0
optimizer,return,90,3,84,6,5,11,9.4,0.194,sustainable,2560.32,252.0
low_energy,return,90,3,45,45,24,16,0,0.222,returning,412.2,45.0
adversarial,return,90,3,58,32,19,17,70.55,0.174,returning,2997.0,270.0
perfect,lost,180,3,178,2,2,25,4.06,0.169,integrated,3560.0,356.0
cautious,lost,180,3,119,61,39,15,0,0.193,returning,1113.84,119.0
balanced,lost,180,3,145,35,29,19,2.61,0.176,sustainable,2842.0,290.0
chaotic,lost,180,3,79,101,47,13,8.0,0.177,sustainable,2455.32,237.0
high_skip,lost,180,3,50,130,38,7,0,0.26,returning,472.0,50.0
returning,lost,180,3,115,65,41,13,0,0.174,sustainable,2217.2,230.0
overload,lost,180,3,151,29,25,40,68.67,0.175,sustainable,5864.2,538.0
optimizer,lost,180,3,173,7,7,23,10.88,0.197,integrated,5273.04,519.0
low_energy,lost,180,3,69,111,45,25,0,0.203,returning,632.04,69.0
adversarial,lost,180,3,133,47,40,50,77.91,0.171,returning,6704.4,604.0
perfect,burnout,180,3,178,2,2,25,4.06,0.169,sustainable,3560.0,356.0
cautious,burnout,180,3,122,58,36,17,0,0.197,returning,1141.92,122.0
balanced,burnout,180,3,146,34,26,22,2.61,0.175,sustainable,2861.6,292.0
chaotic,burnout,180,3,94,86,50,10,3.01,0.17,sustainable,2921.52,282.0
high_skip,burnout,180,3,49,131,37,9,0,0.224,returning,462.56,49.0
returning,burnout,180,3,104,76,39,15,1.45,0.188,returning,2005.12,208.0
overload,burnout,180,3,166,14,11,48,68.31,0.175,sustainable,6354.7,583.0
optimizer,burnout,180,3,173,7,7,24,4.06,0.195,integrated,5273.04,519.0
low_energy,burnout,180,3,78,102,47,26,0,0.231,returning,714.48,78.0
adversarial,burnout,180,3,129,51,35,48,76.25,0.17,returning,6515.7,587.0
perfect,potential,180,3,176,4,4,25,4.06,0.17,integrated,3520.0,352.0
cautious,potential,180,3,108,72,41,14,0,0.204,returning,1010.88,108.0
balanced,potential,180,3,143,37,28,22,2.09,0.178,sustainable,2802.8,286.0
chaotic,potential,180,3,104,76,40,13,13.61,0.176,integrated,3232.32,312.0
high_skip,potential,180,3,39,141,29,5,0,0.256,returning,368.16,39.0
returning,potential,180,3,110,70,46,11,0,0.195,sustainable,2120.8,220.0
overload,potential,180,3,158,22,19,43,75.42,0.171,returning,6114.9,561.0
optimizer,potential,180,3,166,14,14,21,22.11,0.197,integrated,5059.68,498.0
low_energy,potential,180,3,93,87,46,31,0,0.226,returning,851.88,93.0
adversarial,potential,180,3,124,56,35,44,73.37,0.178,returning,6249.3,563.0
perfect,return,180,3,179,1,1,25,4.06,0.168,integrated,3580.0,358.0
cautious,return,180,3,110,70,42,16,0,0.191,returning,1029.6,110.0
balanced,return,180,3,142,38,30,18,0.52,0.183,sustainable,2783.2,284.0
chaotic,return,180,3,101,79,44,10,2.0,0.178,integrated,3139.08,303.0
high_skip,return,180,3,43,137,30,7,0,0.233,returning,405.92,43.0
returning,return,180,3,98,82,47,10,0,0.179,sustainable,1889.44,196.0
overload,return,180,3,154,26,25,41,75.92,0.175,returning,5984.1,549.0
optimizer,return,180,3,169,11,10,22,9.84,0.195,integrated,5151.12,507.0
low_energy,return,180,3,84,96,41,26,0,0.19,returning,769.44,84.0
adversarial,return,180,3,131,49,37,49,73.49,0.176,returning,6615.6,596.0
perfect,lost,30,4,30,0,0,4,1.62,0.167,open,600.0,60.0
cautious,lost,30,4,17,13,6,1,0,0.235,returning,159.12,17.0
balanced,lost,30,4,22,8,5,4,1.04,0.182,returning,431.2,44.0
chaotic,lost,30,4,16,14,6,2,0,0.188,returning,497.28,48.0
high_skip,lost,30,4,11,19,4,0,0,0.273,returning,103.84,11.0
returning,lost,30,4,15,15,6,3,0.58,0.267,returning,289.2,30.0
overload,lost,30,4,27,3,2,4,66.72,0.176,open,1177.2,108.0
optimizer,lost,30,4,30,0,0,4,5.98,0.189,open,914.4,90.0
low_energy,lost,30,4,11,19,7,4,0,0.273,returning,100.76,11.0
adversarial,lost,30,4,23,7,6,5,68.6,0.186,returning,1254.3,113.0
perfect,burnout,30,4,29,1,1,3,1.62,0.172,open,580.0,58.0
cautious,burnout,30,4,23,7,6,3,0,0.217,returning,215.28,23.0
balanced,burnout,30,4,22,8,5,3,1.04,0.205,returning,431.2,44.0
chaotic,burnout,30,4,21,9,7,2,10.22,0.19,returning,652.68,63.0
high_skip,burnout,30,4,9,21,7,1,0,0.333,returning,84.96,9.0
returning,burnout,30,4,23,7,6,4,0.58,0.196,returning,443.44,46.0
overload,burnout,30,4,29,1,1,5,71.35,0.17,open,1220.8,112.0
optimizer,burnout,30,4,29,1,1,4,9.21,0.184,open,883.92,87.0
low_energy,burnout,30,4,14,16,7,3,0,0.286,returning,128.24,14.0
adversarial,burnout,30,4,19,11,5,2,75.73,0.183,returning,1032.3,93.0
perfect,potential,30,4,30,0,0,4,1.62,0.167,open,600.0,60.0
cautious,potential,30,4,19,11,7,2,0,0.263,returning,177.84,19.0
balanced,potential,30,4,19,11,7,3,0,0.211,returning,372.4,38.0
chaotic,potential,30,4,15,15,7,2,0,0.2,returning,466.2,45.0
high_skip,potential,30,4,7,23,5,0,0,0.286,returning,66.08,7.0
returning,potential,30,4,15,15,7,2,0.58,0.233,returning,289.2,30.0
overload,potential,30,4,25,5,5,3,64.85,0.18,returning,1090.0,100.0
optimizer,potential,30,4,29,1,1,4,3.13,0.195,open,883.92,87.0
low_energy,potential,30,4,18,12,7,5,0,0.222,returning,164.88,18.0
adversarial,potential,30,4,19,11,8,3,61.53,0.179,returning,1054.5,95.0
perfect,return,30,4,30,0,0,4,1.62,0.167,open,600.0,60.0
cautious,return,30,4,15,15,6,3,0,0.2,returning,140.4,15.0
balanced,return,30,4,28,2,2,4,1.04,0.179,open,548.8,56.0
chaotic,return,30,4,16,14,8,2,4.0,0.188,returning,497.28,48.0
high_skip,return,30,4,11,19,9,1,0,0.273,returning,103.84,11.0
returning,return,30,4,16,14,7,3,0,0.188,returning,308.48,32.0
overload,return,30,4,27,3,3,4,66.72,0.167,open,1177.2,108.0
optimizer,return,30,4,28,2,1,3,9.45,0.179,open,853.44,84.0
low_energy,return,30,4,13,17,5,5,0,0.308,returning,119.08,13.0
adversarial,return,30,4,18,12,6,4,40.91,0.189,returning,999.0,90.0
perfect,lost,90,4,87,3,3,12,3.25,0.172,open,1740.0,174.0
cautious,lost,90,4,57,33,20,3,0,0.211,returning,533.52,57.0
balanced,lost,90,4,68,22,17,11,0.41,0.184,returning,1332.8,136.0
chaotic,lost,90,4,52,38,18,8,6.61,0.179,sustainable,1616.16,156.0
high_skip,lost,90,4,17,73,12,2,0,0.294,returning,160.48,17.0
returning,lost,90,4,48,42,22,10,0,0.208,returning,925.44,96.0
overload,lost,90,4,81,9,9,20,75.46,0.176,returning,3215.5,295.0
optimizer,lost,90,4,83,7,7,10,7.83,0.193,sustainable,2529.84,249.0
low_energy,lost,90,4,46,44,22,18,0,0.196,returning,421.36,46.0
adversarial,lost,90,4,62,28,18,18,77.97,0.176,returning,3085.8,278.0
perfect,burnout,90,4,90,0,0,12,4.87,0.167,open,1800.0,180.0
cautious,burnout,90,4,58,32,20,9,0,0.207,returning,542.88,58.0
balanced,burnout,90,4,60,30,23,6,0,0.183,returning,1176.0,120.0
chaotic,burnout,90,4,45,45,19,4,12.01,0.185,returning,1398.6,135.0
high_skip,burnout,90,4,23,67,16,3,0,0.261,returning,217.12,23.0
returning,burnout,90,4,52,38,20,11,0,0.192,returning,1002.56,104.0
overload,burnout,90,4,76,14,11,18,76.52,0.179,returning,3041.1,279.0
optimizer,burnout,90,4,83,7,7,12,3.13,0.193,sustainable,2529.84,249.0
low_energy,burnout,90,4,48,42,26,15,0,0.229,returning,439.68,48.0
adversarial,burnout,90,4,69,21,19,25,67.9,0.171,sustainable,3496.5,315.0
perfect,potential,90,4,89,1,1,12,4.87,0.169,sustainable,1780.0,178.0
cautious,potential,90,4,54,36,18,9,0,0.185,returning,505.44,54.0
balanced,potential,90,4,73,17,14,9,0.41,0.178,returning,1430.8,146.0
chaotic,potential,90,4,45,45,21,4,9.21,0.178,sustainable,1398.6,135.0
high_skip,potential,90,4,24,66,17,3,0,0.25,returning,226.56,24.0
returning,potential,90,4,57,33,20,9,0.29,0.202,returning,1098.96,114.0
overload,potential,90,4,79,11,10,19,76.76,0.172,returning,3161.0,290.0
optimizer,potential,90,4,81,9,7,11,6.26,0.198,sustainable,2468.88,243.0
low_energy,potential,90,4,42,48,27,18,0,0.19,returning,384.72,42.0
adversarial,potential,90,4,66,24,17,22,71.66,0.175,returning,3352.2,302.0
perfect,return,90,4,90,0,0,12,4.87,0.167,sustainable,1800.0,180.0
cautious,return,90,4,62,28,22,11,0,0.194,returning,580.32,62.0
balanced,return,90,4,68,22,16,9,1.57,0.176,returning,1332.8,136.0
chaotic,return,90,4,39,51,22,3,1.8,0.205,returning,1212.12,117.0
high_skip,return,90,4,24,66,19,4,0,0.292,returning,226.56,24.0
returning,return,90,4,54,36,24,8,0,0.185,returning,1041.12,108.0
overload,return,90,4,78,12,10,18,73.92,0.172,returning,3041.1,279.0
optimizer,return,90,4,87,3,2,11,11.64,0.192,sustainable,2651.76,261.0
low_energy,return,90,4,40,50,23,13,0,0.3,returning,366.4,40.0
adversarial,return,90,4,66,24,19,22,69.25,0.177,sustainable,3330.0,300.0
perfect,lost,180,4,178,2,2,25,4.06,0.169,integrated,3560.0,356.0
cautious,lost,180,4,104,76,39,15,0,0.221,returning,973.44,104.0
balanced,lost,180,4,127,53,39,19,1.04,0.181,sustainable,2489.2,254.0
chaotic,lost,180,4,90,90,46,12,0,0.185,sustainable,2797.2,270.0
high_skip,lost,180,4,48,132,38,6,0,0.229,returning,453.12,48.0
returning,lost,180,4,91,89,42,10,0.87,0.181,returning,1754.48,182.0
overload,lost,180,4,153,27,24,40,76.25,0.176,returning,5896.9,541.0
optimizer,lost,180,4,166,14,13,25,7.83,0.199,integrated,5059.68,498.0
low_energy,lost,180,4,88,92,41,30,0,0.182,returning,806.08,88.0
adversarial,lost,180,4,129,51,37,48,75.27,0.179,returning,6571.2,592.0
perfect,burnout,180,4,177,3,3,25,4.06,0.169,sustainable,3540.0,354.0
cautious,burnout,180,4,119,61,38,18,0,0.193,returning,1113.84,119.0
balanced,burnout,180,4,131,49,38,15,0.52,0.183,sustainable,2567.6,262.0
chaotic,burnout,180,4,96,84,51,15,2.0,0.191,sustainable,2983.68,288.0
high_skip,burnout,180,4,45,135,35,7,0,0.2,returning,424.8,45.0
returning,burnout,180,4,95,85,48,13,0,0.2,returning,1831.6,190.0
overload,burnout,180,4,152,28,23,40,71.52,0.177,returning,5798.8,532.0
optimizer,burnout,180,4,164,16,15,22,15.03,0.197,integrated,4998.72,492.0
low_energy,burnout,180,4,84,96,35,30,0,0.226,returning,769.44,84.0
adversarial,burnout,180,4,125,55,40,45,76.38,0.171,returning,6293.7,567.0
perfect,potential,180,4,177,3,3,25,4.06,0.169,integrated,3540.0,354.0
cautious,potential,180,4,108,72,38,15,0,0.204,returning,1010.88,108.0
balanced,potential,180,4,133,47,38,17,0.52,0.177,sustainable,2606.8,266.0
chaotic,potential,180,4,84,96,45,12,0,0.175,sustainable,2610.72,252.0
high_skip,potential,180,4,49,131,40,6,0,0.204,returning,462.56,49.0
returning,potential,180,4,105,75,41,13,0.58,0.176,sustainable,2024.4,210.0
overload,potential,180,4,152,28,24,40,68.76,0.175,sustainable,5842.4,536.0
optimizer,potential,180,4,167,13,11,24,7.83,0.198,integrated,5090.16,501.0
low_energy,potential,180,4,82,98,46,26,0,0.195,returning,751.12,82.0
adversarial,potential,180,4,136,44,32,54,63.18,0.171,sustainable,6926.4,624.0
perfect,return,180,4,178,2,2,24,6.73,0.169,integrated,3560.0,356.0
cautious,return,180,4,122,58,42,17,0,0.197,returning,1141.92,122.0
balanced,return,180,4,146,34,29,19,0,0.178,sustainable,2861.6,292.0
chaotic,return,180,4,89,91,46,11,0,0.184,sustainable,2766.12,267.0
high_skip,return,180,4,49,131,43,12,0,0.245,returning,462.56,49.0
returning,return,180,4,112,68,44,12,0,0.192,sustainable,2159.36,224.0
overload,return,180,4,163,17,15,46,71.41,0.182,returning,6300.2,578.0
optimizer,return,180,4,167,13,12,22,7.83,0.196,integrated,5090.16,501.0
low_energy,return,180,4,102,78,42,37,0,0.206,returning,934.32,102.0
adversarial,return,180,4,129,51,38,47,75.44,0.173,returning,6471.3,583.0
perfect,lost,30,5,30,0,0,4,1.62,0.167,open,600.0,60.0
cautious,lost,30,5,22,8,6,3,0,0.182,returning,205.92,22.0
balanced,lost,30,5,27,3,3,4,1.04,0.185,open,529.2,54.0
chaotic,lost,30,5,12,18,7,1,4.0,0.25,returning,372.96,36.0
high_skip,lost,30,5,8,22,6,1,0,0.25,returning,75.52,8.0
returning,lost,30,5,21,9,7,3,0.29,0.19,returning,404.88,42.0
overload,lost,30,5,29,1,1,4,76.41,0.177,overloaded,1231.7,113.0
optimizer,lost,30,5,29,1,1,4,3.13,0.195,open,883.92,87.0
low_energy,lost,30,5,14,16,8,2,0,0.286,returning,128.24,14.0
adversarial,lost,30,5,24,6,6,5,75.61,0.179,returning,1298.7,117.0
perfect,burnout,30,5,30,0,0,4,1.62,0.167,open,600.0,60.0
cautious,burnout,30,5,19,11,6,3,0,0.263,returning,177.84,19.0
balanced,burnout,30,5,22,8,7,4,0.52,0.205,returning,431.2,44.0
chaotic,burnout,30,5,9,21,6,3,0,0.222,returning,279.72,27.0
high_skip,burnout,30,5,9,21,6,2,0,0.333,returning,84.96,9.0
returning,burnout,30,5,18,12,6,3,0,0.25,returning,347.04,36.0
overload,burnout,30,5,29,1,1,5,72.41,0.177,overloaded,1231.7,113.0
optimizer,burnout,30,5,29,1,1,4,9.21,0.184,open,883.92,87.0
low_energy,burnout,30,5,15,15,8,6,0,0.267,returning,137.4,15.0
adversarial,burnout,30,5,26,4,3,7,73.43,0.177,overloaded,1376.4,124.0
perfect,potential,30,5,30,0,0,4,1.62,0.167,open,600.0,60.0
cautious,potential,30,5,18,12,6,3,0,0.222,returning,168.48,18.0
balanced,potential,30,5,27,3,3,4,0.52,0.185,open,529.2,54.0
chaotic,potential,30,5,15,15,8,1,2.61,0.2,returning,466.2,45.0
high_skip,potential,30,5,8,22,6,0,0,0.375,returning,75.52,8.0
returning,potential,30,5,15,15,5,3,0,0.2,returning,289.2,30.0
overload,potential,30,5,28,2,2,4,72.09,0.18,overloaded,1209.9,111.0
optimizer,potential,30,5,27,3,3,4,3.13,0.198,open,822.96,81.0
low_energy,potential,30,5,13,17,10,3,0,0.385,returning,119.08,13.0
adversarial,potential,30,5,21,9,4,4,66.76,0.175,returning,1143.3,103.0
perfect,return,30,5,30,0,0,4,1.62,0.167,open,600.0,60.0
cautious,return,30,5,17,13,5,2,0,0.235,returning,159.12,17.0
balanced,return,30,5,22,8,6,3,1.04,0.205,returning,431.2,44.0
chaotic,return,30,5,18,12,8,3,5.8,0.185,returning,559.44,54.0
high_skip,return,30,5,6,24,5,0,0,0.167,returning,56.64,6.0
returning,return,30,5,16,14,8,3,0,0.25,returning,308.48,32.0
overload,return,30,5,25,5,5,4,53.85,0.18,returning,1090.0,100.0
optimizer,return,30,5,29,1,1,4,3.13,0.195,open,883.92,87.0
low_energy,return,30,5,14,16,8,4,0,0.214,returning,128.24,14.0
adversarial,return,30,5,23,7,5,4,77.19,0.18,returning,1232.1,111.0
perfect,lost,90,5,90,0,0,12,4.87,0.167,open,1800.0,180.0
cautious,lost,90,5,54,36,26,6,0,0.241,returning,505.44,54.0
balanced,lost,90,5,66,24,20,5,0,0.174,returning,1293.6,132.0
chaotic,lost,90,5,43,47,23,8,9.61,0.202,returning,1336.44,129.0
high_skip,lost,90,5,28,62,18,4,0,0.25,returning,264.32,28.0
returning,lost,90,5,51,39,19,10,0,0.196,returning,983.28,102.0
overload,lost,90,5,81,9,9,20,73.34,0.184,returning,3193.7,293.0
optimizer,lost,90,5,84,6,6,12,9.4,0.194,sustainable,2560.32,252.0
low_energy,lost,90,5,44,46,21,14,0,0.205,returning,403.04,44.0
adversarial,lost,90,5,61,29,19,19,69.59,0.17,sustainable,3130.2,282.0
perfect,burnout,90,5,88,2,1,11,4.87,0.17,open,1760.0,176.0
cautious,burnout,90,5,61,29,18,11,0,0.197,returning,570.96,61.0
balanced,burnout,90,5,75,15,12,10,0.52,0.18,returning,1470.0,150.0
chaotic,burnout,90,5,45,45,23,5,0,0.207,returning,1398.6,135.0
high_skip,burnout,90,5,22,68,16,1,0,0.273,returning,207.68,22.0
returning,burnout,90,5,49,41,21,8,0,0.204,returning,944.72,98.0
overload,burnout,90,5,73,17,15,17,67.16,0.18,sustainable,2899.4,266.0
optimizer,burnout,90,5,85,5,5,10,22.11,0.188,sustainable,2590.8,255.0
low_energy,burnout,90,5,56,34,18,18,0,0.214,returning,512.96,56.0
adversarial,burnout,90,5,60,30,23,19,67.17,0.178,sustainable,3063.6,276.0
perfect,potential,90,5,89,1,1,12,4.87,0.169,sustainable,1780.0,178.0
cautious,potential,90,5,49,41,24,7,0,0.204,returning,458.64,49.0
balanced,potential,90,5,70,20,14,9,2.09,0.186,returning,1372.0,140.0
chaotic,potential,90,5,47,43,21,6,3.6,0.206,sustainable,1460.76,141.0
high_skip,potential,90,5,20,70,17,3,0,0.35,returning,188.8,20.0
returning,potential,90,5,47,43,21,8,0,0.181,returning,906.16,94.0
overload,potential,90,5,78,12,10,19,68.56,0.177,sustainable,3084.7,283.0
optimizer,potential,90,5,85,5,5,11,12.67,0.192,sustainable,2590.8,255.0
low_energy,potential,90,5,51,39,23,16,0,0.196,returning,467.16,51.0
adversarial,potential,90,5,64,26,16,21,63.82,0.172,sustainable,3219.0,290.0
perfect,return,90,5,90,0,0,12,4.87,0.167,sustainable,1800.0,180.0
cautious,return,90,5,52,38,22,6,0,0.212,returning,486.72,52.0
balanced,return,90,5,77,13,11,11,0.41,0.182,returning,1509.2,154.0
chaotic,return,90,5,54,36,21,6,3.01,0.173,sustainable,1678.32,162.0
high_skip,return,90,5,22,68,16,3,0,0.273,returning,207.68,22.0
returning,return,90,5,50,40,19,7,0.29,0.21,returning,964.0,100.0
overload,return,90,5,80,10,9,19,71.56,0.177,returning,3084.7,283.0
optimizer,return,90,5,84,6,6,11,9.4,0.194,sustainable,2560.32,252.0
low_energy,return,90,5,45,45,27,16,0,0.222,returning,412.2,45.0
adversarial,return,90,5,63,27,20,20,72.62,0.179,returning,3219.0,290.0
perfect,lost,180,5,178,2,2,25,4.06,0.169,integrated,3560.0,356.0
cautious,lost,180,5,107,73,41,12,0,0.206,returning,1001.52,107.0
balanced,lost,180,5,146,34,29,21,0.52,0.171,sustainable,2861.6,292.0
chaotic,lost,180,5,94,86,48,10,4.0,0.177,integrated,2921.52,282.0
high_skip,lost,180,5,53,127,41,9,0,0.208,returning,500.32,53.0
returning,lost,180,5,94,86,50,14,0.29,0.181,returning,1812.32,188.0
overload,lost,180,5,160,20,18,44,67.76,0.171,sustainable,6104.0,560.0
optimizer,lost,180,5,172,8,8,23,12.9,0.198,integrated,5242.56,516.0
low_energy,lost,180,5,75,105,45,30,0,0.213,returning,687.0,75.0
adversarial,lost,180,5,124,56,36,44,75.78,0.175,returning,6271.5,565.0
perfect,burnout,180,5,178,2,2,25,4.06,0.169,sustainable,3560.0,356.0
cautious,burnout,180,5,112,68,38,18,0,0.188,returning,1048.32,112.0
balanced,burnout,180,5,153,27,21,21,2.61,0.17,sustainable,2998.8,306.0
chaotic,burnout,180,5,98,82,46,20,2.0,0.184,sustainable,3045.84,294.0
high_skip,burnout,180,5,51,129,39,8,0,0.255,returning,481.44,51.0
returning,burnout,180,5,108,72,50,13,0.29,0.176,returning,2082.24,216.0
overload,burnout,180,5,157,23,22,43,75.98,0.172,returning,6071.3,557.0
optimizer,burnout,180,5,173,7,7,24,7.83,0.195,integrated,5273.04,519.0
low_energy,burnout,180,5,85,95,42,32,0,0.188,returning,778.6,85.0
adversarial,burnout,180,5,129,51,38,48,71.44,0.175,returning,6471.3,583.0
perfect,potential,180,5,179,1,1,25,4.06,0.168,integrated,3580.0,358.0
cautious,potential,180,5,112,68,44,10,0,0.223,returning,1048.32,112.0
balanced,potential,180,5,135,45,37,17,0,0.17,sustainable,2646.0,270.0
chaotic,potential,180,5,88,92,46,11,0,0.189,integrated,2735.04,264.0
high_skip,potential,180,5,52,128,35,7,0,0.231,returning,490.88,52.0
returning,potential,180,5,93,87,44,15,1.45,0.183,sustainable,1793.04,186.0
overload,potential,180,5,156,24,20,42,67.2,0.176,sustainable,5962.3,547.0
optimizer,potential,180,5,172,8,8,24,7.83,0.196,integrated,5242.56,516.0
low_energy,potential,180,5,87,93,43,31,0,0.207,returning,796.92,87.0
adversarial,potential,180,5,129,51,36,48,69.25,0.17,sustainable,6515.7,587.0
perfect,return,180,5,179,1,1,25,4.06,0.168,integrated,3580.0,358.0
cautious,return,180,5,127,53,37,15,0,0.181,returning,1188.72,127.0
balanced,return,180,5,149,31,27,22,2.61,0.181,sustainable,2920.4,298.0
chaotic,return,180,5,94,86,43,9,6.0,0.202,integrated,2921.52,282.0
high_skip,return,180,5,46,134,37,5,0,0.239,returning,434.24,46.0
returning,return,180,5,104,76,45,13,0,0.183,sustainable,2005.12,208.0
overload,return,180,5,156,24,20,42,70.37,0.175,returning,5995.0,550.0
optimizer,return,180,5,171,9,8,23,7.83,0.197,integrated,5212.08,513.0
low_energy,return,180,5,90,90,44,28,0,0.211,returning,824.4,90.0
adversarial,return,180,5,128,52,39,47,74.44,0.182,returning,6482.4,584.0
perfect,lost,30,6,30,0,0,4,1.62,0.167,open,600.0,60.0
cautious,lost,30,6,18,12,7,3,0,0.222,returning,168.48,18.0
balanced,lost,30,6,23,7,6,2,0.52,0.196,returning,450.8,46.0
chaotic,lost,30,6,12,18,6,2,0,0.222,returning,372.96,36.0
high_skip,lost,30,6,9,21,6,0,0,0.333,returning,84.96,9.0
returning,lost,30,6,20,10,7,2,0.29,0.225,returning,385.6,40.0
overload,lost,30,6,27,3,3,4,65.66,0.178,open,1166.3,107.0
optimizer,lost,30,6,28,2,2,4,3.13,0.19,open,853.44,84.0
low_energy,lost,30,6,16,14,7,5,0,0.25,returning,146.56,16.0
adversarial,lost,30,6,20,10,7,3,67.15,0.182,returning,1098.9,99.0
perfect,burnout,30,6,30,0,0,4,1.62,0.167,open,600.0,60.0
cautious,burnout,30,6,21,9,6,4,0,0.238,returning,196.56,21.0
balanced,burnout,30,6,21,9,6,4,1.04,0.19,returning,411.6,42.0
chaotic,burnout,30,6,18,12,7,3,9.81,0.204,returning,559.44,54.0
high_skip,burnout,30,6,5,25,3,1,0,0.4,open,47.2,5.0
returning,burnout,30,6,20,10,6,1,0.29,0.2,returning,385.6,40.0
overload,burnout,30,6,27,3,2,4,72.66,0.178,overloaded,1166.3,107.0
optimizer,burnout,30,6,27,3,2,4,3.13,0.185,open,822.96,81.0
low_energy,burnout,30,6,13,17,8,5,0,0.231,returning,119.08,13.0
adversarial,burnout,30,6,21,9,2,4,68.96,0.176,open,1132.2,102.0
perfect,potential,30,6,30,0,0,4,1.62,0.167,open,600.0,60.0
cautious,potential,30,6,20,10,6,4,0,0.2,returning,187.2,20.0
balanced,potential,30,6,22,8,8,4,0.52,0.182,returning,431.2,44.0
chaotic,potential,30,6,17,13,8,3,0,0.196,returning,528.36,51.0
high_skip,potential,30,6,6,24,5,0,0,0.5,returning,56.64,6.0
returning,potential,30,6,19,11,7,3,0,0.184,returning,366.32,38.0
overload,potential,30,6,26,4,4,4,60.28,0.173,returning,1133.6,104.0
optimizer,potential,30,6,29,1,1,4,3.13,0.195,open,883.92,87.0
low_energy,potential,30,6,16,14,6,6,0,0.25,returning,146.56,16.0
adversarial,potential,30,6,22,8,6,4,68.97,0.179,returning,1176.6,106.0
perfect,return,30,6,30,0,0,4,1.62,0.167,open,600.0,60.0
cautious,return,30,6,20,10,7,2,0,0.25,returning,187.2,20.0
balanced,return,30,6,25,5,5,3,1.04,0.2,returning,490.0,50.0
chaotic,return,30,6,14,16,7,2,1.6,0.238,returning,435.12,42.0
high_skip,return,30,6,10,20,7,1,0,0.3,returning,94.4,10.0
returning,return,30,6,15,15,8,3,0.29,0.2,returning,289.2,30.0
overload,return,30,6,26,4,4,4,60.28,0.173,returning,1133.6,104.0
optimizer,return,30,6,27,3,3,4,3.13,0.198,open,822.96,81.0
low_energy,return,30,6,12,18,7,3,0,0.167,returning,109.92,12.0
adversarial,return,30,6,20,10,7,3,68.35,0.19,returning,1110.0,100.0
perfect,lost,90,6,88,2,2,12,4.87,0.17,open,1760.0,176.0
cautious,lost,90,6,51,39,22,9,0,0.216,returning,477.36,51.0
balanced,lost,90,6,78,12,10,9,0.52,0.186,returning,1528.8,156.0
chaotic,lost,90,6,53,37,23,8,3.8,0.176,sustainable,1647.24,159.0
high_skip,lost,90,6,22,68,18,3,0,0.227,returning,207.68,22.0
returning,lost,90,6,51,39,25,7,0,0.206,returning,983.28,102.0
overload,lost,90,6,78,12,11,18,74.98,0.175,returning,3052.0,280.0
optimizer,lost,90,6,80,10,7,10,8.65,0.192,sustainable,2438.4,240.0
low_energy,lost,90,6,44,46,24,15,0,0.273,returning,403.04,44.0
adversarial,lost,90,6,62,28,20,20,69.21,0.173,sustainable,3207.9,289.0
perfect,burnout,90,6,88,2,2,11,4.87,0.17,open,1760.0,176.0
cautious,burnout,90,6,48,42,21,7,0,0.229,returning,449.28,48.0
balanced,burnout,90,6,64,26,22,9,0,0.188,returning,1254.4,128.0
chaotic,burnout,90,6,42,48,24,2,7.8,0.19,returning,1305.36,126.0
high_skip,burnout,90,6,17,73,12,1,0,0.294,returning,160.48,17.0
returning,burnout,90,6,56,34,20,8,0.29,0.188,returning,1079.68,112.0
overload,burnout,90,6,77,13,12,19,67.72,0.176,sustainable,3041.1,279.0
optimizer,burnout,90,6,84,6,6,12,9.4,0.194,sustainable,2560.32,252.0
low_energy,burnout,90,6,36,54,19,13,0,0.25,returning,329.76,36.0
adversarial,burnout,90,6,61,29,15,20,70.4,0.182,returning,3174.6,286.0
perfect,potential,90,6,89,1,1,11,4.87,0.169,sustainable,1780.0,178.0
cautious,potential,90,6,53,37,21,8,0,0.189,returning,496.08,53.0
balanced,potential,90,6,76,14,12,12,0.52,0.184,returning,1489.6,152.0
chaotic,potential,90,6,54,36,19,8,1.6,0.185,sustainable,1678.32,162.0
high_skip,potential,90,6,24,66,19,1,0,0.208,returning,226.56,24.0
returning,potential,90,6,49,41,23,6,0,0.184,returning,944.72,98.0
overload,potential,90,6,81,9,8,20,70.16,0.176,returning,3161.0,290.0
optimizer,potential,90,6,81,9,8,12,9.4,0.198,sustainable,2468.88,243.0
low_energy,potential,90,6,52,38,17,20,0,0.192,returning,476.32,52.0
adversarial,potential,90,6,56,34,23,16,71.13,0.174,returning,2941.5,265.0
perfect,return,90,6,90,0,0,12,4.87,0.167,sustainable,1800.0,180.0
cautious,return,90,6,47,43,21,5,0,0.191,returning,439.92,47.0
balanced,return,90,6,64,26,20,9,1.04,0.18,returning,1254.4,128.0
chaotic,return,90,6,48,42,29,5,4.0,0.188,sustainable,1491.84,144.0
high_skip,return,90,6,17,73,13,4,0,0.294,returning,160.48,17.0
returning,return,90,6,52,38,21,9,0.29,0.173,returning,1002.56,104.0
overload,return,90,6,83,7,6,21,68.86,0.173,sustainable,3215.5,295.0
optimizer,return,90,6,83,7,7,11,9.4,0.193,sustainable,2529.84,249.0
low_energy,return,90,6,38,52,20,11,0,0.237,returning,348.08,38.0
adversarial,return,90,6,64,26,22,21,68.63,0.18,sustainable,3263.4,294.0
perfect,lost,180,6,175,5,5,25,4.06,0.169,integrated,3500.0,350.0
cautious,lost,180,6,117,63,37,17,0,0.197,returning,1095.12,117.0
balanced,lost,180,6,137,43,31,17,0,0.175,sustainable,2685.2,274.0
chaotic,lost,180,6,85,95,40,12,0,0.188,sustainable,2641.8,255.0
high_skip,lost,180,6,47,133,31,5,0,0.234,returning,443.68,47.0
returning,lost,180,6,104,76,48,18,0.87,0.188,sustainable,2005.12,208.0
overload,lost,180,6,156,24,21,42,73.55,0.172,returning,6027.7,553.0
optimizer,lost,180,6,169,11,11,24,11.07,0.197,integrated,5151.12,507.0
low_energy,lost,180,6,91,89,48,26,0,0.231,returning,833.56,91.0
adversarial,lost,180,6,128,52,37,47,69.63,0.171,sustainable,6438.0,580.0
perfect,burnout,180,6,180,0,0,25,4.06,0.167,sustainable,3600.0,360.0
cautious,burnout,180,6,96,84,45,15,0,0.198,returning,898.56,96.0
balanced,burnout,180,6,130,50,35,16,3.02,0.173,sustainable,2548.0,260.0
chaotic,burnout,180,6,89,91,49,14,0,0.191,sustainable,2766.12,267.0
high_skip,burnout,180,6,36,144,29,5,0,0.222,returning,339.84,36.0
returning,burnout,180,6,97,83,45,15,0.29,0.196,returning,1870.16,194.0
overload,burnout,180,6,163,17,15,45,75.65,0.179,returning,6158.5,565.0
optimizer,burnout,180,6,169,11,11,25,1.57,0.195,integrated,5151.12,507.0
low_energy,burnout,180,6,92,88,44,31,0,0.196,returning,842.72,92.0
adversarial,burnout,180,6,125,55,35,46,69.0,0.175,sustainable,6327.0,570.0
perfect,potential,180,6,180,0,0,25,4.06,0.167,integrated,3600.0,360.0
cautious,potential,180,6,99,81,45,15,0,0.212,returning,926.64,99.0
balanced,potential,180,6,132,48,35,15,0,0.182,sustainable,2587.2,264.0
chaotic,potential,180,6,74,106,46,10,6.0,0.194,sustainable,2299.92,222.0
high_skip,potential,180,6,42,138,32,4,0,0.286,returning,396.48,42.0
returning,potential,180,6,119,61,41,17,0,0.197,sustainable,2294.32,238.0
overload,potential,180,6,161,19,18,45,73.78,0.176,returning,6256.6,574.0
optimizer,potential,180,6,169,11,11,24,7.83,0.197,integrated,5151.12,507.0
low_energy,potential,180,6,96,84,48,36,0,0.219,returning,879.36,96.0
adversarial,potential,180,6,131,49,39,48,74.86,0.172,returning,6526.8,588.0
perfect,return,180,6,179,1,1,25,4.06,0.168,integrated,3580.0,358.0
cautious,return,180,6,114,66,42,17,0,0.202,returning,1067.04,114.0
balanced,return,180,6,140,40,31,15,0.52,0.179,sustainable,2744.0,280.0
chaotic,return,180,6,77,103,43,11,0,0.195,sustainable,2393.16,231.0
high_skip,return,180,6,51,129,33,8,0,0.216,returning,481.44,51.0
returning,return,180,6,103,77,47,11,0,0.18,sustainable,1985.84,206.0
overload,return,180,6,150,30,28,39,73.24,0.178,returning,5820.6,534.0
optimizer,return,180,6,168,12,12,24,7.83,0.196,integrated,5120.64,504.0
low_energy,return,180,6,92,88,39,30,0,0.207,returning,842.72,92.0
adversarial,return,180,6,127,53,43,46,74.82,0.179,returning,6404.7,577.0
perfect,lost,30,7,30,0,0,4,1.62,0.167,open,600.0,60.0
cautious,lost,30,7,19,11,8,2,0,0.263,returning,177.84,19.0
balanced,lost,30,7,25,5,5,3,1.98,0.2,returning,490.0,50.0
chaotic,lost,30,7,18,12,6,1,1.62,0.222,returning,559.44,54.0
high_skip,lost,30,7,5,25,4,0,0,0.4,returning,47.2,5.0
returning,lost,30,7,15,15,6,1,0,0.233,returning,289.2,30.0
overload,lost,30,7,26,4,4,4,60.28,0.183,returning,1133.6,104.0
optimizer,lost,30,7,30,0,0,4,5.98,0.189,open,914.4,90.0
low_energy,lost,30,7,19,11,9,8,0,0.211,returning,174.04,19.0
adversarial,lost,30,7,21,9,6,3,74.16,0.175,returning,1143.3,103.0
perfect,burnout,30,7,29,1,1,3,1.62,0.172,open,580.0,58.0
cautious,burnout,30,7,16,14,7,2,0,0.25,returning,149.76,16.0
balanced,burnout,30,7,22,8,7,3,1.04,0.205,returning,431.2,44.0
chaotic,burnout,30,7,15,15,9,2,4.0,0.2,returning,466.2,45.0
high_skip,burnout,30,7,10,20,7,2,0,0.3,returning,94.4,10.0
returning,burnout,30,7,16,14,7,3,0,0.188,returning,308.48,32.0
overload,burnout,30,7,26,4,3,3,75.11,0.188,overloaded,1100.9,101.0
optimizer,burnout,30,7,28,2,1,4,5.45,0.19,open,853.44,84.0
low_energy,burnout,30,7,15,15,8,4,0,0.2,returning,137.4,15.0
adversarial,burnout,30,7,19,11,7,4,56.13,0.179,returning,1054.5,95.0
perfect,potential,30,7,30,0,0,4,1.62,0.167,open,600.0,60.0
cautious,potential,30,7,18,12,7,2,0,0.222,returning,168.48,18.0
balanced,potential,30,7,24,6,4,4,1.04,0.208,returning,470.4,48.0
chaotic,potential,30,7,16,14,5,1,0,0.208,returning,497.28,48.0
high_skip,potential,30,7,7,23,6,0,0,0.286,returning,66.08,7.0
returning,potential,30,7,16,14,6,2,0.29,0.219,returning,308.48,32.0
overload,potential,30,7,26,4,3,3,69.17,0.176,open,1111.8,102.0
optimizer,potential,30,7,26,4,4,4,3.13,0.192,returning,792.48,78.0
low_energy,potential,30,7,12,18,10,5,0,0.25,returning,109.92,12.0
adversarial,potential,30,7,24,6,6,5,75.61,0.179,returning,1298.7,117.0
perfect,return,30,7,28,2,2,3,4.3,0.179,open,560.0,56.0
cautious,return,30,7,16,14,6,2,0,0.25,returning,149.76,16.0
balanced,return,30,7,18,12,7,2,1.04,0.25,returning,352.8,36.0
chaotic,return,30,7,12,18,6,2,0,0.222,returning,372.96,36.0
high_skip,return,30,7,8,22,6,2,0,0.25,returning,75.52,8.0
returning,return,30,7,19,11,7,2,0,0.211,returning,366.32,38.0
overload,return,30,7,27,3,3,3,74.54,0.171,overloaded,1144.5,105.0
optimizer,return,30,7,29,1,1,4,3.13,0.195,open,883.92,87.0
low_energy,return,30,7,9,21,7,1,0,0.333,returning,82.44,9.0
adversarial,return,30,7,20,10,6,4,57.35,0.18,returning,1110.0,100.0
perfect,lost,90,7,90,0,0,12,4.87,0.167,open,1800.0,180.0
cautious,lost,90,7,65,25,18,9,0,0.215,returning,608.4,65.0
balanced,lost,90,7,70,20,13,7,0,0.186,returning,1372.0,140.0
chaotic,lost,90,7,49,41,22,6,8.0,0.197,sustainable,1522.92,147.0
high_skip,lost,90,7,16,74,14,2,0,0.25,returning,151.04,16.0
returning,lost,90,7,44,46,21,7,0,0.216,returning,848.32,88.0
overload,lost,90,7,75,15,14,16,73.44,0.174,returning,2877.6,264.0
optimizer,lost,90,7,86,4,4,10,18.88,0.19,sustainable,2621.28,258.0
low_energy,lost,90,7,36,54,22,15,0,0.222,returning,329.76,36.0
adversarial,lost,90,7,64,26,20,20,76.02,0.179,returning,3230.1,291.0
perfect,burnout,90,7,89,1,1,12,4.87,0.169,open,1780.0,178.0
cautious,burnout,90,7,61,29,19,9,0,0.197,returning,570.96,61.0
balanced,burnout,90,7,74,16,15,10,3.13,0.182,returning,1450.4,148.0
chaotic,burnout,90,7,43,47,24,4,2.0,0.209,returning,1336.44,129.0
high_skip,burnout,90,7,23,67,15,3,0,0.261,returning,217.12,23.0
returning,burnout,90,7,50,40,24,6,0.29,0.19,returning,964.0,100.0
overload,burnout,90,7,79,11,10,20,72.76,0.176,returning,3161.0,290.0
optimizer,burnout,90,7,84,6,6,10,18.34,0.19,sustainable,2560.32,252.0
low_energy,burnout,90,7,42,48,16,17,0,0.214,returning,384.72,42.0
adversarial,burnout,90,7,53,37,18,15,65.68,0.179,sustainable,2786.1,251.0
perfect,potential,90,7,90,0,0,12,4.87,0.167,sustainable,1800.0,180.0
cautious,potential,90,7,58,32,19,7,0,0.207,returning,542.88,58.0
balanced,potential,90,7,66,24,16,7,2.09,0.189,returning,1293.6,132.0
chaotic,potential,90,7,40,50,25,7,7.8,0.192,sustainable,1243.2,120.0
high_skip,potential,90,7,19,71,13,3,0,0.263,returning,179.36,19.0
returning,potential,90,7,43,47,29,6,0,0.198,returning,829.04,86.0
overload,potential,90,7,78,12,11,18,76.04,0.171,returning,3062.9,281.0
optimizer,potential,90,7,79,11,7,11,5.63,0.198,sustainable,2407.92,237.0
low_energy,potential,90,7,43,47,24,17,0,0.233,returning,393.88,43.0
adversarial,potential,90,7,66,24,15,23,69.08,0.178,sustainable,3429.9,309.0
perfect,return,90,7,89,1,1,12,1.86,0.169,sustainable,1780.0,178.0
cautious,return,90,7,51,39,24,6,0,0.235,returning,477.36,51.0
balanced,return,90,7,69,21,14,9,2.61,0.188,returning,1352.4,138.0
chaotic,return,90,7,45,45,22,4,6.0,0.207,returning,1398.6,135.0
high_skip,return,90,7,25,65,20,3,0,0.36,returning,236.0,25.0
returning,return,90,7,47,43,24,5,0.29,0.223,returning,906.16,94.0
overload,return,90,7,79,11,10,19,73.59,0.174,returning,3128.3,287.0
optimizer,return,90,7,85,5,5,10,15.11,0.192,sustainable,2590.8,255.0
low_energy,return,90,7,45,45,24,21,0,0.222,returning,412.2,45.0
adversarial,return,90,7,64,26,15,21,73.44,0.178,returning,3307.8,298.0
perfect,lost,180,7,175,5,5,22,4.06,0.169,integrated,3500.0,350.0
cautious,lost,180,7,110,70,47,12,0,0.191,returning,1029.6,110.0
balanced,lost,180,7,142,38,28,21,2.61,0.176,sustainable,2783.2,284.0
chaotic,lost,180,7,90,90,53,15,5.8,0.17,sustainable,2797.2,270.0
high_skip,lost,180,7,43,137,35,10,0,0.209,returning,405.92,43.0
returning,lost,180,7,101,79,47,16,0.29,0.198,sustainable,1947.28,202.0
overload,lost,180,7,157,23,21,42,74.69,0.178,returning,6016.8,552.0
optimizer,lost,180,7,167,13,10,22,7.83,0.196,integrated,5090.16,501.0
low_energy,lost,180,7,88,92,42,31,0,0.205,returning,806.08,88.0
adversarial,lost,180,7,116,64,43,38,77.24,0.171,returning,5838.6,526.0
perfect,burnout,180,7,178,2,2,25,4.06,0.169,sustainable,3560.0,356.0
cautious,burnout,180,7,115,65,37,18,0,0.191,returning,1076.4,115.0
balanced,burnout,180,7,140,40,31,22,2.61,0.182,sustainable,2744.0,280.0
chaotic,burnout,180,7,80,100,53,11,1.8,0.175,sustainable,2486.4,240.0
high_skip,burnout,180,7,49,131,34,7,0,0.224,returning,462.56,49.0
returning,burnout,180,7,111,69,44,19,0,0.189,returning,2140.08,222.0
overload,burnout,180,7,161,19,18,45,77.6,0.177,returning,6223.9,571.0
optimizer,burnout,180,7,170,10,10,25,4.06,0.196,integrated,5181.6,510.0
low_energy,burnout,180,7,87,93,46,36,0,0.184,returning,796.92,87.0
adversarial,burnout,180,7,133,47,37,51,66.5,0.179,sustainable,6648.9,599.0
perfect,potential,180,7,179,1,1,25,4.06,0.168,integrated,3580.0,358.0
cautious,potential,180,7,122,58,43,14,0,0.197,returning,1141.92,122.0
balanced,potential,180,7,144,36,29,23,0,0.174,sustainable,2822.4,288.0
chaotic,potential,180,7,96,84,48,14,4.0,0.184,integrated,2983.68,288.0
high_skip,potential,180,7,42,138,32,6,0,0.31,returning,396.48,42.0
returning,potential,180,7,109,71,48,12,0.29,0.179,sustainable,2101.52,218.0
overload,potential,180,7,163,17,16,46,67.18,0.176,sustainable,6256.6,574.0
optimizer,potential,180,7,169,11,10,24,7.83,0.197,integrated,5151.12,507.0
low_energy,potential,180,7,95,85,47,37,0,0.189,returning,870.2,95.0
adversarial,potential,180,7,125,55,41,45,76.61,0.178,returning,6360.3,573.0
perfect,return,180,7,178,2,2,25,4.06,0.169,integrated,3560.0,356.0
cautious,return,180,7,115,65,44,17,0,0.2,returning,1076.4,115.0
balanced,return,180,7,142,38,28,23,1.57,0.187,sustainable,2783.2,284.0
chaotic,return,180,7,88,92,45,11,4.0,0.174,sustainable,2735.04,264.0
high_skip,return,180,7,52,128,33,5,0,0.25,returning,490.88,52.0
returning,return,180,7,106,74,48,14,0,0.179,sustainable,2043.68,212.0
overload,return,180,7,158,22,20,43,76.48,0.171,returning,6125.8,562.0
optimizer,return,180,7,171,9,9,25,7.83,0.197,integrated,5212.08,513.0
low_energy,return,180,7,80,100,42,26,0,0.2,returning,732.8,80.0
adversarial,return,180,7,124,56,39,44,70.96,0.173,returning,6227.1,561.0
perfect,lost,30,8,30,0,0,4,1.62,0.167,open,600.0,60.0
cautious,lost,30,8,15,15,8,1,0,0.267,returning,140.4,15.0
balanced,lost,30,8,25,5,5,3,1.04,0.18,returning,490.0,50.0
chaotic,lost,30,8,10,20,8,2,2.0,0.267,returning,310.8,30.0
high_skip,lost,30,8,8,22,7,0,0,0.375,returning,75.52,8.0
returning,lost,30,8,13,17,7,1,0,0.231,returning,250.64,26.0
overload,lost,30,8,30,0,0,5,70.79,0.172,open,1264.4,116.0
optimizer,lost,30,8,27,3,3,4,3.13,0.198,open,822.96,81.0
low_energy,lost,30,8,16,14,7,5,0,0.25,returning,146.56,16.0
adversarial,lost,30,8,22,8,7,4,70.17,0.187,returning,1187.7,107.0
perfect,burnout,30,8,30,0,0,4,1.62,0.167,open,600.0,60.0
cautious,burnout,30,8,18,12,8,3,0,0.278,returning,168.48,18.0
balanced,burnout,30,8,26,4,4,4,0.52,0.173,returning,509.6,52.0
chaotic,burnout,30,8,15,15,8,2,2.0,0.178,returning,466.2,45.0
high_skip,burnout,30,8,9,21,9,1,0,0.333,returning,84.96,9.0
returning,burnout,30,8,18,12,6,2,0.58,0.25,returning,347.04,36.0
overload,burnout,30,8,27,3,3,4,69.48,0.173,open,1133.6,104.0
optimizer,burnout,30,8,30,0,0,4,12.98,0.189,open,914.4,90.0
low_energy,burnout,30,8,13,17,7,4,0,0.231,returning,119.08,13.0
adversarial,burnout,30,8,26,4,3,7,71.03,0.18,open,1354.2,122.0
perfect,potential,30,8,30,0,0,4,1.62,0.167,open,600.0,60.0
cautious,potential,30,8,18,12,10,2,0,0.278,returning,168.48,18.0
balanced,potential,30,8,25,5,5,3,1.98,0.2,returning,490.0,50.0
chaotic,potential,30,8,19,11,6,3,0,0.228,returning,590.52,57.0
high_skip,potential,30,8,9,21,5,3,0,0.333,returning,84.96,9.0
returning,potential,30,8,22,8,5,2,0.58,0.205,returning,424.16,44.0
overload,potential,30,8,26,4,3,3,71.28,0.183,open,1133.6,104.0
optimizer,potential,30,8,28,2,2,4,3.13,0.19,open,853.44,84.0
low_energy,potential,30,8,15,15,8,6,0,0.267,returning,137.4,15.0
adversarial,potential,30,8,23,7,4,5,68.59,0.182,returning,1221.0,110.0
perfect,return,30,8,30,0,0,4,1.62,0.167,open,600.0,60.0
cautious,return,30,8,21,9,7,3,0,0.238,returning,196.56,21.0
balanced,return,30,8,25,5,4,4,0,0.2,returning,490.0,50.0
chaotic,return,30,8,18,12,8,3,4.0,0.185,returning,559.44,54.0
high_skip,return,30,8,9,21,6,2,0,0.333,returning,84.96,9.0
returning,return,30,8,14,16,7,2,0.29,0.25,returning,269.92,28.0
overload,return,30,8,27,3,2,3,74.54,0.181,overloaded,1144.5,105.0
optimizer,return,30,8,28,2,2,4,1.57,0.19,open,853.44,84.0
low_energy,return,30,8,7,23,5,3,0,0.429,returning,64.12,7.0
adversarial,return,30,8,20,10,7,3,68.35,0.18,returning,1110.0,100.0
perfect,lost,90,8,90,0,0,12,4.87,0.167,open,1800.0,180.0
cautious,lost,90,8,57,33,23,9,0,0.211,returning,533.52,57.0
balanced,lost,90,8,70,20,15,9,1.57,0.207,returning,1372.0,140.0
chaotic,lost,90,8,50,40,19,6,3.6,0.193,sustainable,1554.0,150.0
high_skip,lost,90,8,15,75,12,2,0,0.267,returning,141.6,15.0
returning,lost,90,8,45,45,20,5,0.29,0.2,returning,867.6,90.0
overload,lost,90,8,82,8,8,21,67.72,0.179,sustainable,3226.4,296.0
optimizer,lost,90,8,84,6,5,11,7.83,0.194,sustainable,2560.32,252.0
low_energy,lost,90,8,43,47,20,15,0,0.209,returning,393.88,43.0
adversarial,lost,90,8,67,23,16,23,68.87,0.179,sustainable,3407.7,307.0
perfect,burnout,90,8,89,1,1,12,4.87,0.169,open,1780.0,178.0
cautious,burnout,90,8,57,33,25,9,0,0.211,returning,533.52,57.0
balanced,burnout,90,8,69,21,14,11,0.52,0.188,returning,1352.4,138.0
chaotic,burnout,90,8,39,51,22,7,0,0.179,returning,1212.12,117.0
high_skip,burnout,90,8,21,69,18,3,0,0.238,returning,198.24,21.0
returning,burnout,90,8,46,44,21,9,0,0.207,returning,886.88,92.0
overload,burnout,90,8,79,11,11,19,76.36,0.18,returning,3084.7,283.0
optimizer,burnout,90,8,85,5,4,12,9.4,0.192,sustainable,2590.8,255.0
low_energy,burnout,90,8,44,46,24,15,0,0.182,returning,403.04,44.0
adversarial,burnout,90,8,77,13,13,30,72.63,0.177,returning,3885.0,350.0
perfect,potential,90,8,88,2,2,12,4.87,0.17,sustainable,1760.0,176.0
cautious,potential,90,8,54,36,21,7,0,0.204,returning,505.44,54.0
balanced,potential,90,8,75,15,12,11,1.04,0.187,returning,1470.0,150.0
chaotic,potential,90,8,49,41,18,6,3.8,0.184,sustainable,1522.92,147.0
high_skip,potential,90,8,18,72,14,2,0,0.333,returning,169.92,18.0
returning,potential,90,8,52,38,24,7,0.58,0.192,returning,1002.56,104.0
overload,potential,90,8,81,9,8,20,71.22,0.172,returning,3171.9,291.0
optimizer,potential,90,8,82,8,8,11,9.4,0.195,sustainable,2499.36,246.0
low_energy,potential,90,8,40,50,23,11,0,0.25,returning,366.4,40.0
adversarial,potential,90,8,58,32,19,17,66.93,0.187,sustainable,2963.7,267.0
perfect,return,90,8,89,1,1,12,4.87,0.169,sustainable,1780.0,178.0
cautious,return,90,8,51,39,22,5,0,0.196,returning,477.36,51.0
balanced,return,90,8,71,19,15,7,0,0.183,returning,1391.6,142.0
chaotic,return,90,8,40,50,25,6,0,0.2,returning,1243.2,120.0
high_skip,return,90,8,19,71,15,1,0,0.263,returning,179.36,19.0
returning,return,90,8,55,35,22,9,0,0.182,returning,1060.4,110.0
overload,return,90,8,79,11,9,19,72.53,0.175,returning,3117.4,286.0
optimizer,return,90,8,88,2,2,12,9.4,0.193,sustainable,2682.24,264.0
low_energy,return,90,8,54,36,23,18,0,0.204,returning,494.64,54.0
adversarial,return,90,8,62,28,18,20,70.42,0.176,returning,3219.0,290.0
perfect,lost,180,8,178,2,2,24,4.06,0.169,integrated,3560.0,356.0
cautious,lost,180,8,127,53,41,15,0,0.181,returning,1188.72,127.0
balanced,lost,180,8,141,39,26,19,2.61,0.177,sustainable,2763.6,282.0
chaotic,lost,180,8,81,99,42,11,0,0.202,sustainable,2517.48,243.0
high_skip,lost,180,8,57,123,36,6,0,0.211,returning,538.08,57.0
returning,lost,180,8,109,71,38,21,0.29,0.197,sustainable,2101.52,218.0
overload,lost,180,8,153,27,25,41,67.37,0.173,sustainable,5918.7,543.0
optimizer,lost,180,8,175,5,5,23,13.05,0.194,integrated,5334.0,525.0
low_energy,lost,180,8,100,80,49,37,0,0.22,returning,916.0,100.0
adversarial,lost,180,8,132,48,31,50,74.51,0.172,returning,6693.3,603.0
perfect,burnout,180,8,180,0,0,25,4.06,0.167,sustainable,3600.0,360.0
cautious,burnout,180,8,113,67,45,16,0,0.195,returning,1057.68,113.0
balanced,burnout,180,8,145,35,30,22,2.09,0.179,sustainable,2842.0,290.0
chaotic,burnout,180,8,87,93,41,11,7.61,0.192,sustainable,2703.96,261.0
high_skip,burnout,180,8,47,133,41,7,0,0.213,returning,443.68,47.0
returning,burnout,180,8,114,66,47,16,0,0.18,returning,2197.92,228.0
overload,burnout,180,8,153,27,25,42,68.66,0.175,sustainable,5973.2,548.0
optimizer,burnout,180,8,170,10,9,25,7.83,0.196,integrated,5181.6,510.0
low_energy,burnout,180,8,93,87,43,31,0,0.183,returning,851.88,93.0
adversarial,burnout,180,8,134,46,33,51,66.29,0.171,sustainable,6626.7,597.0
perfect,potential,180,8,177,3,3,25,4.06,0.169,integrated,3540.0,354.0
cautious,potential,180,8,116,64,40,17,0,0.198,returning,1085.76,116.0
balanced,potential,180,8,147,33,30,22,1.04,0.173,sustainable,2881.2,294.0
chaotic,potential,180,8,83,97,43,7,0,0.185,sustainable,2579.64,249.0
high_skip,potential,180,8,42,138,32,6,0,0.238,returning,396.48,42.0
returning,potential,180,8,100,80,47,14,0.58,0.195,sustainable,1928.0,200.0
overload,potential,180,8,164,16,16,46,75.73,0.172,returning,6322.0,580.0
optimizer,potential,180,8,172,8,7,23,7.83,0.196,integrated,5242.56,516.0
low_energy,potential,180,8,83,97,49,28,0,0.193,returning,760.28,83.0
adversarial,potential,180,8,118,62,45,41,61.88,0.182,sustainable,5960.7,537.0
perfect,return,180,8,178,2,2,25,4.06,0.169,integrated,3560.0,356.0
cautious,return,180,8,118,62,42,17,0,0.178,returning,1104.48,118.0
balanced,return,180,8,146,34,25,20,2.61,0.182,sustainable,2861.6,292.0
chaotic,return,180,8,92,88,50,20,2.0,0.192,sustainable,2859.36,276.0
high_skip,return,180,8,48,132,33,5,0,0.208,returning,453.12,48.0
returning,return,180,8,103,77,46,20,0,0.18,sustainable,1985.84,206.0
overload,return,180,8,159,21,19,43,72.33,0.173,returning,6060.4,556.0
optimizer,return,180,8,169,11,10,25,7.83,0.197,integrated,5151.12,507.0
low_energy,return,180,8,80,100,48,28,0,0.2,returning,732.8,80.0
adversarial,return,180,8,144,36,33,58,71.69,0.173,returning,7248.3,653.0
perfect,lost,30,9,30,0,0,4,1.62,0.167,open,600.0,60.0
cautious,lost,30,9,18,12,7,4,0,0.278,returning,168.48,18.0
balanced,lost,30,9,22,8,6,3,1.04,0.205,returning,431.2,44.0
chaotic,lost,30,9,15,15,7,1,0,0.2,returning,466.2,45.0
high_skip,lost,30,9,10,20,4,3,0,0.4,returning,94.4,10.0
returning,lost,30,9,21,9,3,3,0,0.238,open,404.88,42.0
overload,lost,30,9,27,3,3,4,66.72,0.176,open,1177.2,108.0
optimizer,lost,30,9,28,2,2,4,3.13,0.19,open,853.44,84.0
low_energy,lost,30,9,16,14,6,4,0,0.25,returning,146.56,16.0
adversarial,lost,30,9,21,9,8,3,74.16,0.184,returning,1143.3,103.0
perfect,burnout,30,9,30,0,0,4,1.62,0.167,open,600.0,60.0
cautious,burnout,30,9,21,9,6,4,0,0.238,returning,196.56,21.0
balanced,burnout,30,9,22,8,7,3,1.04,0.227,returning,431.2,44.0
chaotic,burnout,30,9,15,15,9,1,2.0,0.2,returning,466.2,45.0
high_skip,burnout,30,9,8,22,6,2,0,0.25,returning,75.52,8.0
returning,burnout,30,9,10,20,8,1,0.29,0.2,returning,192.8,20.0
overload,burnout,30,9,28,2,2,4,73.8,0.179,overloaded,1155.4,106.0
optimizer,burnout,30,9,27,3,3,4,3.13,0.198,open,822.96,81.0
low_energy,burnout,30,9,14,16,8,5,0,0.357,returning,128.24,14.0
adversarial,burnout,30,9,27,3,3,7,76.84,0.176,overloaded,1387.5,125.0
perfect,potential,30,9,30,0,0,4,1.62,0.167,open,600.0,60.0
cautious,potential,30,9,21,9,6,2,0,0.238,returning,196.56,21.0
balanced,potential,30,9,24,6,6,3,1.04,0.208,returning,470.4,48.0
chaotic,potential,30,9,16,14,7,2,0,0.208,returning,497.28,48.0
high_skip,potential,30,9,6,24,5,2,0,0.5,returning,56.64,6.0
returning,potential,30,9,18,12,5,2,0.58,0.278,returning,347.04,36.0
overload,potential,30,9,26,4,3,3,71.28,0.173,open,1133.6,104.0
optimizer,potential,30,9,28,2,1,4,3.13,0.19,open,853.44,84.0
low_energy,potential,30,9,15,15,9,6,0,0.267,returning,137.4,15.0
adversarial,potential,30,9,25,5,3,6,71.62,0.182,open,1343.1,121.0
perfect,return,30,9,30,0,0,4,1.62,0.167,open,600.0,60.0
cautious,return,30,9,18,12,6,2,0,0.222,returning,168.48,18.0
balanced,return,30,9,22,8,6,2,1.04,0.182,returning,431.2,44.0
chaotic,return,30,9,17,13,7,2,2.0,0.196,returning,528.36,51.0
high_skip,return,30,9,3,27,3,0,0,0.333,open,28.32,3.0
returning,return,30,9,18,12,6,2,0,0.25,returning,347.04,36.0
overload,return,30,9,28,2,2,4,72.09,0.171,overloaded,1209.9,111.0
optimizer,return,30,9,23,7,5,3,6.56,0.203,returning,701.04,69.0
low_energy,return,30,9,19,11,7,7,0,0.263,returning,174.04,19.0
adversarial,return,30,9,21,9,5,4,64.36,0.173,returning,1154.4,104.0
perfect,lost,90,9,90,0,0,12,4.87,0.167,open,1800.0,180.0
cautious,lost,90,9,49,41,20,5,0,0.204,returning,458.64,49.0
balanced,lost,90,9,76,14,11,9,3.13,0.191,returning,1489.6,152.0
chaotic,lost,90,9,39,51,21,7,0,0.205,returning,1212.12,117.0
high_skip,lost,90,9,23,67,15,4,0,0.217,returning,217.12,23.0
returning,lost,90,9,55,35,21,6,0.29,0.191,returning,1060.4,110.0
overload,lost,90,9,83,7,7,21,73.09,0.187,returning,3259.1,299.0
optimizer,lost,90,9,87,3,2,12,9.4,0.195,sustainable,2651.76,261.0
low_energy,lost,90,9,49,41,20,19,0,0.204,returning,448.84,49.0
adversarial,lost,90,9,71,19,15,25,76.13,0.173,returning,3596.4,324.0
perfect,burnout,90,9,89,1,1,12,4.87,0.169,open,1780.0,178.0
cautious,burnout,90,9,60,30,23,6,0,0.217,returning,561.6,60.0
balanced,burnout,90,9,67,23,16,8,3.13,0.187,returning,1313.2,134.0
chaotic,burnout,90,9,52,38,18,7,9.61,0.192,returning,1616.16,156.0
high_skip,burnout,90,9,23,67,16,5,0,0.304,returning,217.12,23.0
returning,burnout,90,9,46,44,22,6,0,0.228,returning,886.88,92.0
overload,burnout,90,9,74,16,14,17,72.54,0.182,returning,2932.1,269.0
optimizer,burnout,90,9,85,5,4,12,5.63,0.192,sustainable,2590.8,255.0
low_energy,burnout,90,9,49,41,27,18,0,0.184,returning,448.84,49.0
adversarial,burnout,90,9,65,25,18,21,76.63,0.174,returning,3252.3,293.0
perfect,potential,90,9,88,2,2,12,4.87,0.17,sustainable,1760.0,176.0
cautious,potential,90,9,58,32,19,7,0,0.207,returning,542.88,58.0
balanced,potential,90,9,67,23,16,11,1.04,0.179,returning,1313.2,134.0
chaotic,potential,90,9,50,40,24,9,3.6,0.18,sustainable,1554.0,150.0
high_skip,potential,90,9,23,67,13,6,0,0.261,returning,217.12,23.0
returning,potential,90,9,45,45,23,6,0,0.178,returning,867.6,90.0
overload,potential,90,9,83,7,6,21,73.09,0.174,returning,3259.1,299.0
optimizer,potential,90,9,88,2,2,12,9.4,0.193,sustainable,2682.24,264.0
low_energy,potential,90,9,42,48,23,16,0,0.214,returning,384.72,42.0
adversarial,potential,90,9,74,16,12,28,72.6,0.175,returning,3807.3,343.0
perfect,return,90,9,89,1,1,12,4.87,0.169,sustainable,1780.0,178.0
cautious,return,90,9,57,33,21,7,0,0.211,returning,533.52,57.0
balanced,return,90,9,77,13,12,10,2.09,0.175,returning,1509.2,154.0
chaotic,return,90,9,47,43,22,4,5.02,0.199,returning,1460.76,141.0
high_skip,return,90,9,22,68,17,3,0,0.318,returning,207.68,22.0
returning,return,90,9,51,39,24,8,0.58,0.196,returning,983.28,102.0
overload,return,90,9,80,10,9,20,70.08,0.178,returning,3182.8,292.0
optimizer,return,90,9,86,4,4,11,9.4,0.19,sustainable,2621.28,258.0
low_energy,return,90,9,37,53,20,16,0,0.243,returning,338.92,37.0
adversarial,return,90,9,65,25,19,22,69.46,0.179,sustainable,3352.2,302.0
perfect,lost,180,9,180,0,0,25,4.06,0.167,integrated,3600.0,360.0
cautious,lost,180,9,115,65,37,13,0,0.183,returning,1076.4,115.0
balanced,lost,180,9,145,35,27,24,0,0.172,sustainable,2842.0,290.0
chaotic,lost,180,9,89,91,41,9,9.41,0.172,sustainable,2766.12,267.0
high_skip,lost,180,9,47,133,34,2,0,0.234,returning,443.68,47.0
returning,lost,180,9,106,74,45,14,0.87,0.184,sustainable,2043.68,212.0
overload,lost,180,9,157,23,19,42,73.63,0.176,returning,6005.9,551.0
optimizer,lost,180,9,165,15,14,22,7.83,0.196,integrated,5029.2,495.0
low_energy,lost,180,9,80,100,43,28,0,0.225,returning,732.8,80.0
adversarial,lost,180,9,133,47,41,50,74.11,0.176,returning,6682.2,602.0
perfect,burnout,180,9,177,3,3,24,4.06,0.169,sustainable,3540.0,354.0
cautious,burnout,180,9,109,71,43,12,0,0.193,returning,1020.24,109.0
balanced,burnout,180,9,145,35,27,21,0,0.183,sustainable,2842.0,290.0
chaotic,burnout,180,9,91,89,48,13,1.6,0.19,sustainable,2828.28,273.0
high_skip,burnout,180,9,45,135,34,3,0,0.244,returning,424.8,45.0
returning,burnout,180,9,104,76,45,16,0,0.183,returning,2005.12,208.0
overload,burnout,180,9,162,18,17,45,73.45,0.172,returning,6158.5,565.0
optimizer,burnout,180,9,166,14,13,20,19.16,0.193,integrated,5059.68,498.0
low_energy,burnout,180,9,83,97,47,35,0,0.205,returning,760.28,83.0
adversarial,burnout,180,9,127,53,38,47,69.62,0.175,sustainable,6393.6,576.0
perfect,potential,180,9,180,0,0,25,4.06,0.167,integrated,3600.0,360.0
cautious,potential,180,9,110,70,44,15,0,0.2,returning,1029.6,110.0
balanced,potential,180,9,145,35,28,22,2.61,0.172,sustainable,2842.0,290.0
chaotic,potential,180,9,94,86,42,8,5.8,0.177,integrated,2921.52,282.0
high_skip,potential,180,9,40,140,33,8,0,0.25,returning,377.6,40.0
returning,potential,180,9,106,74,42,17,0,0.198,sustainable,2043.68,212.0
overload,potential,180,9,160,20,18,44,75.17,0.171,returning,6180.3,567.0
optimizer,potential,180,9,169,11,11,24,4.7,0.197,integrated,5151.12,507.0
low_energy,potential,180,9,82,98,42,30,0,0.195,returning,751.12,82.0
adversarial,potential,180,9,116,64,37,40,69.43,0.182,sustainable,5905.2,532.0
perfect,return,180,9,178,2,2,25,4.06,0.169,integrated,3560.0,356.0
cautious,return,180,9,101,79,39,16,0,0.198,returning,945.36,101.0
balanced,return,180,9,143,37,30,18,2.09,0.175,sustainable,2802.8,286.0
chaotic,return,180,9,82,98,46,18,0.01,0.183,sustainable,2548.56,246.0
high_skip,return,180,9,46,134,36,7,0,0.239,returning,434.24,46.0
returning,return,180,9,107,73,49,19,0,0.196,sustainable,2062.96,214.0
overload,return,180,9,160,20,18,44,67.76,0.173,sustainable,6104.0,560.0
optimizer,return,180,9,169,11,9,25,4.06,0.197,integrated,5151.12,507.0
low_energy,return,180,9,94,86,48,33,0,0.181,returning,861.04,94.0
adversarial,return,180,9,121,59,38,43,74.16,0.179,returning,6216.0,560.0
perfect,lost,30,10,30,0,0,4,1.62,0.167,open,600.0,60.0
cautious,lost,30,10,18,12,6,3,0,0.278,returning,168.48,18.0
balanced,lost,30,10,25,5,5,3,1.04,0.2,returning,490.0,50.0
chaotic,lost,30,10,13,17,6,2,0,0.179,returning,404.04,39.0
high_skip,lost,30,10,7,23,5,1,0,0.286,returning,66.08,7.0
returning,lost,30,10,16,14,7,3,0.29,0.25,returning,308.48,32.0
overload,lost,30,10,26,4,3,4,60.28,0.183,open,1133.6,104.0
optimizer,lost,30,10,28,2,2,4,3.13,0.19,open,853.44,84.0
low_energy,lost,30,10,15,15,6,4,0,0.267,returning,137.4,15.0
adversarial,lost,30,10,24,6,5,5,75.61,0.171,returning,1298.7,117.0
perfect,burnout,30,10,30,0,0,4,1.62,0.167,open,600.0,60.0
cautious,burnout,30,10,18,12,8,2,0,0.278,returning,168.48,18.0
balanced,burnout,30,10,22,8,5,4,0.52,0.182,returning,431.2,44.0
chaotic,burnout,30,10,19,11,7,3,0,0.175,returning,590.52,57.0
high_skip,burnout,30,10,7,23,5,2,0,0.286,returning,66.08,7.0
returning,burnout,30,10,16,14,9,3,0.29,0.219,returning,308.48,32.0
overload,burnout,30,10,28,2,1,4,76.98,0.174,overloaded,1188.1,109.0
optimizer,burnout,30,10,26,4,3,4,0,0.192,open,792.48,78.0
low_energy,burnout,30,10,20,10,6,7,0,0.25,returning,183.2,20.0
adversarial,burnout,30,10,20,10,6,3,69.33,0.189,returning,1054.5,95.0
perfect,potential,30,10,29,1,1,3,4.3,0.172,open,580.0,58.0
cautious,potential,30,10,19,11,10,3,0,0.263,returning,177.84,19.0
balanced,potential,30,10,27,3,3,2,1.98,0.185,open,529.2,54.0
chaotic,potential,30,10,16,14,7,2,1.2,0.188,returning,497.28,48.0
high_skip,potential,30,10,8,22,7,1,0,0.375,returning,75.52,8.0
returning,potential,30,10,15,15,5,3,0.29,0.2,returning,289.2,30.0
overload,potential,30,10,27,3,3,4,65.66,0.187,open,1166.3,107.0
optimizer,potential,30,10,28,2,2,4,3.13,0.19,open,853.44,84.0
low_energy,potential,30,10,11,19,8,4,0,0.273,returning,100.76,11.0
adversarial,potential,30,10,21,9,8,3,74.16,0.184,returning,1143.3,103.0
perfect,return,30,10,30,0,0,4,1.62,0.167,open,600.0,60.0
cautious,return,30,10,14,16,7,2,0,0.286,returning,131.04,14.0
balanced,return,30,10,24,6,5,3,1.04,0.188,returning,470.4,48.0
chaotic,return,30,10,15,15,7,2,0,0.222,returning,466.2,45.0
high_skip,return,30,10,4,26,3,1,0,0.5,open,37.76,4.0
returning,return,30,10,19,11,7,3,0.29,0.237,returning,366.32,38.0
overload,return,30,10,28,2,2,4,72.09,0.171,overloaded,1209.9,111.0
optimizer,return,30,10,29,1,1,4,3.13,0.195,open,883.92,87.0
low_energy,return,30,10,19,11,7,4,0,0.263,returning,174.04,19.0
adversarial,return,30,10,23,7,6,5,67.39,0.179,returning,1243.2,112.0
perfect,lost,90,10,86,4,4,11,4.87,0.174,returning,1720.0,172.0
cautious,lost,90,10,57,33,21,7,0,0.228,returning,533.52,57.0
balanced,lost,90,10,75,15,14,10,1.04,0.18,returning,1470.0,150.0
chaotic,lost,90,10,40,50,21,6,5.8,0.192,returning,1243.2,120.0
high_skip,lost,90,10,23,67,17,3,0,0.261,returning,217.12,23.0
returning,lost,90,10,50,40,22,4,0.87,0.18,returning,964.0,100.0
overload,lost,90,10,72,18,16,15,72.55,0.178,returning,2823.1,259.0
optimizer,lost,90,10,84,6,5,12,9.4,0.194,sustainable,2560.32,252.0
low_energy,lost,90,10,44,46,22,15,0,0.205,returning,403.04,44.0
adversarial,lost,90,10,63,27,20,20,75.02,0.171,returning,3241.2,292.0
perfect,burnout,90,10,90,0,0,12,4.87,0.167,open,1800.0,180.0
cautious,burnout,90,10,47,43,22,6,0,0.213,returning,439.92,47.0
balanced,burnout,90,10,74,16,13,11,0.52,0.176,returning,1450.4,148.0
chaotic,burnout,90,10,46,44,20,3,6.0,0.181,returning,1429.68,138.0
high_skip,burnout,90,10,21,69,16,5,0,0.286,returning,198.24,21.0
returning,burnout,90,10,55,35,24,8,0.58,0.191,returning,1060.4,110.0
overload,burnout,90,10,82,8,8,21,73.66,0.173,returning,3215.5,295.0
optimizer,burnout,90,10,84,6,5,11,9.4,0.19,sustainable,2560.32,252.0
low_energy,burnout,90,10,45,45,20,19,0,0.2,returning,412.2,45.0
adversarial,burnout,90,10,62,28,19,20,75.01,0.181,returning,3196.8,288.0
perfect,potential,90,10,87,3,2,11,1.86,0.172,sustainable,1740.0,174.0
cautious,potential,90,10,53,37,23,8,0,0.226,returning,496.08,53.0
balanced,potential,90,10,68,22,18,9,0,0.184,returning,1332.8,136.0
chaotic,potential,90,10,51,39,22,9,0,0.183,sustainable,1585.08,153.0
high_skip,potential,90,10,21,69,16,4,0,0.286,returning,198.24,21.0
returning,potential,90,10,52,38,23,5,0.58,0.212,returning,1002.56,104.0
overload,potential,90,10,77,13,12,18,69.6,0.173,sustainable,3019.3,277.0
optimizer,potential,90,10,88,2,2,12,9.4,0.193,sustainable,2682.24,264.0
low_energy,potential,90,10,47,43,22,19,0,0.191,returning,430.52,47.0
adversarial,potential,90,10,66,24,17,22,75.27,0.174,returning,3385.5,305.0
perfect,return,90,10,90,0,0,12,4.87,0.167,sustainable,1800.0,180.0
cautious,return,90,10,56,34,24,9,0,0.232,returning,524.16,56.0
balanced,return,90,10,74,16,11,10,0.52,0.182,returning,1450.4,148.0
chaotic,return,90,10,35,55,23,6,0,0.181,returning,1087.8,105.0
high_skip,return,90,10,22,68,17,3,0,0.273,returning,207.68,22.0
returning,return,90,10,55,35,20,9,0.58,0.182,returning,1060.4,110.0
overload,return,90,10,80,10,10,19,77.91,0.176,returning,3150.1,289.0
optimizer,return,90,10,84,6,6,11,9.4,0.194,sustainable,2560.32,252.0
low_energy,return,90,10,39,51,17,13,0,0.205,returning,357.24,39.0
adversarial,return,90,10,64,26,18,22,63.84,0.181,sustainable,3307.8,298.0
perfect,lost,180,10,178,2,2,25,4.06,0.169,integrated,3560.0,356.0
cautious,lost,180,10,100,80,49,16,0,0.22,returning,936.0,100.0
balanced,lost,180,10,134,46,38,19,0,0.172,sustainable,2626.4,268.0
chaotic,lost,180,10,77,103,43,12,2.0,0.199,sustainable,2393.16,231.0
high_skip,lost,180,10,43,137,35,9,0,0.209,returning,405.92,43.0
returning,lost,180,10,91,89,44,13,0.29,0.176,returning,1754.48,182.0
overload,lost,180,10,163,17,17,46,69.3,0.175,sustainable,6278.4,576.0
optimizer,lost,180,10,169,11,8,24,1.57,0.195,integrated,5151.12,507.0
low_energy,lost,180,10,83,97,42,30,0,0.205,returning,760.28,83.0
adversarial,lost,180,10,122,58,40,43,73.7,0.171,returning,6182.7,557.0
perfect,burnout,180,10,178,2,2,25,4.06,0.169,sustainable,3560.0,356.0
cautious,burnout,180,10,112,68,37,15,0,0.179,returning,1048.32,112.0
balanced,burnout,180,10,144,36,28,23,0,0.174,sustainable,2822.4,288.0
chaotic,burnout,180,10,86,94,43,10,4.0,0.178,sustainable,2672.88,258.0
high_skip,burnout,180,10,36,144,26,7,0,0.194,returning,339.84,36.0
returning,burnout,180,10,101,79,46,13,0.29,0.188,returning,1947.28,202.0
overload,burnout,180,10,158,22,20,43,75.01,0.177,returning,6038.6,554.0
optimizer,burnout,180,10,169,11,11,23,7.83,0.195,integrated,5151.12,507.0
low_energy,burnout,180,10,85,95,45,29,0,0.212,returning,778.6,85.0
adversarial,burnout,180,10,122,58,40,43,73.73,0.178,returning,6127.2,552.0
perfect,potential,180,10,178,2,2,25,4.06,0.169,integrated,3560.0,356.0
cautious,potential,180,10,113,67,41,17,0,0.212,returning,1057.68,113.0
balanced,potential,180,10,137,43,32,19,0.52,0.179,sustainable,2685.2,274.0
chaotic,potential,180,10,98,82,42,11,2.0,0.18,integrated,3045.84,294.0
high_skip,potential,180,10,38,142,28,5,0,0.237,returning,358.72,38.0
returning,potential,180,10,103,77,45,14,0,0.18,sustainable,1985.84,206.0
overload,potential,180,10,162,18,17,45,77.04,0.177,returning,6267.5,575.0
optimizer,potential,180,10,169,11,11,25,7.83,0.199,integrated,5151.12,507.0
low_energy,potential,180,10,80,100,47,28,0,0.188,returning,732.8,80.0
adversarial,potential,180,10,117,63,39,39,73.45,0.174,returning,5871.9,529.0
perfect,return,180,10,180,0,0,25,4.06,0.167,integrated,3600.0,360.0
cautious,return,180,10,120,60,42,17,0,0.208,returning,1123.2,120.0
balanced,return,180,10,139,41,38,17,2.61,0.176,sustainable,2724.4,278.0
chaotic,return,180,10,93,87,44,11,3.21,0.176,integrated,2890.44,279.0
high_skip,return,180,10,46,134,38,8,0,0.239,returning,434.24,46.0
returning,return,180,10,109,71,45,17,0.29,0.179,sustainable,2101.52,218.0
overload,return,180,10,149,31,23,39,68.92,0.173,sustainable,5798.8,532.0
optimizer,return,180,10,171,9,9,24,7.83,0.197,integrated,5212.08,513.0
low_energy,return,180,10,88,92,39,35,0,0.205,returning,806.08,88.0
adversarial,return,180,10,123,57,40,43,71.34,0.181,returning,6149.4,554.0
perfect,lost,30,11,30,0,0,4,1.62,0.167,open,600.0,60.0
cautious,lost,30,11,18,12,7,3,0,0.222,returning,168.48,18.0
balanced,lost,30,11,26,4,1,4,1.04,0.192,open,509.6,52.0
chaotic,lost,30,11,18,12,8,4,0,0.204,returning,559.44,54.0
high_skip,lost,30,11,7,23,5,0,0,0.286,returning,66.08,7.0
returning,lost,30,11,18,12,8,4,0.29,0.194,returning,347.04,36.0
overload,lost,30,11,29,1,1,4,76.41,0.177,overloaded,1231.7,113.0
optimizer,lost,30,11,27,3,3,4,3.13,0.198,open,822.96,81.0
low_energy,lost,30,11,17,13,7,5,0,0.176,returning,155.72,17.0
adversarial,lost,30,11,26,4,4,6,75.03,0.18,returning,1354.2,122.0
perfect,burnout,30,11,30,0,0,4,1.62,0.167,open,600.0,60.0
cautious,burnout,30,11,20,10,8,2,0,0.25,returning,187.2,20.0
balanced,burnout,30,11,24,6,4,4,1.04,0.188,returning,470.4,48.0
chaotic,burnout,30,11,14,16,7,1,0,0.167,returning,435.12,42.0
high_skip,burnout,30,11,9,21,6,1,0,0.222,returning,84.96,9.0
returning,burnout,30,11,15,15,8,1,0.29,0.2,returning,289.2,30.0
overload,burnout,30,11,30,0,0,5,75.67,0.175,overloaded,1242.6,114.0
optimizer,burnout,30,11,27,3,3,4,1.68,0.185,open,822.96,81.0
low_energy,burnout,30,11,18,12,5,7,0,0.278,returning,164.88,18.0
adversarial,burnout,30,11,22,8,8,4,75.97,0.179,returning,1176.6,106.0
perfect,potential,30,11,30,0,0,4,1.62,0.167,open,600.0,60.0
cautious,potential,30,11,17,13,8,3,0,0.235,returning,159.12,17.0
balanced,potential,30,11,22,8,6,4,0,0.205,returning,431.2,44.0
chaotic,potential,30,11,14,16,8,2,2.0,0.19,returning,435.12,42.0
high_skip,potential,30,11,4,26,3,1,0,0.5,open,37.76,4.0
returning,potential,30,11,14,16,4,2,0,0.286,returning,269.92,28.0
overload,potential,30,11,29,1,1,4,76.41,0.168,overloaded,1231.7,113.0
optimizer,potential,30,11,29,1,1,4,3.13,0.195,open,883.92,87.0
low_energy,potential,30,11,11,19,4,1,0,0.273,returning,100.76,11.0
adversarial,potential,30,11,22,8,7,4,68.97,0.17,returning,1176.6,106.0
perfect,return,30,11,29,1,1,4,1.62,0.172,open,580.0,58.0
cautious,return,30,11,19,11,7,3,0,0.263,returning,177.84,19.0
balanced,return,30,11,22,8,7,2,1.04,0.227,returning,431.2,44.0
chaotic,return,30,11,13,17,8,1,0,0.205,returning,404.04,39.0
high_skip,return,30,11,2,28,2,0,0,0.5,open,18.88,2.0
returning,return,30,11,20,10,8,3,0.29,0.2,returning,385.6,40.0
overload,return,30,11,30,0,0,5,70.79,0.172,open,1264.4,116.0
optimizer,return,30,11,30,0,0,4,5.98,0.189,open,914.4,90.0
low_energy,return,30,11,17,13,8,7,0,0.294,returning,155.72,17.0
adversarial,return,30,11,20,10,7,3,68.35,0.18,returning,1110.0,100.0
perfect,lost,90,11,89,1,1,11,4.87,0.169,open,1780.0,178.0
cautious,lost,90,11,59,31,23,7,0,0.203,returning,552.24,59.0
balanced,lost,90,11,67,23,16,11,0.41,0.179,returning,1313.2,134.0
chaotic,lost,90,11,53,37,18,8,5.21,0.195,sustainable,1647.24,159.0
high_skip,lost,90,11,31,59,21,2,0,0.29,returning,292.64,31.0
returning,lost,90,11,51,39,22,6,1.74,0.176,returning,983.28,102.0
overload,lost,90,11,78,12,10,18,77.1,0.174,returning,3073.8,282.0
optimizer,lost,90,11,81,9,9,10,12.79,0.193,sustainable,2468.88,243.0
low_energy,lost,90,11,34,56,19,12,0,0.206,returning,311.44,34.0
adversarial,lost,90,11,59,31,23,17,75.15,0.18,returning,3019.2,272.0
perfect,burnout,90,11,90,0,0,12,4.87,0.167,open,1800.0,180.0
cautious,burnout,90,11,59,31,25,7,0,0.203,returning,552.24,59.0
balanced,burnout,90,11,72,18,14,11,1.04,0.181,returning,1411.2,144.0
chaotic,burnout,90,11,41,49,18,4,4.0,0.171,returning,1274.28,123.0
high_skip,burnout,90,11,19,71,15,3,0,0.316,returning,179.36,19.0
returning,burnout,90,11,54,36,20,5,0,0.194,returning,1041.12,108.0
overload,burnout,90,11,73,17,14,17,72.45,0.177,returning,2953.9,271.0
optimizer,burnout,90,11,86,4,4,12,9.4,0.194,sustainable,2621.28,258.0
low_energy,burnout,90,11,38,52,20,12,0,0.211,returning,348.08,38.0
adversarial,burnout,90,11,61,29,23,19,69.37,0.178,sustainable,3063.6,276.0
perfect,potential,90,11,89,1,1,12,2.44,0.169,sustainable,1780.0,178.0
cautious,potential,90,11,54,36,22,7,0,0.185,returning,505.44,54.0
balanced,potential,90,11,73,17,10,12,3.13,0.178,returning,1430.8,146.0
chaotic,potential,90,11,41,49,27,5,0,0.179,sustainable,1274.28,123.0
high_skip,potential,90,11,29,61,16,6,0,0.241,returning,273.76,29.0
returning,potential,90,11,60,30,23,6,1.16,0.2,returning,1156.8,120.0
overload,potential,90,11,83,7,7,21,74.15,0.173,returning,3270.0,300.0
optimizer,potential,90,11,82,8,7,11,12.79,0.195,sustainable,2499.36,246.0
low_energy,potential,90,11,40,50,23,13,0,0.225,returning,366.4,40.0
adversarial,potential,90,11,61,29,19,19,70.99,0.184,returning,3130.2,282.0
perfect,return,90,11,89,1,1,12,4.87,0.169,sustainable,1780.0,178.0
cautious,return,90,11,62,28,21,9,0,0.194,returning,580.32,62.0
balanced,return,90,11,66,24,16,8,0.52,0.182,returning,1293.6,132.0
chaotic,return,90,11,45,45,26,4,0,0.185,returning,1398.6,135.0
high_skip,return,90,11,16,74,15,2,0,0.312,returning,151.04,16.0
returning,return,90,11,61,29,21,7,0.87,0.18,returning,1176.08,122.0
overload,return,90,11,81,9,7,20,69.11,0.18,sustainable,3150.1,289.0
optimizer,return,90,11,87,3,3,11,11.64,0.192,sustainable,2651.76,261.0
low_energy,return,90,11,39,51,22,13,0,0.256,returning,357.24,39.0
adversarial,return,90,11,62,28,21,20,68.01,0.174,sustainable,3196.8,288.0
perfect,lost,180,11,178,2,2,24,4.06,0.169,integrated,3560.0,356.0
cautious,lost,180,11,118,62,41,17,0,0.186,returning,1104.48,118.0
balanced,lost,180,11,148,32,26,23,2.09,0.176,sustainable,2900.8,296.0
chaotic,lost,180,11,94,86,46,13,6.0,0.177,sustainable,2921.52,282.0
high_skip,lost,180,11,44,136,29,8,0,0.227,returning,415.36,44.0
returning,lost,180,11,112,68,44,15,0.58,0.205,sustainable,2159.36,224.0
overload,lost,180,11,150,30,26,39,69.0,0.174,sustainable,5777.0,530.0
optimizer,lost,180,11,172,8,8,23,11.22,0.196,integrated,5242.56,516.0
low_energy,lost,180,11,86,94,45,27,0,0.198,returning,787.76,86.0
adversarial,lost,180,11,133,47,36,50,75.31,0.172,returning,6693.3,603.0
perfect,burnout,180,11,177,3,3,24,4.06,0.169,sustainable,3540.0,354.0
cautious,burnout,180,11,107,73,37,16,0,0.187,returning,1001.52,107.0
balanced,burnout,180,11,146,34,28,23,0,0.175,sustainable,2861.6,292.0
chaotic,burnout,180,11,90,90,44,15,7.41,0.196,sustainable,2797.2,270.0
high_skip,burnout,180,11,49,131,34,7,0,0.245,returning,462.56,49.0
returning,burnout,180,11,107,73,45,16,0.87,0.182,returning,2062.96,214.0
overload,burnout,180,11,165,15,15,47,69.7,0.174,sustainable,6278.4,576.0
optimizer,burnout,180,11,167,13,13,23,14.95,0.198,integrated,5090.16,501.0
low_energy,burnout,180,11,87,93,46,31,0,0.23,returning,796.92,87.0
adversarial,burnout,180,11,127,53,37,47,68.41,0.176,sustainable,6382.5,575.0
perfect,potential,180,11,179,1,1,25,4.06,0.168,integrated,3580.0,358.0
cautious,potential,180,11,114,66,42,17,0,0.193,returning,1067.04,114.0
balanced,potential,180,11,146,34,25,22,2.61,0.178,sustainable,2861.6,292.0
chaotic,potential,180,11,84,96,40,13,0,0.198,sustainable,2610.72,252.0
high_skip,potential,180,11,42,138,32,7,0,0.19,returning,396.48,42.0
returning,potential,180,11,111,69,44,17,0,0.203,sustainable,2140.08,222.0
overload,potential,180,11,162,18,17,45,69.63,0.173,sustainable,6191.2,568.0
optimizer,potential,180,11,165,15,13,23,7.83,0.198,integrated,5029.2,495.0
low_energy,potential,180,11,91,89,46,40,0,0.198,returning,833.56,91.0
adversarial,potential,180,11,126,54,38,46,74.6,0.178,returning,6349.2,572.0
perfect,return,180,11,179,1,1,25,4.06,0.168,integrated,3580.0,358.0
cautious,return,180,11,111,69,44,12,0,0.216,returning,1038.96,111.0
balanced,return,180,11,152,28,23,21,0.52,0.178,sustainable,2979.2,304.0
chaotic,return,180,11,96,84,47,10,5.21,0.188,integrated,2983.68,288.0
high_skip,return,180,11,39,141,32,3,0,0.231,returning,368.16,39.0
returning,return,180,11,108,72,42,17,0.87,0.199,sustainable,2082.24,216.0
overload,return,180,11,160,20,17,43,73.47,0.177,returning,6049.5,555.0
optimizer,return,180,11,171,9,9,24,7.83,0.197,integrated,5212.08,513.0
low_energy,return,180,11,97,83,45,39,0,0.206,returning,888.52,97.0
adversarial,return,180,11,124,56,35,45,69.59,0.178,sustainable,6315.9,569.0
perfect,lost,30,12,30,0,0,4,1.62,0.167,open,600.0,60.0
cautious,lost,30,12,16,14,9,0,0,0.312,returning,149.76,16.0
balanced,lost,30,12,23,7,4,2,1.04,0.196,returning,450.8,46.0
chaotic,lost,30,12,16,14,6,1,1.2,0.188,returning,497.28,48.0
high_skip,lost,30,12,8,22,6,1,0,0.375,returning,75.52,8.0
returning,lost,30,12,16,14,7,2,0,0.25,returning,308.48,32.0
overload,lost,30,12,28,2,2,4,72.09,0.18,overloaded,1209.9,111.0
optimizer,lost,30,12,28,2,1,4,0,0.19,open,853.44,84.0
low_energy,lost,30,12,13,17,7,3,0,0.308,returning,119.08,13.0
adversarial,lost,30,12,14,16,6,3,19.09,0.186,returning,777.0,70.0
perfect,burnout,30,12,29,1,1,4,1.62,0.172,open,580.0,58.0
cautious,burnout,30,12,16,14,8,2,0,0.188,returning,149.76,16.0
balanced,burnout,30,12,26,4,4,3,1.04,0.173,returning,509.6,52.0
chaotic,burnout,30,12,14,16,8,1,4.0,0.214,returning,435.12,42.0
high_skip,burnout,30,12,7,23,5,0,0,0.429,returning,66.08,7.0
returning,burnout,30,12,25,5,3,4,0.58,0.2,open,482.0,50.0
overload,burnout,30,12,23,7,6,4,47.98,0.174,returning,1002.8,92.0
optimizer,burnout,30,12,27,3,3,4,3.13,0.198,open,822.96,81.0
low_energy,burnout,30,12,15,15,8,6,0,0.333,returning,137.4,15.0
adversarial,burnout,30,12,24,6,4,6,69.2,0.183,returning,1276.5,115.0
perfect,potential,30,12,30,0,0,4,1.62,0.167,open,600.0,60.0
cautious,potential,30,12,21,9,8,3,0,0.238,returning,196.56,21.0
balanced,potential,30,12,18,12,6,3,0,0.222,returning,352.8,36.0
chaotic,potential,30,12,14,16,6,2,0,0.214,returning,435.12,42.0
high_skip,potential,30,12,9,21,5,1,0,0.333,returning,84.96,9.0
returning,potential,30,12,17,13,7,2,0.58,0.206,returning,327.76,34.0
overload,potential,30,12,26,4,3,3,69.17,0.176,open,1111.8,102.0
optimizer,potential,30,12,27,3,3,4,3.13,0.198,open,822.96,81.0
low_energy,potential,30,12,18,12,8,6,0,0.222,returning,164.88,18.0
adversarial,potential,30,12,21,9,7,4,65.57,0.171,returning,1165.5,105.0
perfect,return,30,12,30,0,0,4,1.62,0.167,open,600.0,60.0
cautious,return,30,12,25,5,3,4,0,0.2,open,234.0,25.0
balanced,return,30,12,24,6,6,2,1.04,0.208,returning,470.4,48.0
chaotic,return,30,12,10,20,6,2,0,0.2,returning,310.8,30.0
high_skip,return,30,12,6,24,5,1,0,0.333,returning,56.64,6.0
returning,return,30,12,17,13,9,1,0.29,0.235,returning,327.76,34.0
overload,return,30,12,27,3,3,4,66.72,0.176,open,1177.2,108.0
optimizer,return,30,12,28,2,2,4,3.13,0.19,open,853.44,84.0
low_energy,return,30,12,15,15,10,7,0,0.267,returning,137.4,15.0
adversarial,return,30,12,27,3,2,7,71.04,0.183,open,1398.6,126.0
perfect,lost,90,12,88,2,2,12,4.87,0.17,open,1760.0,176.0
cautious,lost,90,12,55,35,19,8,0,0.2,returning,514.8,55.0
balanced,lost,90,12,73,17,14,6,3.13,0.192,returning,1430.8,146.0
chaotic,lost,90,12,44,46,21,7,0,0.197,returning,1367.52,132.0
high_skip,lost,90,12,21,69,13,4,0,0.238,returning,198.24,21.0
returning,lost,90,12,45,45,24,7,0,0.222,returning,867.6,90.0
overload,lost,90,12,80,10,9,20,69.02,0.175,sustainable,3171.9,291.0
optimizer,lost,90,12,87,3,3,12,9.4,0.195,sustainable,2651.76,261.0
low_energy,lost,90,12,36,54,24,14,0,0.194,returning,329.76,36.0
adversarial,lost,90,12,66,24,16,22,72.86,0.175,returning,3363.3,303.0
perfect,burnout,90,12,90,0,0,12,4.87,0.167,open,1800.0,180.0
cautious,burnout,90,12,55,35,26,8,0,0.218,returning,514.8,55.0
balanced,burnout,90,12,74,16,14,10,2.09,0.182,returning,1450.4,148.0
chaotic,burnout,90,12,40,50,26,8,0,0.192,returning,1243.2,120.0
high_skip,burnout,90,12,18,72,15,1,0,0.278,returning,169.92,18.0
returning,burnout,90,12,51,39,20,7,0.87,0.196,returning,983.28,102.0
overload,burnout,90,12,74,16,12,17,71.48,0.172,returning,2921.2,268.0
optimizer,burnout,90,12,83,7,6,11,9.02,0.193,sustainable,2529.84,249.0
low_energy,burnout,90,12,47,43,21,11,0,0.213,returning,430.52,47.0
adversarial,burnout,90,12,69,21,17,24,71.68,0.175,returning,3429.9,309.0
perfect,potential,90,12,90,0,0,12,4.87,0.167,sustainable,1800.0,180.0
cautious,potential,90,12,58,32,19,7,0,0.19,returning,542.88,58.0
balanced,potential,90,12,67,23,15,9,3.13,0.179,returning,1313.2,134.0
chaotic,potential,90,12,49,41,22,5,12.81,0.19,sustainable,1522.92,147.0
high_skip,potential,90,12,29,61,20,6,0,0.207,returning,273.76,29.0
returning,potential,90,12,49,41,26,3,0,0.204,returning,944.72,98.0
overload,potential,90,12,81,9,9,20,69.11,0.173,sustainable,3150.1,289.0
optimizer,potential,90,12,83,7,7,12,9.4,0.197,sustainable,2529.84,249.0
low_energy,potential,90,12,41,49,22,14,0,0.195,returning,375.56,41.0
adversarial,potential,90,12,60,30,25,18,68.76,0.182,sustainable,3041.4,274.0
perfect,return,90,12,89,1,1,12,4.87,0.169,sustainable,1780.0,178.0
cautious,return,90,12,48,42,21,6,0,0.188,returning,449.28,48.0
balanced,return,90,12,71,19,13,8,3.13,0.183,returning,1391.6,142.0
chaotic,return,90,12,40,50,21,4,7.8,0.192,returning,1243.2,120.0
high_skip,return,90,12,20,70,15,1,0,0.25,returning,188.8,20.0
returning,return,90,12,53,37,20,9,0,0.208,returning,1021.84,106.0
overload,return,90,12,80,10,7,20,72.62,0.179,returning,3171.9,291.0
optimizer,return,90,12,84,6,6,11,12.75,0.194,sustainable,2560.32,252.0
low_energy,return,90,12,42,48,21,12,0,0.214,returning,384.72,42.0
adversarial,return,90,12,63,27,17,20,70.21,0.174,returning,3196.8,288.0
perfect,lost,180,12,176,4,4,24,4.06,0.17,integrated,3520.0,352.0
cautious,lost,180,12,113,67,39,19,0,0.177,returning,1057.68,113.0
balanced,lost,180,12,134,46,36,20,2.61,0.175,sustainable,2626.4,268.0
chaotic,lost,180,12,88,92,48,18,10.0,0.189,sustainable,2735.04,264.0
high_skip,lost,180,12,57,123,39,8,0,0.211,returning,538.08,57.0
returning,lost,180,12,100,80,42,12,0,0.19,returning,1928.0,200.0
overload,lost,180,12,157,23,19,43,70.04,0.172,returning,6082.2,558.0
optimizer,lost,180,12,169,11,8,21,13.45,0.195,integrated,5151.12,507.0
low_energy,lost,180,12,94,86,41,36,0,0.191,returning,861.04,94.0
adversarial,lost,180,12,127,53,34,47,74.65,0.174,returning,6504.6,586.0
perfect,burnout,180,12,175,5,5,23,4.06,0.171,sustainable,3500.0,350.0
cautious,burnout,180,12,106,74,42,14,0,0.189,returning,992.16,106.0
balanced,burnout,180,12,145,35,28,19,0,0.172,sustainable,2842.0,290.0
chaotic,burnout,180,12,109,71,43,15,5.8,0.183,integrated,3387.72,327.0
high_skip,burnout,180,12,46,134,29,4,0,0.217,returning,434.24,46.0
returning,burnout,180,12,100,80,46,13,0,0.185,returning,1928.0,200.0
overload,burnout,180,12,156,24,21,42,76.32,0.175,returning,5984.1,549.0
optimizer,burnout,180,12,169,11,11,22,11.1,0.195,integrated,5151.12,507.0
low_energy,burnout,180,12,87,93,41,35,0,0.184,returning,796.92,87.0
adversarial,burnout,180,12,131,49,36,50,69.49,0.171,sustainable,6615.6,596.0
perfect,potential,180,12,176,4,4,24,3.25,0.17,integrated,3520.0,352.0
cautious,potential,180,12,113,67,41,14,0,0.204,returning,1057.68,113.0
balanced,potential,180,12,140,40,32,18,1.04,0.189,sustainable,2744.0,280.0
chaotic,potential,180,12,83,97,40,9,2.0,0.193,sustainable,2579.64,249.0
high_skip,potential,180,12,41,139,32,8,0,0.268,returning,387.04,41.0
returning,potential,180,12,91,89,41,11,0,0.198,sustainable,1754.48,182.0
overload,potential,180,12,148,32,25,38,69.25,0.177,sustainable,5711.6,524.0
optimizer,potential,180,12,169,11,10,24,7.83,0.195,integrated,5151.12,507.0
low_energy,potential,180,12,84,96,44,33,0,0.19,returning,769.44,84.0
adversarial,potential,180,12,132,48,32,50,70.7,0.176,returning,6671.1,601.0
perfect,return,180,12,178,2,2,25,4.06,0.169,integrated,3560.0,356.0
cautious,return,180,12,121,59,47,16,0,0.182,returning,1132.56,121.0
balanced,return,180,12,149,31,29,24,0,0.181,sustainable,2920.4,298.0
chaotic,return,180,12,95,85,42,9,3.8,0.179,integrated,2952.6,285.0
high_skip,return,180,12,38,142,32,8,0,0.289,returning,358.72,38.0
returning,return,180,12,108,72,45,15,0,0.181,sustainable,2082.24,216.0
overload,return,180,12,155,25,22,42,71.35,0.181,returning,6027.7,553.0
optimizer,return,180,12,173,7,7,23,10.39,0.195,integrated,5273.04,519.0
low_energy,return,180,12,84,96,45,26,0,0.214,returning,769.44,84.0
adversarial,return,180,12,130,50,38,48,77.47,0.171,returning,6571.2,592.0
perfect,lost,30,13,30,0,0,4,1.62,0.167,open,600.0,60.0
cautious,lost,30,13,20,10,6,1,0,0.25,returning,187.2,20.0
balanced,lost,30,13,24,6,5,4,0.52,0.188,returning,470.4,48.0
chaotic,lost,30,13,19,11,7,2,9.81,0.175,returning,590.52,57.0
high_skip,lost,30,13,3,27,3,0,0,0.333,open,28.32,3.0
returning,lost,30,13,16,14,7,3,0.58,0.281,returning,308.48,32.0
overload,lost,30,13,30,0,0,5,70.79,0.172,open,1264.4,116.0
optimizer,lost,30,13,29,1,1,4,3.13,0.195,open,883.92,87.0
low_energy,lost,30,13,11,19,8,5,0,0.364,returning,100.76,11.0
adversarial,lost,30,13,21,9,5,3,75.36,0.183,returning,1154.4,104.0
perfect,burnout,30,13,30,0,0,4,1.62,0.167,open,600.0,60.0
cautious,burnout,30,13,20,10,6,3,0,0.25,returning,187.2,20.0
balanced,burnout,30,13,26,4,3,4,1.04,0.192,open,509.6,52.0
chaotic,burnout,30,13,22,8,6,4,0,0.182,returning,683.76,66.0
high_skip,burnout,30,13,8,22,4,3,0,0.375,returning,75.52,8.0
returning,burnout,30,13,18,12,5,3,0.58,0.194,returning,347.04,36.0
overload,burnout,30,13,25,5,5,4,60.85,0.18,returning,1090.0,100.0
optimizer,burnout,30,13,29,1,1,4,9.21,0.184,open,883.92,87.0
low_energy,burnout,30,13,15,15,8,4,0,0.2,returning,137.4,15.0
adversarial,burnout,30,13,19,11,7,2,75.73,0.183,returning,1032.3,93.0
perfect,potential,30,13,30,0,0,4,1.62,0.167,open,600.0,60.0
cautious,potential,30,13,20,10,9,4,0,0.2,returning,187.2,20.0
balanced,potential,30,13,26,4,4,3,0.52,0.192,returning,509.6,52.0
chaotic,potential,30,13,17,13,9,2,4.0,0.216,returning,528.36,51.0
high_skip,potential,30,13,10,20,8,2,0,0.3,returning,94.4,10.0
returning,potential,30,13,15,15,8,2,0,0.233,returning,289.2,30.0
overload,potential,30,13,30,0,0,5,70.79,0.172,open,1264.4,116.0
optimizer,potential,30,13,27,3,3,4,3.13,0.198,open,822.96,81.0
low_energy,potential,30,13,16,14,6,5,0,0.25,returning,146.56,16.0
adversarial,potential,30,13,19,11,6,3,60.13,0.179,returning,1054.5,95.0
perfect,return,30,13,30,0,0,4,1.62,0.167,open,600.0,60.0
cautious,return,30,13,21,9,6,2,0,0.238,returning,196.56,21.0
balanced,return,30,13,19,11,6,2,1.04,0.211,returning,372.4,38.0
chaotic,return,30,13,15,15,8,1,7.21,0.222,returning,466.2,45.0
high_skip,return,30,13,8,22,5,3,0,0.5,returning,75.52,8.0
returning,return,30,13,18,12,5,4,0,0.167,returning,347.04,36.0
overload,return,30,13,28,2,2,4,71.03,0.173,open,1199.0,110.0
optimizer,return,30,13,29,1,1,4,3.13,0.184,open,883.92,87.0
low_energy,return,30,13,14,16,7,5,0,0.357,returning,128.24,14.0
adversarial,return,30,13,25,5,3,6,68.01,0.186,open,1309.8,118.0
perfect,lost,90,13,87,3,3,12,4.87,0.172,open,1740.0,174.0
cautious,lost,90,13,56,34,18,8,0,0.232,returning,524.16,56.0
balanced,lost,90,13,70,20,16,7,0,0.193,returning,1372.0,140.0
chaotic,lost,90,13,43,47,25,6,1.8,0.178,returning,1336.44,129.0
high_skip,lost,90,13,27,63,22,3,0,0.296,returning,254.88,27.0
returning,lost,90,13,55,35,25,5,1.45,0.2,returning,1060.4,110.0
overload,lost,90,13,77,13,13,18,69.6,0.173,sustainable,3019.3,277.0
optimizer,lost,90,13,83,7,7,12,9.4,0.197,sustainable,2529.84,249.0
low_energy,lost,90,13,45,45,25,16,0,0.244,returning,412.2,45.0
adversarial,lost,90,13,57,33,23,16,75.73,0.172,returning,2963.7,267.0
perfect,burnout,90,13,86,4,4,11,4.87,0.174,returning,1720.0,172.0
cautious,burnout,90,13,58,32,21,10,0,0.19,returning,542.88,58.0
balanced,burnout,90,13,65,25,17,10,3.13,0.192,returning,1274.0,130.0
chaotic,burnout,90,13,51,39,23,7,10.0,0.176,returning,1585.08,153.0
high_skip,burnout,90,13,23,67,18,3,0,0.217,returning,217.12,23.0
returning,burnout,90,13,51,39,21,6,0.58,0.206,returning,983.28,102.0
overload,burnout,90,13,76,14,11,18,70.17,0.179,returning,2975.7,273.0
optimizer,burnout,90,13,87,3,2,11,18.64,0.192,sustainable,2651.76,261.0
low_energy,burnout,90,13,43,47,24,15,0,0.233,returning,393.88,43.0
adversarial,burnout,90,13,68,22,16,24,76.7,0.175,returning,3496.5,315.0
perfect,potential,90,13,90,0,0,12,4.87,0.167,sustainable,1800.0,180.0
cautious,potential,90,13,52,38,23,5,0,0.192,returning,486.72,52.0
balanced,potential,90,13,73,17,12,10,0,0.178,returning,1430.8,146.0
chaotic,potential,90,13,44,46,22,5,6.0,0.167,sustainable,1367.52,132.0
high_skip,potential,90,13,20,70,13,2,0,0.35,returning,188.8,20.0
returning,potential,90,13,48,42,24,7,0.29,0.177,returning,925.44,96.0
overload,potential,90,13,78,12,11,19,69.27,0.179,sustainable,3106.5,285.0
optimizer,potential,90,13,86,4,4,11,16.52,0.194,sustainable,2621.28,258.0
low_energy,potential,90,13,43,47,24,16,0,0.209,returning,393.88,43.0
adversarial,potential,90,13,64,26,20,21,68.63,0.173,sustainable,3263.4,294.0
perfect,return,90,13,89,1,1,12,4.87,0.169,sustainable,1780.0,178.0
cautious,return,90,13,54,36,22,7,0,0.241,returning,505.44,54.0
balanced,return,90,13,68,22,15,9,2.09,0.176,returning,1332.8,136.0
chaotic,return,90,13,45,45,24,3,4.0,0.178,returning,1398.6,135.0
high_skip,return,90,13,19,71,15,4,0,0.263,returning,179.36,19.0
returning,return,90,13,50,40,26,7,1.16,0.18,returning,964.0,100.0
overload,return,90,13,80,10,10,19,76.85,0.184,returning,3139.2,288.0
optimizer,return,90,13,84,6,6,11,9.4,0.194,sustainable,2560.32,252.0
low_energy,return,90,13,41,49,24,14,0,0.22,returning,375.56,41.0
adversarial,return,90,13,60,30,20,18,66.35,0.18,sustainable,3019.2,272.0
perfect,lost,180,13,178,2,2,25,4.06,0.169,integrated,3560.0,356.0
cautious,lost,180,13,107,73,44,13,0,0.187,returning,1001.52,107.0
balanced,lost,180,13,148,32,26,24,2.09,0.182,sustainable,2900.8,296.0
chaotic,lost,180,13,89,91,43,12,2.0,0.187,sustainable,2766.12,267.0
high_skip,lost,180,13,39,141,32,5,0,0.308,returning,368.16,39.0
returning,lost,180,13,102,78,44,14,0,0.167,sustainable,1966.56,204.0
overload,lost,180,13,162,18,16,46,67.1,0.175,sustainable,6278.4,576.0
optimizer,lost,180,13,171,9,9,23,14.31,0.197,integrated,5212.08,513.0
low_energy,lost,180,13,90,90,48,29,0,0.211,returning,824.4,90.0
adversarial,lost,180,13,123,57,37,44,74.78,0.177,returning,6282.6,566.0
perfect,burnout,180,13,178,2,2,25,4.06,0.169,sustainable,3560.0,356.0
cautious,burnout,180,13,111,69,42,16,0,0.189,returning,1038.96,111.0
balanced,burnout,180,13,142,38,28,19,1.57,0.183,sustainable,2783.2,284.0
chaotic,burnout,180,13,90,90,38,9,9.04,0.181,sustainable,2797.2,270.0
high_skip,burnout,180,13,40,140,31,8,0,0.25,returning,377.6,40.0
returning,burnout,180,13,106,74,47,16,1.45,0.189,returning,2043.68,212.0
overload,burnout,180,13,160,20,18,44,77.94,0.174,returning,6136.7,563.0
optimizer,burnout,180,13,163,17,16,25,4.06,0.198,integrated,4968.24,489.0
low_energy,burnout,180,13,97,83,44,32,0,0.196,returning,888.52,97.0
adversarial,burnout,180,13,123,57,40,44,69.75,0.173,sustainable,6171.6,556.0
perfect,potential,180,13,177,3,3,25,4.06,0.169,integrated,3540.0,354.0
cautious,potential,180,13,117,63,45,14,0,0.188,returning,1095.12,117.0
balanced,potential,180,13,139,41,32,22,2.61,0.176,sustainable,2724.4,278.0
chaotic,potential,180,13,79,101,46,11,0,0.194,sustainable,2455.32,237.0
high_skip,potential,180,13,49,131,34,8,0,0.224,returning,462.56,49.0
returning,potential,180,13,94,86,42,14,0.29,0.186,sustainable,1812.32,188.0
overload,potential,180,13,155,25,24,41,74.94,0.179,returning,5951.4,546.0
optimizer,potential,180,13,171,9,9,24,4.06,0.197,integrated,5212.08,513.0
low_energy,potential,180,13,86,94,48,34,0,0.186,returning,787.76,86.0
adversarial,potential,180,13,120,60,38,41,73.5,0.175,returning,6027.3,543.0
perfect,return,180,13,180,0,0,25,4.06,0.167,integrated,3600.0,360.0
cautious,return,180,13,112,68,41,16,0,0.188,returning,1048.32,112.0
balanced,return,180,13,151,29,24,22,1.57,0.179,sustainable,2959.6,302.0
chaotic,return,180,13,95,85,42,18,8.0,0.179,integrated,2952.6,285.0
high_skip,return,180,13,56,124,37,10,0,0.25,returning,528.64,56.0
returning,return,180,13,105,75,45,15,0.29,0.205,sustainable,2024.4,210.0
overload,return,180,13,158,22,19,43,73.3,0.179,returning,6093.1,559.0
optimizer,return,180,13,164,16,15,22,11.22,0.197,integrated,4998.72,492.0
low_energy,return,180,13,81,99,45,29,0,0.198,returning,741.96,81.0
adversarial,return,180,13,123,57,43,44,67.56,0.17,sustainable,6216.0,560.0
perfect,lost,30,14,30,0,0,4,1.62,0.167,open,600.0,60.0
cautious,lost,30,14,24,6,4,3,0,0.208,returning,224.64,24.0
balanced,lost,30,14,22,8,6,3,0.52,0.205,returning,431.2,44.0
chaotic,lost,30,14,15,15,5,2,9.61,0.178,returning,466.2,45.0
high_skip,lost,30,14,11,19,7,1,0,0.273,returning,103.84,11.0
returning,lost,30,14,15,15,7,3,0.29,0.233,returning,289.2,30.0
overload,lost,30,14,27,3,3,4,65.66,0.178,open,1166.3,107.0
optimizer,lost,30,14,29,1,1,4,3.13,0.195,open,883.92,87.0
low_energy,lost,30,14,13,17,11,5,0,0.308,returning,119.08,13.0
adversarial,lost,30,14,20,10,9,2,75.74,0.175,returning,1076.7,97.0
perfect,burnout,30,14,30,0,0,4,1.62,0.167,open,600.0,60.0
cautious,burnout,30,14,20,10,5,3,0,0.25,returning,187.2,20.0
balanced,burnout,30,14,17,13,8,3,0,0.235,returning,333.2,34.0
chaotic,burnout,30,14,17,13,7,1,4.42,0.196,returning,528.36,51.0
high_skip,burnout,30,14,9,21,6,0,0,0.333,returning,84.96,9.0
returning,burnout,30,14,20,10,7,2,0.58,0.2,returning,385.6,40.0
overload,burnout,30,14,27,3,3,4,69.48,0.173,open,1133.6,104.0
optimizer,burnout,30,14,28,2,0,4,5.45,0.19,open,853.44,84.0
low_energy,burnout,30,14,20,10,7,7,0,0.25,returning,183.2,20.0
adversarial,burnout,30,14,28,2,2,8,75.26,0.176,overloaded,1454.1,131.0
perfect,potential,30,14,30,0,0,4,1.62,0.167,open,600.0,60.0
cautious,potential,30,14,21,9,9,4,0,0.238,returning,196.56,21.0
balanced,potential,30,14,28,2,0,4,0,0.179,open,548.8,56.0
chaotic,potential,30,14,17,13,7,3,0,0.196,returning,528.36,51.0
high_skip,potential,30,14,7,23,4,1,0,0.429,returning,66.08,7.0
returning,potential,30,14,15,15,6,3,0,0.233,returning,289.2,30.0
overload,potential,30,14,28,2,2,4,71.03,0.182,open,1199.0,110.0
optimizer,potential,30,14,28,2,2,4,3.13,0.19,open,853.44,84.0
low_energy,potential,30,14,19,11,5,6,0,0.211,returning,174.04,19.0
adversarial,potential,30,14,22,8,6,4,73.78,0.173,returning,1221.0,110.0
perfect,return,30,14,29,1,1,4,1.62,0.172,open,580.0,58.0
cautious,return,30,14,19,11,9,2,0,0.263,returning,177.84,19.0
balanced,return,30,14,21,9,8,2,1.04,0.214,returning,411.6,42.0
chaotic,return,30,14,11,19,6,1,2.0,0.212,returning,341.88,33.0
high_skip,return,30,14,6,24,4,1,0,0.333,returning,56.64,6.0
returning,return,30,14,20,10,8,2,0.29,0.2,returning,385.6,40.0
overload,return,30,14,28,2,1,4,71.03,0.182,open,1199.0,110.0
optimizer,return,30,14,28,2,2,4,3.13,0.19,open,853.44,84.0
low_energy,return,30,14,17,13,8,5,0,0.235,returning,155.72,17.0
adversarial,return,30,14,24,6,5,5,73.2,0.183,returning,1276.5,115.0
perfect,lost,90,14,87,3,3,11,4.87,0.172,open,1740.0,174.0
cautious,lost,90,14,60,30,19,8,0,0.2,returning,561.6,60.0
balanced,lost,90,14,68,22,16,10,0,0.199,returning,1332.8,136.0
chaotic,lost,90,14,50,40,21,5,9.21,0.193,sustainable,1554.0,150.0
high_skip,lost,90,14,24,66,18,1,0,0.333,returning,226.56,24.0
returning,lost,90,14,51,39,21,7,0,0.196,returning,983.28,102.0
overload,lost,90,14,82,8,7,20,75.54,0.177,returning,3193.7,293.0
optimizer,lost,90,14,83,7,7,12,9.4,0.197,sustainable,2529.84,249.0
low_energy,lost,90,14,51,39,22,16,0,0.196,returning,467.16,51.0
adversarial,lost,90,14,57,33,21,16,73.33,0.177,returning,2941.5,265.0
perfect,burnout,90,14,89,1,1,12,4.87,0.169,open,1780.0,178.0
cautious,burnout,90,14,56,34,19,8,0,0.196,returning,524.16,56.0
balanced,burnout,90,14,75,15,10,11,3.13,0.18,returning,1470.0,150.0
chaotic,burnout,90,14,56,34,18,10,0,0.173,returning,1740.48,168.0
high_skip,burnout,90,14,27,63,20,6,0,0.222,returning,254.88,27.0
returning,burnout,90,14,55,35,18,6,1.16,0.182,returning,1060.4,110.0
overload,burnout,90,14,81,9,9,20,72.93,0.175,returning,3117.4,286.0
optimizer,burnout,90,14,81,9,8,12,9.4,0.193,sustainable,2468.88,243.0
low_energy,burnout,90,14,42,48,18,19,0,0.238,returning,384.72,42.0
adversarial,burnout,90,14,65,25,15,22,75.25,0.176,returning,3341.1,301.0
perfect,potential,90,14,90,0,0,12,4.87,0.167,sustainable,1800.0,180.0
cautious,potential,90,14,56,34,20,8,0,0.196,returning,524.16,56.0
balanced,potential,90,14,65,25,19,8,0.41,0.185,returning,1274.0,130.0
chaotic,potential,90,14,42,48,22,4,0,0.19,sustainable,1305.36,126.0
high_skip,potential,90,14,15,75,12,2,0,0.267,returning,141.6,15.0
returning,potential,90,14,49,41,20,7,0,0.204,returning,944.72,98.0
overload,potential,90,14,81,9,8,20,73.34,0.177,returning,3193.7,293.0
optimizer,potential,90,14,83,7,7,10,16.59,0.193,sustainable,2529.84,249.0
low_energy,potential,90,14,38,52,24,14,0,0.184,returning,348.08,38.0
adversarial,potential,90,14,61,29,22,19,67.18,0.175,sustainable,3108.0,280.0
perfect,return,90,14,89,1,1,12,4.87,0.169,sustainable,1780.0,178.0
cautious,return,90,14,60,30,23,6,0,0.233,returning,561.6,60.0
balanced,return,90,14,71,19,17,8,4.06,0.19,returning,1391.6,142.0
chaotic,return,90,14,38,52,23,4,8.0,0.219,returning,1181.04,114.0
high_skip,return,90,14,20,70,19,4,0,0.3,returning,188.8,20.0
returning,return,90,14,50,40,22,6,1.16,0.19,returning,964.0,100.0
overload,return,90,14,79,11,8,19,73.59,0.178,returning,3128.3,287.0
optimizer,return,90,14,87,3,2,12,9.4,0.195,sustainable,2651.76,261.0
low_energy,return,90,14,40,50,24,14,0,0.25,returning,366.4,40.0
adversarial,return,90,14,60,30,20,18,72.37,0.177,returning,3074.7,277.0
perfect,lost,180,14,177,3,3,23,4.06,0.169,integrated,3540.0,354.0
cautious,lost,180,14,118,62,45,17,0,0.186,returning,1104.48,118.0
balanced,lost,180,14,132,48,37,18,0.82,0.178,sustainable,2587.2,264.0
chaotic,lost,180,14,80,100,50,10,2.0,0.188,sustainable,2486.4,240.0
high_skip,lost,180,14,42,138,28,5,0,0.286,returning,396.48,42.0
returning,lost,180,14,115,65,37,15,0.29,0.183,sustainable,2217.2,230.0
overload,lost,180,14,154,26,21,41,67.45,0.174,sustainable,5896.9,541.0
optimizer,lost,180,14,170,10,10,25,7.83,0.196,integrated,5181.6,510.0
low_energy,lost,180,14,88,92,43,25,0,0.193,returning,806.08,88.0
adversarial,lost,180,14,128,52,39,47,70.83,0.176,returning,6449.1,581.0
perfect,burnout,180,14,179,1,1,25,4.06,0.168,sustainable,3580.0,358.0
cautious,burnout,180,14,114,66,40,15,0,0.202,returning,1067.04,114.0
balanced,burnout,180,14,146,34,27,22,2.61,0.171,sustainable,2861.6,292.0
chaotic,burnout,180,14,92,88,43,12,8.0,0.185,sustainable,2859.36,276.0
high_skip,burnout,180,14,54,126,36,7,0,0.241,returning,509.76,54.0
returning,burnout,180,14,119,61,37,13,0,0.181,returning,2294.32,238.0
overload,burnout,180,14,156,24,21,43,64.26,0.177,sustainable,5973.2,548.0
optimizer,burnout,180,14,169,11,10,22,17.7,0.195,integrated,5151.12,507.0
low_energy,burnout,180,14,95,85,49,38,0,0.221,returning,870.2,95.0
adversarial,burnout,180,14,134,46,35,51,74.71,0.174,returning,6704.4,604.0
perfect,potential,180,14,180,0,0,25,4.06,0.167,integrated,3600.0,360.0
cautious,potential,180,14,104,76,42,16,0,0.183,returning,973.44,104.0
balanced,potential,180,14,142,38,31,16,2.61,0.18,sustainable,2783.2,284.0
chaotic,potential,180,14,89,91,44,11,0,0.18,integrated,2766.12,267.0
high_skip,potential,180,14,45,135,31,10,0,0.222,returning,424.8,45.0
returning,potential,180,14,117,63,40,18,0,0.179,sustainable,2255.76,234.0
overload,potential,180,14,151,29,27,39,72.26,0.175,returning,5787.9,531.0
optimizer,potential,180,14,173,7,6,24,14.95,0.206,integrated,5273.04,519.0
low_energy,potential,180,14,87,93,47,32,0,0.207,returning,796.92,87.0
adversarial,potential,180,14,129,51,33,48,73.06,0.178,returning,6537.9,589.0
perfect,return,180,14,179,1,1,25,4.06,0.168,integrated,3580.0,358.0
cautious,return,180,14,116,64,48,15,0,0.207,returning,1085.76,116.0
balanced,return,180,14,140,40,32,19,0.52,0.179,sustainable,2744.0,280.0
chaotic,return,180,14,91,89,39,15,0,0.172,sustainable,2828.28,273.0
high_skip,return,180,14,42,138,33,6,0,0.214,returning,396.48,42.0
returning,return,180,14,112,68,41,15,0,0.183,sustainable,2159.36,224.0
overload,return,180,14,156,24,22,42,73.55,0.183,returning,6027.7,553.0
optimizer,return,180,14,176,4,4,25,7.83,0.197,integrated,5364.48,528.0
low_energy,return,180,14,84,96,43,28,0,0.214,returning,769.44,84.0
adversarial,return,180,14,125,55,37,44,75.57,0.185,returning,6249.3,563.0
perfect,lost,30,15,30,0,0,4,1.62,0.167,open,600.0,60.0
cautious,lost,30,15,17,13,8,3,0,0.235,returning,159.12,17.0
balanced,lost,30,15,23,7,7,3,1.04,0.196,returning,450.8,46.0
chaotic,lost,30,15,20,10,7,4,2.0,0.2,returning,621.6,60.0
high_skip,lost,30,15,11,19,6,0,0,0.273,returning,103.84,11.0
returning,lost,30,15,23,7,5,4,0,0.196,returning,443.44,46.0
overload,lost,30,15,26,4,3,3,71.28,0.173,open,1133.6,104.0
optimizer,lost,30,15,27,3,2,4,1.57,0.185,open,822.96,81.0
low_energy,lost,30,15,12,18,6,3,0,0.25,returning,109.92,12.0
adversarial,lost,30,15,16,14,7,3,35.48,0.188,returning,888.0,80.0
perfect,burnout,30,15,30,0,0,4,1.62,0.167,open,600.0,60.0
cautious,burnout,30,15,17,13,8,4,0,0.235,returning,159.12,17.0
balanced,burnout,30,15,21,9,5,2,0,0.214,returning,411.6,42.0
chaotic,burnout,30,15,16,14,7,3,9.61,0.188,returning,497.28,48.0
high_skip,burnout,30,15,5,25,4,1,0,0.6,returning,47.2,5.0
returning,burnout,30,15,17,13,9,3,0,0.235,returning,327.76,34.0
overload,burnout,30,15,27,3,3,4,68.43,0.175,open,1122.7,103.0
optimizer,burnout,30,15,28,2,2,4,5.45,0.19,open,853.44,84.0
low_energy,burnout,30,15,17,13,7,4,0,0.235,returning,155.72,17.0
adversarial,burnout,30,15,19,11,9,3,67.13,0.179,returning,1054.5,95.0
perfect,potential,30,15,30,0,0,4,1.62,0.167,open,600.0,60.0
cautious,potential,30,15,20,10,6,4,0,0.2,returning,187.2,20.0
balanced,potential,30,15,22,8,6,2,1.04,0.205,returning,431.2,44.0
chaotic,potential,30,15,11,19,6,0,0,0.242,returning,341.88,33.0
high_skip,potential,30,15,4,26,4,2,0,0.25,returning,37.76,4.0
returning,potential,30,15,16,14,5,2,0.58,0.219,returning,308.48,32.0
overload,potential,30,15,24,6,5,3,58.42,0.177,returning,1046.4,96.0
optimizer,potential,30,15,27,3,3,4,3.13,0.198,open,822.96,81.0
low_energy,potential,30,15,17,13,6,4,0,0.235,returning,155.72,17.0
adversarial,potential,30,15,21,9,8,3,71.75,0.188,returning,1121.1,101.0
perfect,return,30,15,30,0,0,4,1.62,0.167,open,600.0,60.0
cautious,return,30,15,18,12,6,3,0,0.222,returning,168.48,18.0
balanced,return,30,15,17,13,7,3,1.04,0.235,returning,333.2,34.0
chaotic,return,30,15,15,15,8,2,4.0,0.2,returning,466.2,45.0
high_skip,return,30,15,9,21,5,1,0,0.333,returning,84.96,9.0
returning,return,30,15,22,8,6,2,0.58,0.182,returning,424.16,44.0
overload,return,30,15,28,2,2,4,72.09,0.18,overloaded,1209.9,111.0
optimizer,return,30,15,28,2,2,4,3.13,0.19,open,853.44,84.0
low_energy,return,30,15,15,15,8,4,0,0.267,returning,137.4,15.0
adversarial,return,30,15,19,11,8,3,60.13,0.179,returning,1054.5,95.0
perfect,lost,90,15,88,2,2,12,4.87,0.17,open,1760.0,176.0
cautious,lost,90,15,53,37,15,4,0,0.189,returning,496.08,53.0
balanced,lost,90,15,74,16,14,9,1.04,0.176,returning,1450.4,148.0
chaotic,lost,90,15,47,43,25,7,3.6,0.191,sustainable,1460.76,141.0
high_skip,lost,90,15,25,65,18,1,0,0.28,returning,236.0,25.0
returning,lost,90,15,54,36,25,9,0,0.194,returning,1041.12,108.0
overload,lost,90,15,81,9,8,20,76.52,0.186,returning,3226.4,296.0
optimizer,lost,90,15,86,4,4,12,9.4,0.194,sustainable,2621.28,258.0
low_energy,lost,90,15,42,48,26,11,0,0.19,returning,384.72,42.0
adversarial,lost,90,15,69,21,15,25,68.12,0.181,sustainable,3563.1,321.0
perfect,burnout,90,15,89,1,1,12,4.87,0.169,open,1780.0,178.0
cautious,burnout,90,15,58,32,21,6,0,0.224,returning,542.88,58.0
balanced,burnout,90,15,72,18,14,9,1.04,0.188,returning,1411.2,144.0
chaotic,burnout,90,15,46,44,23,6,1.6,0.196,returning,1429.68,138.0
high_skip,burnout,90,15,15,75,15,1,0,0.267,returning,141.6,15.0
returning,burnout,90,15,50,40,22,7,0.29,0.2,returning,964.0,100.0
overload,burnout,90,15,79,11,10,20,67.47,0.179,sustainable,3106.5,285.0
optimizer,burnout,90,15,88,2,2,12,11.41,0.189,sustainable,2682.24,264.0
low_energy,burnout,90,15,42,48,22,18,0,0.262,returning,384.72,42.0
adversarial,burnout,90,15,63,27,18,21,68.62,0.172,sustainable,3219.0,290.0
perfect,potential,90,15,88,2,2,11,4.87,0.17,sustainable,1760.0,176.0
cautious,potential,90,15,51,39,20,8,0,0.196,returning,477.36,51.0
balanced,potential,90,15,72,18,14,10,0.52,0.181,returning,1411.2,144.0
chaotic,potential,90,15,50,40,24,3,6.41,0.187,sustainable,1554.0,150.0
high_skip,potential,90,15,19,71,17,1,0,0.316,returning,179.36,19.0
returning,potential,90,15,52,38,20,7,0,0.183,returning,1002.56,104.0
overload,potential,90,15,83,7,7,21,67.8,0.17,sustainable,3204.6,294.0
optimizer,potential,90,15,84,6,5,12,9.4,0.194,sustainable,2560.32,252.0
low_energy,potential,90,15,46,44,22,16,0,0.217,returning,421.36,46.0
adversarial,potential,90,15,63,27,18,20,75.02,0.178,returning,3241.2,292.0
perfect,return,90,15,88,2,2,12,4.87,0.17,sustainable,1760.0,176.0
cautious,return,90,15,61,29,18,5,0,0.213,returning,570.96,61.0
balanced,return,90,15,66,24,19,7,0.41,0.189,returning,1293.6,132.0
chaotic,return,90,15,42,48,24,7,0,0.214,returning,1305.36,126.0
high_skip,return,90,15,24,66,16,4,0,0.208,returning,226.56,24.0
returning,return,90,15,53,37,19,9,0.87,0.179,returning,1021.84,106.0
overload,return,90,15,84,6,6,22,68.53,0.175,sustainable,3302.7,303.0
optimizer,return,90,15,85,5,4,11,13.35,0.192,sustainable,2590.8,255.0
low_energy,return,90,15,48,42,19,15,0,0.208,returning,439.68,48.0
adversarial,return,90,15,62,28,22,20,69.21,0.173,sustainable,3207.9,289.0
perfect,lost,180,15,176,4,4,25,4.06,0.17,integrated,3520.0,352.0
cautious,lost,180,15,110,70,39,16,0,0.2,returning,1029.6,110.0
balanced,lost,180,15,135,45,37,17,2.61,0.178,sustainable,2646.0,270.0
chaotic,lost,180,15,90,90,46,13,5.8,0.181,sustainable,2797.2,270.0
high_skip,lost,180,15,45,135,30,6,0,0.267,returning,424.8,45.0
returning,lost,180,15,103,77,47,13,0.29,0.189,sustainable,1985.84,206.0
overload,lost,180,15,155,25,21,41,71.77,0.179,returning,5918.7,543.0
optimizer,lost,180,15,173,7,7,25,7.83,0.197,integrated,5273.04,519.0
low_energy,lost,180,15,75,105,43,25,0,0.227,returning,687.0,75.0
adversarial,lost,180,15,125,55,37,44,76.97,0.171,returning,6249.3,563.0
perfect,burnout,180,15,178,2,2,25,4.06,0.169,sustainable,3560.0,356.0
cautious,burnout,180,15,105,75,49,17,0,0.19,returning,982.8,105.0
balanced,burnout,180,15,135,45,30,18,0,0.174,sustainable,2646.0,270.0
chaotic,burnout,180,15,78,102,44,7,0,0.184,sustainable,2424.24,234.0
high_skip,burnout,180,15,56,124,44,6,0,0.214,returning,528.64,56.0
returning,burnout,180,15,120,60,43,14,0.29,0.188,returning,2313.6,240.0
overload,burnout,180,15,155,25,24,41,77.71,0.172,returning,5907.8,542.0
optimizer,burnout,180,15,169,11,11,24,6.26,0.195,integrated,5151.12,507.0
low_energy,burnout,180,15,83,97,49,29,0,0.241,returning,760.28,83.0
adversarial,burnout,180,15,131,49,37,50,70.69,0.173,returning,6626.7,597.0
perfect,potential,180,15,179,1,1,25,3.25,0.168,integrated,3580.0,358.0
cautious,potential,180,15,119,61,43,19,0,0.21,returning,1113.84,119.0
balanced,potential,180,15,134,46,34,18,0.82,0.179,sustainable,2626.4,268.0
chaotic,potential,180,15,97,83,40,11,0,0.189,integrated,3014.76,291.0
high_skip,potential,180,15,47,133,34,9,0,0.191,returning,443.68,47.0
returning,potential,180,15,109,71,46,18,0,0.183,sustainable,2101.52,218.0
overload,potential,180,15,159,21,18,43,73.38,0.176,returning,6071.3,557.0
optimizer,potential,180,15,167,13,12,24,7.83,0.198,integrated,5090.16,501.0
low_energy,potential,180,15,89,91,44,29,0,0.18,returning,815.24,89.0
adversarial,potential,180,15,127,53,46,46,74.82,0.175,returning,6404.7,577.0
perfect,return,180,15,177,3,3,24,4.06,0.169,integrated,3540.0,354.0
cautious,return,180,15,102,78,44,17,0,0.186,returning,954.72,102.0
balanced,return,180,15,134,46,35,16,1.57,0.175,sustainable,2626.4,268.0
chaotic,return,180,15,104,76,42,13,5.8,0.176,integrated,3232.32,312.0
high_skip,return,180,15,53,127,42,4,0,0.189,returning,500.32,53.0
returning,return,180,15,97,83,46,12,0.58,0.18,sustainable,1870.16,194.0
overload,return,180,15,162,18,16,45,71.74,0.172,returning,6213.0,570.0
optimizer,return,180,15,175,5,5,24,9.58,0.196,integrated,5334.0,525.0
low_energy,return,180,15,83,97,49,25,0,0.205,returning,760.28,83.0
adversarial,return,180,15,122,58,39,44,71.38,0.179,returning,6271.5,565.0
perfect,lost,30,16,29,1,0,4,0,0.172,open,580.0,58.0
cautious,lost,30,16,14,16,9,0,0,0.214,returning,131.04,14.0
balanced,lost,30,16,26,4,3,3,0,0.173,open,509.6,52.0
chaotic,lost,30,16,13,17,7,2,2.0,0.179,returning,404.04,39.0
high_skip,lost,30,16,10,20,7,1,0,0.3,returning,94.4,10.0
returning,lost,30,16,15,15,7,1,0.58,0.2,returning,289.2,30.0
overload,lost,30,16,27,3,2,3,75.6,0.179,overloaded,1155.4,106.0
optimizer,lost,30,16,27,3,3,4,1.57,0.185,open,822.96,81.0
low_energy,lost,30,16,18,12,5,6,0,0.222,returning,164.88,18.0
adversarial,lost,30,16,21,9,4,3,72.96,0.176,returning,1132.2,102.0
perfect,burnout,30,16,30,0,0,4,1.62,0.167,open,600.0,60.0
cautious,burnout,30,16,21,9,6,3,0,0.238,returning,196.56,21.0
balanced,burnout,30,16,22,8,6,0,3.88,0.205,returning,431.2,44.0
chaotic,burnout,30,16,15,15,7,4,0,0.2,returning,466.2,45.0
high_skip,burnout,30,16,9,21,7,1,0,0.333,returning,84.96,9.0
returning,burnout,30,16,18,12,6,4,0,0.25,returning,347.04,36.0
overload,burnout,30,16,25,5,5,3,71.85,0.17,returning,1090.0,100.0
optimizer,burnout,30,16,27,3,3,4,3.13,0.198,open,822.96,81.0
low_energy,burnout,30,16,19,11,8,5,0,0.263,returning,174.04,19.0
adversarial,burnout,30,16,24,6,5,6,69.2,0.174,returning,1276.5,115.0
perfect,potential,30,16,29,1,1,4,1.62,0.172,open,580.0,58.0
cautious,potential,30,16,17,13,7,2,0,0.294,returning,159.12,17.0
balanced,potential,30,16,27,3,3,3,1.04,0.185,open,529.2,54.0
chaotic,potential,30,16,22,8,6,2,7.42,0.182,returning,683.76,66.0
high_skip,potential,30,16,11,19,9,1,0,0.273,returning,103.84,11.0
returning,potential,30,16,14,16,6,3,0,0.214,returning,269.92,28.0
overload,potential,30,16,24,6,4,4,47.42,0.188,returning,1046.4,96.0
optimizer,potential,30,16,30,0,0,4,5.98,0.189,open,914.4,90.0
low_energy,potential,30,16,12,18,5,3,0,0.333,returning,109.92,12.0
adversarial,potential,30,16,21,9,8,3,71.75,0.188,returning,1121.1,101.0
perfect,return,30,16,29,1,1,4,1.62,0.172,open,580.0,58.0
cautious,return,30,16,21,9,6,3,0,0.238,returning,196.56,21.0
balanced,return,30,16,27,3,3,4,0.52,0.185,open,529.2,54.0
chaotic,return,30,16,15,15,7,2,0,0.2,returning,466.2,45.0
high_skip,return,30,16,13,17,8,3,0,0.308,returning,122.72,13.0
returning,return,30,16,18,12,6,1,0.58,0.222,returning,347.04,36.0
overload,return,30,16,27,3,3,4,65.66,0.178,open,1166.3,107.0
optimizer,return,30,16,27,3,3,3,6.49,0.185,open,822.96,81.0
low_energy,return,30,16,14,16,9,4,0,0.357,returning,128.24,14.0
adversarial,return,30,16,25,5,4,6,68.01,0.178,returning,1309.8,118.0
perfect,lost,90,16,89,1,1,12,4.87,0.169,open,1780.0,178.0
cautious,lost,90,16,55,35,23,7,0,0.255,returning,514.8,55.0
balanced,lost,90,16,79,11,11,12,1.57,0.177,returning,1548.4,158.0
chaotic,lost,90,16,48,42,22,7,5.8,0.181,sustainable,1491.84,144.0
high_skip,lost,90,16,31,59,23,3,0,0.258,returning,292.64,31.0
returning,lost,90,16,52,38,23,6,0.87,0.192,returning,1002.56,104.0
overload,lost,90,16,78,12,11,18,73.92,0.179,returning,3041.1,279.0
optimizer,lost,90,16,82,8,6,11,9.4,0.195,sustainable,2499.36,246.0
low_energy,lost,90,16,53,37,24,17,0,0.226,returning,485.48,53.0
adversarial,lost,90,16,57,33,21,16,73.33,0.181,returning,2941.5,265.0
perfect,burnout,90,16,89,1,1,11,7.54,0.169,open,1780.0,178.0
cautious,burnout,90,16,59,31,22,8,0,0.237,returning,552.24,59.0
balanced,burnout,90,16,67,23,16,9,0,0.187,returning,1313.2,134.0
chaotic,burnout,90,16,46,44,24,9,0,0.181,returning,1429.68,138.0
high_skip,burnout,90,16,20,70,12,3,0,0.3,returning,188.8,20.0
returning,burnout,90,16,52,38,20,7,0.29,0.221,returning,1002.56,104.0
overload,burnout,90,16,80,10,9,20,72.85,0.181,returning,3139.2,288.0
optimizer,burnout,90,16,83,7,7,11,9.66,0.193,sustainable,2529.84,249.0
low_energy,burnout,90,16,50,40,23,16,0,0.22,returning,458.0,50.0
adversarial,burnout,90,16,62,28,19,20,68.99,0.177,sustainable,3141.3,283.0
perfect,potential,90,16,90,0,0,12,4.87,0.167,sustainable,1800.0,180.0
cautious,potential,90,16,59,31,22,9,0,0.186,returning,552.24,59.0
balanced,potential,90,16,75,15,13,8,3.13,0.18,returning,1470.0,150.0
chaotic,potential,90,16,43,47,24,8,6.0,0.178,sustainable,1336.44,129.0
high_skip,potential,90,16,25,65,20,4,0,0.28,returning,236.0,25.0
returning,potential,90,16,60,30,18,9,0,0.2,returning,1156.8,120.0
overload,potential,90,16,79,11,11,19,73.59,0.171,returning,3128.3,287.0
optimizer,potential,90,16,87,3,3,12,9.4,0.195,sustainable,2651.76,261.0
low_energy,potential,90,16,47,43,24,18,0,0.191,returning,430.52,47.0
adversarial,potential,90,16,64,26,17,22,68.46,0.172,sustainable,3363.3,303.0
perfect,return,90,16,90,0,0,12,4.87,0.167,sustainable,1800.0,180.0
cautious,return,90,16,53,37,20,6,0,0.208,returning,496.08,53.0
balanced,return,90,16,72,18,17,10,1.57,0.201,returning,1411.2,144.0
chaotic,return,90,16,44,46,19,5,5.8,0.212,returning,1367.52,132.0
high_skip,return,90,16,22,68,14,0,0,0.273,returning,207.68,22.0
returning,return,90,16,63,27,22,10,0.29,0.19,returning,1214.64,126.0
overload,return,90,16,85,5,5,22,67.55,0.173,sustainable,3270.0,300.0
optimizer,return,90,16,86,4,4,11,16.59,0.194,sustainable,2621.28,258.0
low_energy,return,90,16,42,48,21,10,0,0.214,returning,384.72,42.0
adversarial,return,90,16,65,25,20,21,76.85,0.177,returning,3318.9,299.0
perfect,lost,180,16,179,1,1,25,4.06,0.168,integrated,3580.0,358.0
cautious,lost,180,16,105,75,45,16,0,0.2,returning,982.8,105.0
balanced,lost,180,16,140,40,31,17,0,0.182,sustainable,2744.0,280.0
chaotic,lost,180,16,88,92,42,15,0,0.178,sustainable,2735.04,264.0
high_skip,lost,180,16,41,139,29,5,0,0.244,returning,387.04,41.0
returning,lost,180,16,100,80,42,14,0.29,0.185,sustainable,1928.0,200.0
overload,lost,180,16,160,20,19,44,75.17,0.178,returning,6180.3,567.0
optimizer,lost,180,16,172,8,8,24,7.83,0.198,integrated,5242.56,516.0
low_energy,lost,180,16,85,95,41,36,0,0.2,returning,778.6,85.0
adversarial,lost,180,16,128,52,37,47,67.22,0.178,sustainable,6415.8,578.0
perfect,burnout,180,16,178,2,2,25,4.06,0.169,sustainable,3560.0,356.0
cautious,burnout,180,16,115,65,41,17,0,0.2,returning,1076.4,115.0
balanced,burnout,180,16,145,35,31,17,0.52,0.172,sustainable,2842.0,290.0
chaotic,burnout,180,16,96,84,40,16,8.0,0.177,sustainable,2983.68,288.0
high_skip,burnout,180,16,41,139,32,8,0,0.22,returning,387.04,41.0
returning,burnout,180,16,108,72,45,14,0.58,0.194,returning,2082.24,216.0
overload,burnout,180,16,154,26,19,42,72.97,0.173,returning,5995.0,550.0
optimizer,burnout,180,16,168,12,11,24,7.83,0.196,integrated,5120.64,504.0
low_energy,burnout,180,16,88,92,47,27,0,0.216,returning,806.08,88.0
adversarial,burnout,180,16,129,51,37,48,69.03,0.179,sustainable,6449.1,581.0
perfect,potential,180,16,180,0,0,25,4.06,0.167,integrated,3600.0,360.0
cautious,potential,180,16,105,75,42,12,0,0.19,returning,982.8,105.0
balanced,potential,180,16,148,32,29,20,2.61,0.186,sustainable,2900.8,296.0
chaotic,potential,180,16,86,94,45,14,6.0,0.174,integrated,2672.88,258.0
high_skip,potential,180,16,48,132,41,8,0,0.25,returning,453.12,48.0
returning,potential,180,16,104,76,46,18,0.58,0.197,sustainable,2005.12,208.0
overload,potential,180,16,160,20,17,44,77.29,0.174,returning,6202.1,569.0
optimizer,potential,180,16,170,10,8,24,7.83,0.198,integrated,5181.6,510.0
low_energy,potential,180,16,85,95,45,32,0,0.247,returning,778.6,85.0
adversarial,potential,180,16,125,55,38,45,68.18,0.175,sustainable,6282.6,566.0
perfect,return,180,16,180,0,0,25,4.06,0.167,integrated,3600.0,360.0
cautious,return,180,16,100,80,42,12,0,0.19,returning,936.0,100.0
balanced,return,180,16,137,43,36,19,1.04,0.179,sustainable,2685.2,274.0
chaotic,return,180,16,88,92,39,12,0,0.182,sustainable,2735.04,264.0
high_skip,return,180,16,44,136,32,6,0,0.205,returning,415.36,44.0
returning,return,180,16,121,59,46,16,1.16,0.178,sustainable,2332.88,242.0
overload,return,180,16,158,22,17,43,70.13,0.174,returning,6060.4,556.0
optimizer,return,180,16,170,10,10,23,18.34,0.198,integrated,5181.6,510.0
low_energy,return,180,16,79,101,41,24,0,0.215,returning,723.64,79.0
adversarial,return,180,16,130,50,37,48,73.86,0.171,returning,6537.9,589.0
perfect,lost,30,17,30,0,0,4,1.62,0.167,open,600.0,60.0
cautious,lost,30,17,15,15,7,3,0,0.267,returning,140.4,15.0
balanced,lost,30,17,23,7,5,3,1.04,0.174,returning,450.8,46.0
chaotic,lost,30,17,18,12,8,2,9.81,0.204,returning,559.44,54.0
high_skip,lost,30,17,6,24,5,1,0,0.5,returning,56.64,6.0
returning,lost,30,17,20,10,8,2,0.29,0.2,returning,385.6,40.0
overload,lost,30,17,28,2,2,4,71.03,0.173,open,1199.0,110.0
optimizer,lost,30,17,30,0,0,4,5.98,0.189,open,914.4,90.0
low_energy,lost,30,17,13,17,7,6,0,0.231,returning,119.08,13.0
adversarial,lost,30,17,21,9,7,4,65.57,0.19,returning,1165.5,105.0
perfect,burnout,30,17,30,0,0,4,1.62,0.167,open,600.0,60.0
cautious,burnout,30,17,16,14,7,1,0,0.25,returning,149.76,16.0
balanced,burnout,30,17,23,7,5,3,0.52,0.196,returning,450.8,46.0
chaotic,burnout,30,17,13,17,7,1,2.0,0.205,returning,404.04,39.0
high_skip,burnout,30,17,7,23,5,2,0,0.429,returning,66.08,7.0
returning,burnout,30,17,15,15,5,2,0.58,0.2,returning,289.2,30.0
overload,burnout,30,17,24,6,6,2,75.36,0.179,returning,1035.5,95.0
optimizer,burnout,30,17,26,4,3,4,0,0.192,open,792.48,78.0
low_energy,burnout,30,17,16,14,5,5,0,0.25,returning,146.56,16.0
adversarial,burnout,30,17,25,5,4,6,77.42,0.175,returning,1332.0,120.0
perfect,potential,30,17,30,0,0,4,1.62,0.167,open,600.0,60.0
cautious,potential,30,17,21,9,6,3,0,0.238,returning,196.56,21.0
balanced,potential,30,17,21,9,7,4,1.04,0.19,returning,411.6,42.0
chaotic,potential,30,17,19,11,7,3,2.0,0.211,returning,590.52,57.0
high_skip,potential,30,17,8,22,7,1,0,0.375,returning,75.52,8.0
returning,potential,30,17,14,16,7,2,0,0.214,returning,269.92,28.0
overload,potential,30,17,26,4,3,4,60.28,0.183,open,1133.6,104.0
optimizer,potential,30,17,26,4,4,4,3.13,0.192,returning,792.48,78.0
low_energy,potential,30,17,17,13,9,5,0,0.235,returning,155.72,17.0
adversarial,potential,30,17,24,6,6,5,73.2,0.183,returning,1276.5,115.0
perfect,return,30,17,29,1,1,4,1.62,0.172,open,580.0,58.0
cautious,return,30,17,20,10,7,2,0,0.25,returning,187.2,20.0
balanced,return,30,17,23,7,5,4,1.04,0.196,returning,450.8,46.0
chaotic,return,30,17,12,18,9,0,0,0.194,returning,372.96,36.0
high_skip,return,30,17,9,21,8,0,0,0.222,returning,84.96,9.0
returning,return,30,17,16,14,8,2,0,0.25,returning,308.48,32.0
overload,return,30,17,27,3,3,4,66.72,0.176,open,1177.2,108.0
optimizer,return,30,17,29,1,1,4,3.13,0.195,open,883.92,87.0
low_energy,return,30,17,16,14,8,4,0,0.25,returning,146.56,16.0
adversarial,return,30,17,20,10,8,2,75.74,0.186,returning,1076.7,97.0
perfect,lost,90,17,90,0,0,12,4.87,0.167,open,1800.0,180.0
cautious,lost,90,17,52,38,24,7,0,0.231,returning,486.72,52.0
balanced,lost,90,17,70,20,19,9,3.13,0.179,returning,1372.0,140.0
chaotic,lost,90,17,56,34,22,7,7.21,0.185,sustainable,1740.48,168.0
high_skip,lost,90,17,20,70,17,0,0,0.25,returning,188.8,20.0
returning,lost,90,17,53,37,23,9,0.87,0.189,returning,1021.84,106.0
overload,lost,90,17,75,15,13,16,76.62,0.176,returning,2910.3,267.0
optimizer,lost,90,17,80,10,7,11,5.63,0.196,sustainable,2438.4,240.0
low_energy,lost,90,17,47,43,17,16,0,0.255,returning,430.52,47.0
adversarial,lost,90,17,65,25,20,22,69.46,0.175,sustainable,3352.2,302.0
perfect,burnout,90,17,90,0,0,12,4.87,0.167,open,1800.0,180.0
cautious,burnout,90,17,47,43,18,8,0,0.191,returning,439.92,47.0
balanced,burnout,90,17,77,13,11,11,0,0.175,returning,1509.2,154.0
chaotic,burnout,90,17,44,46,26,3,3.8,0.182,returning,1367.52,132.0
high_skip,burnout,90,17,34,56,19,6,0,0.294,returning,320.96,34.0
returning,burnout,90,17,54,36,22,5,0,0.194,returning,1041.12,108.0
overload,burnout,90,17,74,16,13,18,67.89,0.178,sustainable,2997.5,275.0
optimizer,burnout,90,17,85,5,5,10,22.11,0.188,sustainable,2590.8,255.0
low_energy,burnout,90,17,46,44,24,16,0,0.239,returning,421.36,46.0
adversarial,burnout,90,17,62,28,20,19,77.58,0.174,returning,3119.1,281.0
perfect,potential,90,17,90,0,0,12,4.87,0.167,sustainable,1800.0,180.0
cautious,potential,90,17,56,34,24,6,0,0.214,returning,524.16,56.0
balanced,potential,90,17,74,16,11,11,1.57,0.189,returning,1450.4,148.0
chaotic,potential,90,17,44,46,24,6,1.8,0.197,sustainable,1367.52,132.0
high_skip,potential,90,17,25,65,16,5,0,0.28,returning,236.0,25.0
returning,potential,90,17,47,43,23,7,0.29,0.213,returning,906.16,94.0
overload,potential,90,17,70,20,16,14,77.03,0.179,returning,2801.3,257.0
optimizer,potential,90,17,84,6,6,12,9.4,0.194,sustainable,2560.32,252.0
low_energy,potential,90,17,49,41,22,19,0,0.224,returning,448.84,49.0
adversarial,potential,90,17,63,27,19,20,75.02,0.178,returning,3241.2,292.0
perfect,return,90,17,90,0,0,12,4.87,0.167,sustainable,1800.0,180.0
cautious,return,90,17,54,36,27,8,0,0.185,returning,505.44,54.0
balanced,return,90,17,73,17,12,8,1.75,0.185,returning,1430.8,146.0
chaotic,return,90,17,48,42,22,5,0,0.194,sustainable,1491.84,144.0
high_skip,return,90,17,19,71,12,2,0,0.263,returning,179.36,19.0
returning,return,90,17,48,42,28,8,0.87,0.198,returning,925.44,96.0
overload,return,90,17,82,8,7,20,74.48,0.178,returning,3182.8,292.0
optimizer,return,90,17,87,3,3,12,9.4,0.192,sustainable,2651.76,261.0
low_energy,return,90,17,45,45,23,18,0,0.2,returning,412.2,45.0
adversarial,return,90,17,61,29,20,19,68.38,0.171,sustainable,3119.1,281.0
perfect,lost,180,17,179,1,1,25,1.62,0.168,integrated,3580.0,358.0
cautious,lost,180,17,107,73,39,11,0,0.187,returning,1001.52,107.0
balanced,lost,180,17,138,42,34,16,0.52,0.188,sustainable,2704.8,276.0
chaotic,lost,180,17,82,98,48,14,0,0.195,sustainable,2548.56,246.0
high_skip,lost,180,17,55,125,37,7,0,0.218,returning,519.2,55.0
returning,lost,180,17,86,94,46,12,0,0.186,returning,1658.08,172.0
overload,lost,180,17,159,21,19,43,73.38,0.176,returning,6071.3,557.0
optimizer,lost,180,17,164,16,14,23,13.46,0.197,integrated,4998.72,492.0
low_energy,lost,180,17,88,92,46,25,0,0.193,returning,806.08,88.0
adversarial,lost,180,17,133,47,36,49,75.48,0.172,returning,6593.4,594.0
perfect,burnout,180,17,179,1,1,25,4.06,0.168,sustainable,3580.0,358.0
cautious,burnout,180,17,115,65,41,16,0,0.191,returning,1076.4,115.0
balanced,burnout,180,17,150,30,27,22,2.61,0.18,sustainable,2940.0,300.0
chaotic,burnout,180,17,88,92,42,12,2.0,0.182,sustainable,2735.04,264.0
high_skip,burnout,180,17,45,135,36,3,0,0.244,returning,424.8,45.0
returning,burnout,180,17,95,85,48,13,0,0.184,returning,1831.6,190.0
overload,burnout,180,17,156,24,21,43,71.67,0.18,returning,6049.5,555.0
optimizer,burnout,180,17,164,16,14,24,7.83,0.197,integrated,4998.72,492.0
low_energy,burnout,180,17,90,90,45,26,0,0.189,returning,824.4,90.0
adversarial,burnout,180,17,124,56,35,45,71.78,0.173,returning,6271.5,565.0
perfect,potential,180,17,178,2,2,25,4.06,0.169,integrated,3560.0,356.0
cautious,potential,180,17,100,80,38,12,0,0.2,returning,936.0,100.0
balanced,potential,180,17,145,35,28,19,2.61,0.176,sustainable,2842.0,290.0
chaotic,potential,180,17,88,92,41,12,10.0,0.178,integrated,2735.04,264.0
high_skip,potential,180,17,49,131,37,7,0,0.224,returning,462.56,49.0
returning,potential,180,17,116,64,41,14,0,0.181,sustainable,2236.48,232.0
overload,potential,180,17,158,22,19,42,74.77,0.175,returning,5995.0,550.0
optimizer,potential,180,17,166,14,14,21,21.73,0.197,integrated,5059.68,498.0
low_energy,potential,180,17,87,93,47,33,0,0.207,returning,796.92,87.0
adversarial,potential,180,17,136,44,36,53,70.57,0.172,returning,6893.1,621.0
perfect,return,180,17,177,3,3,25,4.06,0.169,integrated,3540.0,354.0
cautious,return,180,17,122,58,38,15,0,0.18,returning,1141.92,122.0
balanced,return,180,17,145,35,30,21,0,0.183,sustainable,2842.0,290.0
chaotic,return,180,17,90,90,44,15,2.0,0.193,sustainable,2797.2,270.0
high_skip,return,180,17,38,142,32,3,0,0.211,returning,358.72,38.0
returning,return,180,17,102,78,47,12,0,0.186,sustainable,1966.56,204.0
overload,return,180,17,159,21,18,43,72.33,0.176,returning,6060.4,556.0
optimizer,return,180,17,170,10,10,23,10.54,0.198,integrated,5181.6,510.0
low_energy,return,180,17,88,92,49,31,0,0.227,returning,806.08,88.0
adversarial,return,180,17,124,56,38,44,74.57,0.177,returning,6260.4,564.0
perfect,lost,30,18,30,0,0,4,1.62,0.167,open,600.0,60.0
cautious,lost,30,18,21,9,7,3,0,0.238,returning,196.56,21.0
balanced,lost,30,18,24,6,4,4,0,0.188,returning,470.4,48.0
chaotic,lost,30,18,15,15,6,4,4.0,0.2,returning,466.2,45.0
high_skip,lost,30,18,13,17,8,0,0,0.231,returning,122.72,13.0
returning,lost,30,18,14,16,5,0,0.58,0.25,returning,269.92,28.0
overload,lost,30,18,28,2,2,4,71.03,0.182,open,1199.0,110.0
optimizer,lost,30,18,29,1,1,4,3.13,0.195,open,883.92,87.0
low_energy,lost,30,18,12,18,7,7,0,0.333,returning,109.92,12.0
adversarial,lost,30,18,23,7,5,5,64.99,0.173,returning,1221.0,110.0
perfect,burnout,30,18,30,0,0,4,1.62,0.167,open,600.0,60.0
cautious,burnout,30,18,18,12,6,1,0,0.222,returning,168.48,18.0
balanced,burnout,30,18,25,5,2,4,1.04,0.2,open,490.0,50.0
chaotic,burnout,30,18,14,16,7,0,4.81,0.238,returning,435.12,42.0
high_skip,burnout,30,18,8,22,6,1,0,0.375,returning,75.52,8.0
returning,burnout,30,18,19,11,7,3,0.58,0.211,returning,366.32,38.0
overload,burnout,30,18,24,6,5,2,73.24,0.194,returning,1013.7,93.0
optimizer,burnout,30,18,29,1,1,4,9.21,0.184,open,883.92,87.0
low_energy,burnout,30,18,16,14,8,6,0,0.25,returning,146.56,16.0
adversarial,burnout,30,18,22,8,8,4,74.77,0.181,returning,1165.5,105.0
perfect,potential,30,18,29,1,1,4,1.62,0.172,open,580.0,58.0
cautious,potential,30,18,17,13,8,2,0,0.235,returning,159.12,17.0
balanced,potential,30,18,25,5,3,3,1.04,0.2,open,490.0,50.0
chaotic,potential,30,18,17,13,8,1,5.41,0.235,returning,528.36,51.0
high_skip,potential,30,18,8,22,6,1,0,0.25,returning,75.52,8.0
returning,potential,30,18,19,11,6,2,0,0.237,returning,366.32,38.0
overload,potential,30,18,28,2,2,4,72.09,0.171,overloaded,1209.9,111.0
optimizer,potential,30,18,27,3,3,3,10.33,0.198,open,822.96,81.0
low_energy,potential,30,18,11,19,7,4,0,0.273,returning,100.76,11.0
adversarial,potential,30,18,23,7,5,4,75.99,0.191,returning,1221.0,110.0
perfect,return,30,18,30,0,0,4,1.62,0.167,open,600.0,60.0
cautious,return,30,18,20,10,7,2,0,0.25,returning,187.2,20.0
balanced,return,30,18,24,6,6,3,1.04,0.188,returning,470.4,48.0
chaotic,return,30,18,20,10,8,3,0,0.183,returning,621.6,60.0
high_skip,return,30,18,6,24,5,1,0,0.167,returning,56.64,6.0
returning,return,30,18,17,13,8,2,0.58,0.206,returning,327.76,34.0
overload,return,30,18,25,5,5,3,64.85,0.18,returning,1090.0,100.0
optimizer,return,30,18,29,1,1,4,3.13,0.195,open,883.92,87.0
low_energy,return,30,18,15,15,7,7,0,0.267,returning,137.4,15.0
adversarial,return,30,18,20,10,8,3,68.55,0.182,returning,1098.9,99.0
perfect,lost,90,18,89,1,1,11,4.87,0.169,open,1780.0,178.0
cautious,lost,90,18,60,30,19,6,0,0.2,returning,561.6,60.0
balanced,lost,90,18,77,13,11,8,3.13,0.188,returning,1509.2,154.0
chaotic,lost,90,18,46,44,27,7,5.21,0.181,returning,1429.68,138.0
high_skip,lost,90,18,21,69,17,4,0,0.238,returning,198.24,21.0
returning,lost,90,18,47,43,28,7,0.29,0.17,returning,906.16,94.0
overload,lost,90,18,81,9,8,20,73.34,0.177,returning,3193.7,293.0
optimizer,lost,90,18,88,2,2,11,15.41,0.189,sustainable,2682.24,264.0
low_energy,lost,90,18,36,54,20,12,0,0.222,returning,329.76,36.0
adversarial,lost,90,18,66,24,19,23,70.03,0.171,returning,3374.4,304.0
perfect,burnout,90,18,89,1,1,12,4.87,0.169,open,1780.0,178.0
cautious,burnout,90,18,58,32,23,3,0,0.224,returning,542.88,58.0
balanced,burnout,90,18,69,21,18,11,2.61,0.188,returning,1352.4,138.0
chaotic,burnout,90,18,39,51,24,5,0,0.205,returning,1212.12,117.0
high_skip,burnout,90,18,18,72,12,1,0,0.222,returning,169.92,18.0
returning,burnout,90,18,51,39,24,8,0,0.176,returning,983.28,102.0
overload,burnout,90,18,78,12,12,19,67.8,0.184,sustainable,3019.3,277.0
optimizer,burnout,90,18,78,12,9,8,17.75,0.188,sustainable,2377.44,234.0
low_energy,burnout,90,18,39,51,24,14,0,0.231,returning,357.24,39.0
adversarial,burnout,90,18,66,24,17,23,67.66,0.179,sustainable,3352.2,302.0
perfect,potential,90,18,89,1,1,12,4.87,0.169,sustainable,1780.0,178.0
cautious,potential,90,18,60,30,19,6,0,0.183,returning,561.6,60.0
balanced,potential,90,18,76,14,13,9,0.52,0.184,returning,1489.6,152.0
chaotic,potential,90,18,43,47,22,6,6.0,0.194,sustainable,1336.44,129.0
high_skip,potential,90,18,25,65,19,5,0,0.32,returning,236.0,25.0
returning,potential,90,18,53,37,19,7,0,0.179,returning,1021.84,106.0
overload,potential,90,18,78,12,10,18,76.04,0.181,returning,3062.9,281.0
optimizer,potential,90,18,88,2,2,12,9.4,0.193,sustainable,2682.24,264.0
low_energy,potential,90,18,42,48,26,15,0,0.214,returning,384.72,42.0
adversarial,potential,90,18,68,22,18,24,63.69,0.174,sustainable,3441.0,310.0
perfect,return,90,18,89,1,1,12,4.87,0.169,sustainable,1780.0,178.0
cautious,return,90,18,54,36,23,6,0,0.185,returning,505.44,54.0
balanced,return,90,18,77,13,9,8,0.41,0.175,returning,1509.2,154.0
chaotic,return,90,18,39,51,23,4,5.8,0.179,returning,1212.12,117.0
high_skip,return,90,18,28,62,20,2,0,0.179,returning,264.32,28.0
returning,return,90,18,45,45,24,4,0,0.178,returning,867.6,90.0
overload,return,90,18,81,9,8,20,70.16,0.179,returning,3161.0,290.0
optimizer,return,90,18,86,4,4,12,9.4,0.194,sustainable,2621.28,258.0
low_energy,return,90,18,50,40,24,19,0,0.2,returning,458.0,50.0
adversarial,return,90,18,67,23,17,23,74.89,0.176,returning,3463.2,312.0
perfect,lost,180,18,178,2,2,25,4.06,0.169,integrated,3560.0,356.0
cautious,lost,180,18,103,77,44,13,0,0.184,returning,964.08,103.0
balanced,lost,180,18,140,40,29,17,1.57,0.179,sustainable,2744.0,280.0
chaotic,lost,180,18,92,88,46,14,7.41,0.185,sustainable,2859.36,276.0
high_skip,lost,180,18,35,145,25,3,0,0.257,returning,330.4,35.0
returning,lost,180,18,112,68,42,16,0,0.188,sustainable,2159.36,224.0
overload,lost,180,18,158,22,18,43,75.42,0.176,returning,6114.9,561.0
optimizer,lost,180,18,166,14,13,25,7.83,0.199,integrated,5059.68,498.0
low_energy,lost,180,18,79,101,46,28,0,0.19,returning,723.64,79.0
adversarial,lost,180,18,140,40,31,55,77.83,0.172,returning,7081.8,638.0
perfect,burnout,180,18,179,1,1,25,4.06,0.168,sustainable,3580.0,358.0
cautious,burnout,180,18,111,69,43,17,0,0.207,returning,1038.96,111.0
balanced,burnout,180,18,143,37,30,20,2.61,0.171,sustainable,2802.8,286.0
chaotic,burnout,180,18,90,90,44,18,0,0.181,sustainable,2797.2,270.0
high_skip,burnout,180,18,38,142,31,7,0,0.211,returning,358.72,38.0
returning,burnout,180,18,110,70,45,12,0.87,0.173,returning,2120.8,220.0
overload,burnout,180,18,165,15,14,47,73.93,0.178,returning,6322.0,580.0
optimizer,burnout,180,18,167,13,12,24,7.83,0.196,integrated,5090.16,501.0
low_energy,burnout,180,18,82,98,47,28,0,0.232,returning,751.12,82.0
adversarial,burnout,180,18,139,41,35,55,77.82,0.174,returning,7037.4,634.0
perfect,potential,180,18,179,1,1,24,4.06,0.168,integrated,3580.0,358.0
cautious,potential,180,18,117,63,43,20,0,0.188,returning,1095.12,117.0
balanced,potential,180,18,144,36,29,20,0.52,0.184,sustainable,2822.4,288.0
chaotic,potential,180,18,78,102,41,9,4.0,0.209,sustainable,2424.24,234.0
high_skip,potential,180,18,41,139,34,7,0,0.244,returning,387.04,41.0
returning,potential,180,18,94,86,44,7,0,0.181,sustainable,1812.32,188.0
overload,potential,180,18,168,12,12,49,73.76,0.173,returning,6550.9,601.0
optimizer,potential,180,18,171,9,9,23,14.99,0.197,integrated,5212.08,513.0
low_energy,potential,180,18,89,91,42,32,0,0.202,returning,815.24,89.0
adversarial,potential,180,18,132,48,40,49,74.48,0.171,returning,6604.5,595.0
perfect,return,180,18,176,4,4,25,4.06,0.17,integrated,3520.0,352.0
cautious,return,180,18,103,77,41,19,0,0.204,returning,964.08,103.0
balanced,return,180,18,144,36,32,22,0.52,0.194,sustainable,2822.4,288.0
chaotic,return,180,18,90,90,40,11,1.8,0.181,sustainable,2797.2,270.0
high_skip,return,180,18,43,137,33,5,0,0.233,returning,405.92,43.0
returning,return,180,18,95,85,42,16,0.29,0.184,sustainable,1831.6,190.0
overload,return,180,18,157,23,22,42,68.34,0.172,sustainable,5951.4,546.0
optimizer,return,180,18,172,8,8,25,7.83,0.198,integrated,5242.56,516.0
low_energy,return,180,18,91,89,44,34,0,0.198,returning,833.56,91.0
adversarial,return,180,18,122,58,40,44,67.77,0.171,sustainable,6238.2,562.0
perfect,lost,30,19,30,0,0,4,1.62,0.167,open,600.0,60.0
cautious,lost,30,19,16,14,7,2,0,0.312,returning,149.76,16.0
balanced,lost,30,19,23,7,7,4,1.04,0.196,returning,450.8,46.0
chaotic,lost,30,19,11,19,8,2,0,0.273,returning,341.88,33.0
high_skip,lost,30,19,9,21,7,1,0,0.444,returning,84.96,9.0
returning,lost,30,19,19,11,9,3,0,0.211,returning,366.32,38.0
overload,lost,30,19,25,5,3,4,53.85,0.17,open,1090.0,100.0
optimizer,lost,30,19,25,5,4,4,0,0.2,returning,762.0,75.0
low_energy,lost,30,19,11,19,7,2,0,0.273,returning,100.76,11.0
adversarial,lost,30,19,24,6,4,5,75.61,0.179,returning,1298.7,117.0
perfect,burnout,30,19,30,0,0,4,1.62,0.167,open,600.0,60.0
cautious,burnout,30,19,18,12,7,3,0,0.222,returning,168.48,18.0
balanced,burnout,30,19,24,6,5,4,1.04,0.188,returning,470.4,48.0
chaotic,burnout,30,19,16,14,10,2,4.0,0.167,returning,497.28,48.0
high_skip,burnout,30,19,8,22,5,1,0,0.375,returning,75.52,8.0
returning,burnout,30,19,17,13,9,3,0.29,0.235,returning,327.76,34.0
overload,burnout,30,19,28,2,1,4,76.98,0.174,overloaded,1188.1,109.0
optimizer,burnout,30,19,27,3,3,4,3.13,0.198,open,822.96,81.0
low_energy,burnout,30,19,14,16,8,6,0,0.214,returning,128.24,14.0
adversarial,burnout,30,19,24,6,5,5,74.19,0.182,returning,1221.0,110.0
perfect,potential,30,19,30,0,0,4,1.62,0.167,open,600.0,60.0
cautious,potential,30,19,13,17,9,2,0,0.308,returning,121.68,13.0
balanced,potential,30,19,27,3,3,3,1.04,0.185,open,529.2,54.0
chaotic,potential,30,19,16,14,5,2,4.0,0.188,returning,497.28,48.0
high_skip,potential,30,19,7,23,6,1,0,0.429,returning,66.08,7.0
returning,potential,30,19,14,16,7,1,0.29,0.25,returning,269.92,28.0
overload,potential,30,19,27,3,2,3,74.54,0.181,overloaded,1144.5,105.0
optimizer,potential,30,19,27,3,3,4,3.13,0.198,open,822.96,81.0
low_energy,potential,30,19,15,15,8,3,0,0.267,returning,137.4,15.0
adversarial,potential,30,19,22,8,6,4,73.78,0.182,returning,1221.0,110.0
perfect,return,30,19,30,0,0,4,1.62,0.167,open,600.0,60.0
cautious,return,30,19,13,17,7,4,0,0.308,returning,121.68,13.0
balanced,return,30,19,25,5,5,3,0.52,0.18,returning,490.0,50.0
chaotic,return,30,19,15,15,5,0,3.4,0.178,returning,466.2,45.0
high_skip,return,30,19,7,23,5,2,0,0.286,returning,66.08,7.0
returning,return,30,19,15,15,10,1,0.58,0.233,returning,289.2,30.0
overload,return,30,19,27,3,3,3,76.66,0.178,overloaded,1166.3,107.0
optimizer,return,30,19,28,2,2,4,3.13,0.19,open,853.44,84.0
low_energy,return,30,19,15,15,7,6,0,0.2,returning,137.4,15.0
adversarial,return,30,19,22,8,5,4,68.97,0.189,returning,1176.6,106.0
perfect,lost,90,19,89,1,1,11,4.87,0.169,open,1780.0,178.0
cautious,lost,90,19,62,28,24,9,0,0.194,returning,580.32,62.0
balanced,lost,90,19,71,19,17,9,0.52,0.19,returning,1391.6,142.0
chaotic,lost,90,19,41,49,21,5,3.6,0.179,returning,1274.28,123.0
high_skip,lost,90,19,17,73,13,1,0,0.235,returning,160.48,17.0
returning,lost,90,19,47,43,24,7,0,0.191,returning,906.16,94.0
overload,lost,90,19,84,6,6,22,68.53,0.172,sustainable,3302.7,303.0
optimizer,lost,90,19,86,4,4,11,12.79,0.194,sustainable,2621.28,258.0
low_energy,lost,90,19,42,48,25,8,0,0.214,returning,384.72,42.0
adversarial,lost,90,19,65,25,16,22,68.25,0.169,sustainable,3341.1,301.0
perfect,burnout,90,19,89,1,1,12,4.87,0.169,open,1780.0,178.0
cautious,burnout,90,19,50,40,27,7,0,0.22,returning,468.0,50.0
balanced,burnout,90,19,75,15,15,7,1.04,0.187,returning,1470.0,150.0
chaotic,burnout,90,19,43,47,18,7,0,0.194,returning,1336.44,129.0
high_skip,burnout,90,19,29,61,23,3,0,0.276,returning,273.76,29.0
returning,burnout,90,19,56,34,23,6,0,0.205,returning,1079.68,112.0
overload,burnout,90,19,74,16,12,17,71.48,0.179,returning,2921.2,268.0
optimizer,burnout,90,19,84,6,6,10,19.98,0.19,sustainable,2560.32,252.0
low_energy,burnout,90,19,47,43,24,14,0,0.191,returning,430.52,47.0
adversarial,burnout,90,19,61,29,19,20,66.79,0.177,sustainable,3141.3,283.0
perfect,potential,90,19,90,0,0,12,4.87,0.167,sustainable,1800.0,180.0
cautious,potential,90,19,61,29,20,9,0,0.213,returning,570.96,61.0
balanced,potential,90,19,66,24,19,9,0.52,0.182,returning,1293.6,132.0
chaotic,potential,90,19,44,46,22,7,0,0.189,sustainable,1367.52,132.0
high_skip,potential,90,19,25,65,21,2,0,0.24,returning,236.0,25.0
returning,potential,90,19,53,37,23,7,0.87,0.198,returning,1021.84,106.0
overload,potential,90,19,78,12,11,18,76.04,0.174,returning,3062.9,281.0
optimizer,potential,90,19,83,7,5,11,9.4,0.193,sustainable,2529.84,249.0
low_energy,potential,90,19,40,50,16,12,0,0.225,returning,366.4,40.0
adversarial,potential,90,19,58,32,19,17,72.95,0.173,returning,3019.2,272.0
perfect,return,90,19,89,1,1,11,4.87,0.169,open,1780.0,178.0
cautious,return,90,19,57,33,21,7,0,0.246,returning,533.52,57.0
balanced,return,90,19,66,24,15,9,2.61,0.182,returning,1293.6,132.0
chaotic,return,90,19,42,48,25,6,0,0.198,returning,1305.36,126.0
high_skip,return,90,19,21,69,19,3,0,0.238,returning,198.24,21.0
returning,return,90,19,49,41,23,7,0.87,0.194,returning,944.72,98.0
overload,return,90,19,82,8,7,20,76.6,0.18,returning,3204.6,294.0
optimizer,return,90,19,85,5,5,12,9.4,0.196,sustainable,2590.8,255.0
low_energy,return,90,19,45,45,24,17,0,0.244,returning,412.2,45.0
adversarial,return,90,19,65,25,17,22,69.2,0.169,sustainable,3341.1,301.0
perfect,lost,180,19,178,2,2,25,4.06,0.169,integrated,3560.0,356.0
cautious,lost,180,19,116,64,44,15,0,0.19,returning,1085.76,116.0
balanced,lost,180,19,149,31,23,23,2.61,0.171,sustainable,2920.4,298.0
chaotic,lost,180,19,91,89,48,8,6.0,0.179,sustainable,2828.28,273.0
high_skip,lost,180,19,47,133,35,9,0,0.277,returning,443.68,47.0
returning,lost,180,19,103,77,44,14,0.29,0.175,sustainable,1985.84,206.0
overload,lost,180,19,162,18,17,44,75.34,0.171,returning,6136.7,563.0
optimizer,lost,180,19,164,16,13,23,4.06,0.197,integrated,4998.72,492.0
low_energy,lost,180,19,89,91,42,30,0,0.213,returning,815.24,89.0
adversarial,lost,180,19,119,61,39,41,68.89,0.174,sustainable,6005.1,541.0
perfect,burnout,180,19,176,4,3,24,4.06,0.17,sustainable,3520.0,352.0
cautious,burnout,180,19,108,72,44,17,0,0.194,returning,1010.88,108.0
balanced,burnout,180,19,142,38,30,21,0,0.173,sustainable,2783.2,284.0
chaotic,burnout,180,19,93,87,45,11,1.8,0.179,sustainable,2890.44,279.0
high_skip,burnout,180,19,50,130,36,7,0,0.26,returning,472.0,50.0
returning,burnout,180,19,97,83,43,12,0.87,0.191,returning,1870.16,194.0
overload,burnout,180,19,155,25,22,41,75.59,0.174,returning,5886.0,540.0
optimizer,burnout,180,19,170,10,10,22,13.63,0.194,integrated,5181.6,510.0
low_energy,burnout,180,19,75,105,41,23,0,0.227,returning,687.0,75.0
adversarial,burnout,180,19,134,46,35,51,73.51,0.174,returning,6693.3,603.0
perfect,potential,180,19,180,0,0,25,4.06,0.167,integrated,3600.0,360.0
cautious,potential,180,19,108,72,45,15,0,0.194,returning,1010.88,108.0
balanced,potential,180,19,144,36,29,20,1.57,0.181,sustainable,2822.4,288.0
chaotic,potential,180,19,87,93,41,13,1.6,0.192,sustainable,2703.96,261.0
high_skip,potential,180,19,45,135,34,6,0,0.2,returning,424.8,45.0
returning,potential,180,19,107,73,42,16,0.29,0.178,sustainable,2062.96,214.0
overload,potential,180,19,163,17,16,46,73.53,0.172,returning,6322.0,580.0
optimizer,potential,180,19,165,15,13,23,7.83,0.196,integrated,5029.2,495.0
low_energy,potential,180,19,93,87,47,35,0,0.183,returning,851.88,93.0
adversarial,potential,180,19,127,53,33,46,73.62,0.174,returning,6393.6,576.0
perfect,return,180,19,180,0,0,25,4.06,0.167,integrated,3600.0,360.0
cautious,return,180,19,110,70,43,14,0,0.182,returning,1029.6,110.0
balanced,return,180,19,143,37,27,15,0,0.178,sustainable,2802.8,286.0
chaotic,return,180,19,101,79,45,16,2.0,0.185,integrated,3139.08,303.0
high_skip,return,180,19,47,133,40,7,0,0.213,returning,443.68,47.0
returning,return,180,19,115,65,45,15,0,0.183,sustainable,2217.2,230.0
overload,return,180,19,159,21,17,43,76.56,0.175,returning,6104.0,560.0
optimizer,return,180,19,170,10,9,25,6.26,0.198,integrated,5181.6,510.0
low_energy,return,180,19,90,90,43,35,0,0.222,returning,824.4,90.0
adversarial,return,180,19,132,48,38,49,75.69,0.173,returning,6615.6,596.0
perfect,lost,30,20,30,0,0,4,1.62,0.167,open,600.0,60.0
cautious,lost,30,20,19,11,5,3,0,0.263,returning,177.84,19.0
balanced,lost,30,20,26,4,3,4,0.52,0.173,open,509.6,52.0
chaotic,lost,30,20,11,19,8,1,0,0.212,returning,341.88,33.0
high_skip,lost,30,20,14,16,7,0,0,0.286,returning,132.16,14.0
returning,lost,30,20,18,12,7,2,0.58,0.194,returning,347.04,36.0
overload,lost,30,20,26,4,4,3,68.11,0.178,returning,1100.9,101.0
optimizer,lost,30,20,29,1,1,3,13.21,0.184,open,883.92,87.0
low_energy,lost,30,20,14,16,7,6,0,0.214,returning,128.24,14.0
adversarial,lost,30,20,19,11,9,3,60.13,0.179,returning,1054.5,95.0
perfect,burnout,30,20,30,0,0,4,1.62,0.167,open,600.0,60.0
cautious,burnout,30,20,20,10,9,3,0,0.25,returning,187.2,20.0
balanced,burnout,30,20,27,3,3,3,1.04,0.185,open,529.2,54.0
chaotic,burnout,30,20,12,18,7,2,0,0.222,returning,372.96,36.0
high_skip,burnout,30,20,6,24,4,2,0,0.333,returning,56.64,6.0
returning,burnout,30,20,13,17,6,2,0.58,0.269,returning,250.64,26.0
overload,burnout,30,20,28,2,2,4,74.86,0.178,overloaded,1166.3,107.0
optimizer,burnout,30,20,29,1,1,4,9.21,0.184,open,883.92,87.0
low_energy,burnout,30,20,13,17,6,5,0,0.308,returning,119.08,13.0
adversarial,burnout,30,20,23,7,5,5,67.17,0.179,returning,1176.6,106.0
perfect,potential,30,20,30,0,0,4,1.62,0.167,open,600.0,60.0
cautious,potential,30,20,19,11,7,2,0,0.211,returning,177.84,19.0
balanced,potential,30,20,29,1,1,3,1.04,0.172,open,568.4,58.0
chaotic,potential,30,20,12,18,9,1,2.0,0.222,returning,372.96,36.0
high_skip,potential,30,20,8,22,5,1,0,0.375,returning,75.52,8.0
returning,potential,30,20,18,12,8,4,0,0.25,returning,347.04,36.0
overload,potential,30,20,28,2,2,4,71.03,0.173,open,1199.0,110.0
optimizer,potential,30,20,27,3,2,4,3.13,0.198,open,822.96,81.0
low_energy,potential,30,20,19,11,7,7,0,0.263,returning,174.04,19.0
adversarial,potential,30,20,20,10,9,3,68.35,0.19,returning,1110.0,100.0
perfect,return,30,20,30,0,0,4,1.62,0.167,open,600.0,60.0
cautious,return,30,20,19,11,8,3,0,0.211,returning,177.84,19.0
balanced,return,30,20,22,8,6,3,0.52,0.182,returning,431.2,44.0
chaotic,return,30,20,16,14,8,2,2.0,0.188,returning,497.28,48.0
high_skip,return,30,20,7,23,5,2,0,0.429,returning,66.08,7.0
returning,return,30,20,19,11,5,2,0.29,0.237,returning,366.32,38.0
overload,return,30,20,29,1,1,4,76.41,0.177,overloaded,1231.7,113.0
optimizer,return,30,20,26,4,4,2,13.72,0.192,returning,792.48,78.0
low_energy,return,30,20,9,21,4,5,0,0.333,returning,82.44,9.0
adversarial,return,30,20,15,15,3,3,27.26,0.173,open,832.5,75.0
perfect,lost,90,20,90,0,0,12,4.87,0.167,open,1800.0,180.0
cautious,lost,90,20,63,27,19,7,0,0.238,returning,589.68,63.0
balanced,lost,90,20,73,17,13,9,3.13,0.178,returning,1430.8,146.0
chaotic,lost,90,20,38,52,23,9,0,0.175,returning,1181.04,114.0
high_skip,lost,90,20,29,61,22,2,0,0.241,returning,273.76,29.0
returning,lost,90,20,60,30,19,8,0.87,0.192,returning,1156.8,120.0
overload,lost,90,20,76,14,14,18,69.52,0.176,sustainable,3041.1,279.0
optimizer,lost,90,20,84,6,5,11,9.4,0.194,sustainable,2560.32,252.0
low_energy,lost,90,20,43,47,24,16,0,0.209,returning,393.88,43.0
adversarial,lost,90,20,71,19,16,25,67.71,0.17,sustainable,3518.7,317.0
perfect,burnout,90,20,89,1,1,12,4.87,0.169,open,1780.0,178.0
cautious,burnout,90,20,64,26,20,6,0,0.203,returning,599.04,64.0
balanced,burnout,90,20,72,18,15,8,1.04,0.181,returning,1411.2,144.0
chaotic,burnout,90,20,49,41,23,10,7.8,0.184,returning,1522.92,147.0
high_skip,burnout,90,20,21,69,18,3,0,0.238,returning,198.24,21.0
returning,burnout,90,20,54,36,21,6,0.29,0.194,returning,1041.12,108.0
overload,burnout,90,20,80,10,9,20,68.61,0.183,sustainable,3095.6,284.0
optimizer,burnout,90,20,83,7,7,10,14.58,0.189,sustainable,2529.84,249.0
low_energy,burnout,90,20,36,54,21,11,0,0.222,returning,329.76,36.0
adversarial,burnout,90,20,63,27,19,21,71.02,0.175,returning,3241.2,292.0
perfect,potential,90,20,90,0,0,12,4.87,0.167,sustainable,1800.0,180.0
cautious,potential,90,20,54,36,19,6,0,0.204,returning,505.44,54.0
balanced,potential,90,20,66,24,19,10,3.13,0.197,returning,1293.6,132.0
chaotic,potential,90,20,38,52,24,4,1.8,0.202,returning,1181.04,114.0
high_skip,potential,90,20,24,66,19,1,0,0.25,returning,226.56,24.0
returning,potential,90,20,53,37,23,8,0,0.189,returning,1021.84,106.0
overload,potential,90,20,78,12,11,18,76.04,0.178,returning,3062.9,281.0
optimizer,potential,90,20,89,1,1,12,9.4,0.195,sustainable,2712.72,267.0
low_energy,potential,90,20,40,50,23,13,0,0.175,returning,366.4,40.0
adversarial,potential,90,20,65,25,21,22,67.05,0.18,sustainable,3330.0,300.0
perfect,return,90,20,88,2,1,12,1.86,0.17,sustainable,1760.0,176.0
cautious,return,90,20,57,33,21,9,0,0.211,returning,533.52,57.0
balanced,return,90,20,61,29,22,4,1.57,0.18,returning,1195.6,122.0
chaotic,return,90,20,47,43,22,8,9.21,0.177,sustainable,1460.76,141.0
high_skip,return,90,20,23,67,19,4,0,0.304,returning,217.12,23.0
returning,return,90,20,46,44,23,7,0,0.217,returning,886.88,92.0
overload,return,90,20,81,9,9,19,72.7,0.17,returning,3073.8,282.0
optimizer,return,90,20,88,2,2,12,9.4,0.193,sustainable,2682.24,264.0
low_energy,return,90,20,35,55,24,13,0,0.229,returning,320.6,35.0
adversarial,return,90,20,61,29,16,20,67.55,0.175,sustainable,3163.5,285.0
perfect,lost,180,20,178,2,2,25,1.62,0.169,integrated,3560.0,356.0
cautious,lost,180,20,113,67,41,14,0,0.212,returning,1057.68,113.0
balanced,lost,180,20,143,37,33,21,0.52,0.178,sustainable,2802.8,286.0
chaotic,lost,180,20,87,93,47,8,1.6,0.172,sustainable,2703.96,261.0
high_skip,lost,180,20,50,130,37,5,0,0.22,returning,472.0,50.0
returning,lost,180,20,113,67,43,13,0.29,0.177,sustainable,2178.64,226.0
overload,lost,180,20,155,25,19,41,77.06,0.175,returning,5973.2,548.0
optimizer,lost,180,20,169,11,11,22,7.83,0.195,integrated,5151.12,507.0
low_energy,lost,180,20,95,85,42,36,0,0.2,returning,870.2,95.0
adversarial,lost,180,20,128,52,34,47,73.24,0.175,returning,6471.3,583.0
perfect,burnout,180,20,180,0,0,25,4.06,0.167,sustainable,3600.0,360.0
cautious,burnout,180,20,109,71,43,18,0,0.211,returning,1020.24,109.0
balanced,burnout,180,20,148,32,24,19,0,0.176,sustainable,2900.8,296.0
chaotic,burnout,180,20,85,95,43,12,1.8,0.176,sustainable,2641.8,255.0
high_skip,burnout,180,20,52,128,37,10,0,0.192,returning,490.88,52.0
returning,burnout,180,20,110,70,44,16,0.58,0.195,returning,2120.8,220.0
overload,burnout,180,20,152,28,22,40,72.58,0.178,returning,5809.7,533.0
optimizer,burnout,180,20,169,11,10,22,8.45,0.195,integrated,5151.12,507.0
low_energy,burnout,180,20,83,97,44,30,0,0.217,returning,760.28,83.0
adversarial,burnout,180,20,124,56,37,46,61.98,0.171,sustainable,6282.6,566.0
perfect,potential,180,20,179,1,1,25,4.06,0.168,integrated,3580.0,358.0
cautious,potential,180,20,114,66,43,14,0,0.193,returning,1067.04,114.0
balanced,potential,180,20,138,42,32,22,0.52,0.174,sustainable,2704.8,276.0
chaotic,potential,180,20,95,85,44,16,4.0,0.189,integrated,2952.6,285.0
high_skip,potential,180,20,43,137,32,7,0,0.209,returning,405.92,43.0
returning,potential,180,20,104,76,46,16,0,0.178,sustainable,2005.12,208.0
overload,potential,180,20,164,16,16,46,75.73,0.174,returning,6322.0,580.0
optimizer,potential,180,20,165,15,13,23,6.26,0.198,integrated,5029.2,495.0
low_energy,potential,180,20,100,80,44,39,0,0.2,returning,916.0,100.0
adversarial,potential,180,20,129,51,35,48,69.25,0.179,sustainable,6515.7,587.0
perfect,return,180,20,176,4,4,25,1.62,0.17,integrated,3520.0,352.0
cautious,return,180,20,119,61,47,14,0,0.185,returning,1113.84,119.0
balanced,return,180,20,137,43,33,23,0,0.175,sustainable,2685.2,274.0
chaotic,return,180,20,83,97,46,13,1.8,0.185,sustainable,2579.64,249.0
high_skip,return,180,20,44,136,30,7,0,0.25,returning,415.36,44.0
returning,return,180,20,106,74,47,17,0.58,0.198,sustainable,2043.68,212.0
overload,return,180,20,160,20,18,44,76.23,0.181,returning,6191.2,568.0
optimizer,return,180,20,166,14,14,25,7.83,0.199,integrated,5059.68,498.0
low_energy,return,180,20,83,97,45,31,0,0.181,returning,760.28,83.0
adversarial,return,180,20,129,51,39,48,66.85,0.176,sustainable,6493.5,585.0
perfect,lost,30,21,29,1,1,3,4.3,0.172,open,580.0,58.0
cautious,lost,30,21,17,13,7,3,0,0.235,returning,159.12,17.0
balanced,lost,30,21,26,4,4,3,0.52,0.192,returning,509.6,52.0
chaotic,lost,30,21,13,17,6,3,0,0.231,returning,404.04,39.0
high_skip,lost,30,21,5,25,5,2,0,0.4,returning,47.2,5.0
returning,lost,30,21,22,8,6,2,0.58,0.205,returning,424.16,44.0
overload,lost,30,21,27,3,2,3,74.54,0.171,overloaded,1144.5,105.0
optimizer,lost,30,21,26,4,2,3,1.92,0.192,open,792.48,78.0
low_energy,lost,30,21,14,16,8,5,0,0.286,returning,128.24,14.0
adversarial,lost,30,21,25,5,5,6,68.01,0.178,returning,1309.8,118.0
perfect,burnout,30,21,30,0,0,4,1.62,0.167,open,600.0,60.0
cautious,burnout,30,21,17,13,6,3,0,0.235,returning,159.12,17.0
balanced,burnout,30,21,29,1,1,3,1.04,0.172,open,568.4,58.0
chaotic,burnout,30,21,16,14,6,2,2.0,0.188,returning,497.28,48.0
high_skip,burnout,30,21,7,23,6,0,0,0.429,returning,66.08,7.0
returning,burnout,30,21,15,15,7,3,0.29,0.233,returning,289.2,30.0
overload,burnout,30,21,28,2,1,4,76.98,0.174,overloaded,1188.1,109.0
optimizer,burnout,30,21,28,2,2,3,16.45,0.19,open,853.44,84.0
low_energy,burnout,30,21,17,13,8,5,0,0.235,returning,155.72,17.0
adversarial,burnout,30,21,19,11,9,2,76.93,0.191,returning,1043.4,94.0
perfect,potential,30,21,30,0,0,4,1.62,0.167,open,600.0,60.0
cautious,potential,30,21,17,13,7,3,0,0.235,returning,159.12,17.0
balanced,potential,30,21,22,8,7,3,0,0.205,returning,431.2,44.0
chaotic,potential,30,21,18,12,6,3,0,0.185,returning,559.44,54.0
high_skip,potential,30,21,10,20,7,3,0,0.2,returning,94.4,10.0
returning,potential,30,21,17,13,9,2,0.29,0.235,returning,327.76,34.0
overload,potential,30,21,26,4,3,4,60.28,0.173,open,1133.6,104.0
optimizer,potential,30,21,28,2,2,4,3.13,0.19,open,853.44,84.0
low_energy,potential,30,21,13,17,7,4,0,0.308,returning,119.08,13.0
adversarial,potential,30,21,17,13,8,2,54.7,0.176,returning,943.5,85.0
perfect,return,30,21,30,0,0,4,1.62,0.167,open,600.0,60.0
cautious,return,30,21,23,7,6,3,0,0.217,returning,215.28,23.0
balanced,return,30,21,20,10,5,4,0,0.225,returning,392.0,40.0
chaotic,return,30,21,14,16,8,2,4.0,0.19,returning,435.12,42.0
high_skip,return,30,21,7,23,5,1,0,0.286,returning,66.08,7.0
returning,return,30,21,15,15,7,1,0,0.233,returning,289.2,30.0
overload,return,30,21,29,1,1,4,76.41,0.177,overloaded,1231.7,113.0
optimizer,return,30,21,27,3,3,3,6.52,0.185,open,822.96,81.0
low_energy,return,30,21,18,12,9,5,0,0.222,returning,164.88,18.0
adversarial,return,30,21,23,7,6,4,77.19,0.18,returning,1232.1,111.0
perfect,lost,90,21,88,2,2,12,4.87,0.17,open,1760.0,176.0
cautious,lost,90,21,53,37,28,8,0,0.226,returning,496.08,53.0
balanced,lost,90,21,71,19,17,11,0,0.183,returning,1391.6,142.0
chaotic,lost,90,21,45,45,23,6,7.8,0.193,returning,1398.6,135.0
high_skip,lost,90,21,22,68,16,1,0,0.227,returning,207.68,22.0
returning,lost,90,21,57,33,19,7,0.87,0.184,returning,1098.96,114.0
overload,lost,90,21,80,10,9,20,67.96,0.176,sustainable,3161.0,290.0
optimizer,lost,90,21,83,7,7,12,7.83,0.197,sustainable,2529.84,249.0
low_energy,lost,90,21,36,54,20,15,0,0.222,returning,329.76,36.0
adversarial,lost,90,21,63,27,15,21,74.85,0.173,returning,3341.1,301.0
perfect,burnout,90,21,88,2,2,12,4.87,0.17,open,1760.0,176.0
cautious,burnout,90,21,64,26,17,7,0,0.203,returning,599.04,64.0
balanced,burnout,90,21,79,11,10,8,4.06,0.171,returning,1548.4,158.0
chaotic,burnout,90,21,37,53,21,3,0,0.18,returning,1149.96,111.0
high_skip,burnout,90,21,22,68,13,3,0,0.227,returning,207.68,22.0
returning,burnout,90,21,51,39,22,9,0.29,0.216,returning,983.28,102.0
overload,burnout,90,21,74,16,14,17,72.54,0.186,returning,2932.1,269.0
optimizer,burnout,90,21,86,4,4,11,16.44,0.19,sustainable,2621.28,258.0
low_energy,burnout,90,21,50,40,20,17,0,0.26,returning,458.0,50.0
adversarial,burnout,90,21,63,27,20,21,73.43,0.173,returning,3263.4,294.0
perfect,potential,90,21,87,3,3,12,4.87,0.172,sustainable,1740.0,174.0
cautious,potential,90,21,58,32,24,8,0,0.207,returning,542.88,58.0
balanced,potential,90,21,71,19,13,10,2.61,0.183,returning,1391.6,142.0
chaotic,potential,90,21,50,40,18,6,3.6,0.193,sustainable,1554.0,150.0
high_skip,potential,90,21,25,65,15,3,0,0.28,returning,236.0,25.0
returning,potential,90,21,47,43,21,7,0,0.191,returning,906.16,94.0
overload,potential,90,21,76,14,12,17,76.29,0.175,returning,2997.5,275.0
optimizer,potential,90,21,87,3,3,11,11.64,0.192,sustainable,2651.76,261.0
low_energy,potential,90,21,47,43,24,16,0,0.255,returning,430.52,47.0
adversarial,potential,90,21,67,23,19,23,68.87,0.176,sustainable,3407.7,307.0
perfect,return,90,21,89,1,1,12,4.87,0.169,sustainable,1780.0,178.0
cautious,return,90,21,63,27,21,9,0,0.222,returning,589.68,63.0
balanced,return,90,21,61,29,22,7,0.52,0.205,returning,1195.6,122.0
chaotic,return,90,21,46,44,15,6,5.8,0.188,sustainable,1429.68,138.0
high_skip,return,90,21,26,64,21,1,0,0.308,returning,245.44,26.0
returning,return,90,21,47,43,27,5,0,0.213,returning,906.16,94.0
overload,return,90,21,79,11,10,19,67.24,0.174,sustainable,3062.9,281.0
optimizer,return,90,21,81,9,8,12,9.4,0.198,sustainable,2468.88,243.0
low_energy,return,90,21,43,47,24,14,0,0.256,returning,393.88,43.0
adversarial,return,90,21,64,26,19,22,68.46,0.182,sustainable,3363.3,303.0
perfect,lost,180,21,180,0,0,25,4.06,0.167,integrated,3600.0,360.0
cautious,lost,180,21,121,59,36,16,0,0.174,returning,1132.56,121.0
balanced,lost,180,21,129,51,36,18,0.52,0.174,sustainable,2528.4,258.0
chaotic,lost,180,21,92,88,50,11,2.0,0.181,sustainable,2859.36,276.0
high_skip,lost,180,21,52,128,36,6,0,0.231,returning,490.88,52.0
returning,lost,180,21,103,77,48,15,0.29,0.18,sustainable,1985.84,206.0
overload,lost,180,21,165,15,15,46,75.81,0.176,returning,6300.2,578.0
optimizer,lost,180,21,166,14,13,24,7.83,0.197,integrated,5059.68,498.0
low_energy,lost,180,21,88,92,47,33,0,0.216,returning,806.08,88.0
adversarial,lost,180,21,134,46,35,51,76.14,0.172,returning,6782.1,611.0
perfect,burnout,180,21,179,1,1,25,4.06,0.168,sustainable,3580.0,358.0
cautious,burnout,180,21,110,70,46,15,0,0.2,returning,1029.6,110.0
balanced,burnout,180,21,144,36,30,19,1.04,0.184,sustainable,2822.4,288.0
chaotic,burnout,180,21,85,95,36,14,0,0.184,sustainable,2641.8,255.0
high_skip,burnout,180,21,47,133,35,6,0,0.277,returning,443.68,47.0
returning,burnout,180,21,105,75,47,14,0.87,0.176,returning,2024.4,210.0
overload,burnout,180,21,157,23,21,43,75.98,0.176,returning,6071.3,557.0
optimizer,burnout,180,21,166,14,12,24,7.83,0.197,integrated,5059.68,498.0
low_energy,burnout,180,21,84,96,49,31,0,0.214,returning,769.44,84.0
adversarial,burnout,180,21,130,50,37,49,73.47,0.177,returning,6571.2,592.0
perfect,potential,180,21,178,2,2,23,4.06,0.169,integrated,3560.0,356.0
cautious,potential,180,21,103,77,39,15,0,0.194,returning,964.08,103.0
balanced,potential,180,21,146,34,29,22,1.57,0.171,sustainable,2861.6,292.0
chaotic,potential,180,21,90,90,47,12,0,0.185,integrated,2797.2,270.0
high_skip,potential,180,21,40,140,31,5,0,0.275,returning,377.6,40.0
returning,potential,180,21,92,88,43,11,0,0.19,sustainable,1773.76,184.0
overload,potential,180,21,156,24,20,42,67.2,0.172,sustainable,5962.3,547.0
optimizer,potential,180,21,171,9,9,24,7.83,0.197,integrated,5212.08,513.0
low_energy,potential,180,21,85,95,42,28,0,0.212,returning,778.6,85.0
adversarial,potential,180,21,114,66,45,38,75.44,0.175,returning,5849.7,527.0
perfect,return,180,21,177,3,3,24,4.06,0.167,integrated,3540.0,354.0
cautious,return,180,21,117,63,40,15,0,0.197,returning,1095.12,117.0
balanced,return,180,21,144,36,28,21,0.52,0.184,sustainable,2822.4,288.0
chaotic,return,180,21,93,87,51,18,7.21,0.176,integrated,2890.44,279.0
high_skip,return,180,21,41,139,29,9,0,0.268,returning,387.04,41.0
returning,return,180,21,98,82,39,13,0,0.173,sustainable,1889.44,196.0
overload,return,180,21,164,16,16,47,68.96,0.178,sustainable,6365.6,584.0
optimizer,return,180,21,170,10,10,24,7.83,0.198,integrated,5181.6,510.0
low_energy,return,180,21,85,95,43,31,0,0.2,returning,778.6,85.0
adversarial,return,180,21,117,63,40,40,71.88,0.184,returning,5971.8,538.0
perfect,lost,30,22,30,0,0,4,1.62,0.167,open,600.0,60.0
cautious,lost,30,22,18,12,7,3,0,0.278,returning,168.48,18.0
balanced,lost,30,22,25,5,5,3,1.04,0.18,returning,490.0,50.0
chaotic,lost,30,22,14,16,7,1,0,0.19,returning,435.12,42.0
high_skip,lost,30,22,7,23,4,3,0,0.286,returning,66.08,7.0
returning,lost,30,22,23,7,6,2,0.58,0.196,returning,443.44,46.0
overload,lost,30,22,26,4,3,3,71.28,0.183,open,1133.6,104.0
optimizer,lost,30,22,26,4,4,4,3.13,0.192,returning,792.48,78.0
low_energy,lost,30,22,13,17,6,4,0,0.308,returning,119.08,13.0
adversarial,lost,30,22,22,8,7,4,72.58,0.174,returning,1209.9,109.0
perfect,burnout,30,22,30,0,0,4,1.62,0.167,open,600.0,60.0
cautious,burnout,30,22,16,14,7,2,0,0.25,returning,149.76,16.0
balanced,burnout,30,22,24,6,5,4,0,0.188,returning,470.4,48.0
chaotic,burnout,30,22,19,11,6,3,4.0,0.193,returning,590.52,57.0
high_skip,burnout,30,22,7,23,6,1,0,0.429,returning,66.08,7.0
returning,burnout,30,22,22,8,5,4,0,0.182,returning,424.16,44.0
overload,burnout,30,22,28,2,2,4,76.98,0.183,overloaded,1188.1,109.0
optimizer,burnout,30,22,28,2,2,3,16.45,0.19,open,853.44,84.0
low_energy,burnout,30,22,13,17,6,5,0,0.308,returning,119.08,13.0
adversarial,burnout,30,22,24,6,6,6,69.2,0.174,returning,1276.5,115.0
perfect,potential,30,22,30,0,0,4,1.62,0.167,open,600.0,60.0
cautious,potential,30,22,23,7,6,4,0,0.217,returning,215.28,23.0
balanced,potential,30,22,22,8,4,2,1.04,0.205,returning,431.2,44.0
chaotic,potential,30,22,19,11,7,2,11.81,0.211,returning,590.52,57.0
high_skip,potential,30,22,8,22,6,2,0,0.375,returning,75.52,8.0
returning,potential,30,22,18,12,6,1,0.58,0.222,returning,347.04,36.0
overload,potential,30,22,27,3,3,3,74.54,0.181,overloaded,1144.5,105.0
optimizer,potential,30,22,28,2,2,2,20.45,0.179,open,853.44,84.0
low_energy,potential,30,22,17,13,7,6,0,0.294,returning,155.72,17.0
adversarial,potential,30,22,22,8,6,4,68.97,0.189,returning,1176.6,106.0
perfect,return,30,22,28,2,2,4,1.62,0.179,open,560.0,56.0
cautious,return,30,22,19,11,6,3,0,0.211,returning,177.84,19.0
balanced,return,30,22,23,7,4,3,1.04,0.196,returning,450.8,46.0
chaotic,return,30,22,15,15,10,1,5.6,0.222,returning,466.2,45.0
high_skip,return,30,22,5,25,2,1,0,0.4,open,47.2,5.0
returning,return,30,22,17,13,6,3,0,0.206,returning,327.76,34.0
overload,return,30,22,29,1,1,4,76.41,0.177,overloaded,1231.7,113.0
optimizer,return,30,22,29,1,1,4,3.13,0.195,open,883.92,87.0
low_energy,return,30,22,14,16,9,4,0,0.214,returning,128.24,14.0
adversarial,return,30,22,22,8,6,4,71.38,0.176,returning,1198.8,108.0
perfect,lost,90,22,88,2,2,11,4.87,0.17,open,1760.0,176.0
cautious,lost,90,22,47,43,26,7,0,0.213,returning,439.92,47.0
balanced,lost,90,22,71,19,14,10,0,0.183,returning,1391.6,142.0
chaotic,lost,90,22,47,43,24,6,6.0,0.177,sustainable,1460.76,141.0
high_skip,lost,90,22,22,68,19,4,0,0.318,returning,207.68,22.0
returning,lost,90,22,52,38,25,5,0.58,0.192,returning,1002.56,104.0
overload,lost,90,22,84,6,5,21,68.94,0.171,sustainable,3193.7,293.0
optimizer,lost,90,22,84,6,5,11,9.4,0.194,sustainable,2560.32,252.0
low_energy,lost,90,22,33,57,21,11,0,0.242,returning,302.28,33.0
adversarial,lost,90,22,63,27,16,20,73.82,0.179,returning,3230.1,291.0
perfect,burnout,90,22,88,2,2,12,2.44,0.17,open,1760.0,176.0
cautious,burnout,90,22,54,36,21,7,0,0.185,returning,505.44,54.0
balanced,burnout,90,22,69,21,15,9,0,0.188,returning,1352.4,138.0
chaotic,burnout,90,22,44,46,20,4,17.61,0.182,returning,1367.52,132.0
high_skip,burnout,90,22,20,70,17,2,0,0.45,returning,188.8,20.0
returning,burnout,90,22,52,38,23,9,0.58,0.183,returning,1002.56,104.0
overload,burnout,90,22,81,9,7,20,76.11,0.18,returning,3150.1,289.0
optimizer,burnout,90,22,86,4,4,12,9.4,0.194,sustainable,2621.28,258.0
low_energy,burnout,90,22,50,40,23,15,0,0.2,returning,458.0,50.0
adversarial,burnout,90,22,70,20,17,26,67.53,0.174,sustainable,3574.2,322.0
perfect,potential,90,22,90,0,0,12,4.87,0.167,sustainable,1800.0,180.0
cautious,potential,90,22,63,27,19,7,0,0.206,returning,589.68,63.0
balanced,potential,90,22,72,18,14,9,1.57,0.181,returning,1411.2,144.0
chaotic,potential,90,22,51,39,19,6,10.21,0.183,sustainable,1585.08,153.0
high_skip,potential,90,22,20,70,16,1,0,0.3,returning,188.8,20.0
returning,potential,90,22,39,51,22,7,0,0.205,returning,751.92,78.0
overload,potential,90,22,77,13,12,18,72.78,0.182,returning,3052.0,280.0
optimizer,potential,90,22,85,5,5,12,9.4,0.196,sustainable,2590.8,255.0
low_energy,potential,90,22,39,51,21,12,0,0.205,returning,357.24,39.0
adversarial,potential,90,22,67,23,18,23,68.87,0.176,sustainable,3407.7,307.0
perfect,return,90,22,87,3,3,11,4.87,0.172,open,1740.0,174.0
cautious,return,90,22,56,34,24,3,0,0.196,returning,524.16,56.0
balanced,return,90,22,70,20,13,10,3.13,0.193,returning,1372.0,140.0
chaotic,return,90,22,41,49,27,3,2.0,0.179,returning,1274.28,123.0
high_skip,return,90,22,19,71,14,3,0,0.316,returning,179.36,19.0
returning,return,90,22,48,42,21,7,1.16,0.198,returning,925.44,96.0
overload,return,90,22,83,7,7,21,67.8,0.177,sustainable,3204.6,294.0
optimizer,return,90,22,86,4,4,10,18.88,0.19,sustainable,2621.28,258.0
low_energy,return,90,22,38,52,23,12,0,0.184,returning,348.08,38.0
adversarial,return,90,22,62,28,20,19,76.6,0.175,returning,3174.6,286.0
perfect,lost,180,22,178,2,2,25,4.06,0.169,integrated,3560.0,356.0
cautious,lost,180,22,110,70,44,17,0,0.182,returning,1029.6,110.0
balanced,lost,180,22,135,45,34,18,2.61,0.181,sustainable,2646.0,270.0
chaotic,lost,180,22,101,79,52,9,11.61,0.178,integrated,3139.08,303.0
high_skip,lost,180,22,39,141,31,5,0,0.231,returning,368.16,39.0
returning,lost,180,22,114,66,44,14,0,0.18,sustainable,2197.92,228.0
overload,lost,180,22,152,28,24,40,72.99,0.176,returning,5886.0,540.0
optimizer,lost,180,22,172,8,7,24,7.83,0.196,integrated,5242.56,516.0
low_energy,lost,180,22,81,99,41,27,0,0.198,returning,741.96,81.0
adversarial,lost,180,22,130,50,34,49,65.27,0.176,sustainable,6560.1,591.0
perfect,burnout,180,22,178,2,2,25,4.06,0.169,sustainable,3560.0,356.0
cautious,burnout,180,22,118,62,40,21,0,0.195,returning,1104.48,118.0
balanced,burnout,180,22,140,40,30,21,0.52,0.186,sustainable,2744.0,280.0
chaotic,burnout,180,22,88,92,41,10,4.0,0.174,sustainable,2735.04,264.0
high_skip,burnout,180,22,51,129,37,10,0,0.216,returning,481.44,51.0
returning,burnout,180,22,107,73,47,16,0,0.173,returning,2062.96,214.0
overload,burnout,180,22,161,19,17,45,75.49,0.169,returning,6202.1,569.0
optimizer,burnout,180,22,173,7,7,23,12.52,0.197,integrated,5273.04,519.0
low_energy,burnout,180,22,73,107,45,32,0,0.205,returning,668.68,73.0
adversarial,burnout,180,22,132,48,36,51,72.72,0.175,returning,6726.6,606.0
perfect,potential,180,22,178,2,2,25,4.06,0.169,integrated,3560.0,356.0
cautious,potential,180,22,122,58,37,17,0,0.18,returning,1141.92,122.0
balanced,potential,180,22,143,37,29,20,1.04,0.185,sustainable,2802.8,286.0
chaotic,potential,180,22,90,90,39,13,0,0.178,integrated,2797.2,270.0
high_skip,potential,180,22,42,138,30,7,0,0.262,returning,396.48,42.0
returning,potential,180,22,112,68,43,15,0.29,0.174,sustainable,2159.36,224.0
overload,potential,180,22,158,22,18,43,73.3,0.177,returning,6093.1,559.0
optimizer,potential,180,22,171,9,9,23,7.83,0.195,integrated,5212.08,513.0
low_energy,potential,180,22,89,91,49,32,0,0.202,returning,815.24,89.0
adversarial,potential,180,22,129,51,33,48,70.46,0.179,returning,6526.8,588.0
perfect,return,180,22,180,0,0,25,4.06,0.167,integrated,3600.0,360.0
cautious,return,180,22,109,71,45,15,0,0.193,returning,1020.24,109.0
balanced,return,180,22,143,37,31,18,2.09,0.182,sustainable,2802.8,286.0
chaotic,return,180,22,90,90,48,16,5.8,0.185,sustainable,2797.2,270.0
high_skip,return,180,22,37,143,32,3,0,0.216,returning,349.28,37.0
returning,return,180,22,107,73,38,15,0.87,0.182,sustainable,2062.96,214.0
overload,return,180,22,163,17,15,45,76.06,0.175,returning,6234.8,572.0
optimizer,return,180,22,163,17,14,20,6.48,0.196,integrated,4968.24,489.0
low_energy,return,180,22,84,96,37,32,0,0.214,returning,769.44,84.0
adversarial,return,180,22,114,66,43,38,69.43,0.176,sustainable,5794.2,522.0
perfect,lost,30,23,30,0,0,4,1.62,0.167,open,600.0,60.0
cautious,lost,30,23,19,11,7,4,0,0.211,returning,177.84,19.0
balanced,lost,30,23,24,6,4,4,1.04,0.208,returning,470.4,48.0
chaotic,lost,30,23,19,11,6,3,0,0.193,returning,590.52,57.0
high_skip,lost,30,23,10,20,7,1,0,0.3,returning,94.4,10.0
returning,lost,30,23,17,13,6,3,0,0.206,returning,327.76,34.0
overload,lost,30,23,28,2,2,4,72.09,0.171,overloaded,1209.9,111.0
optimizer,lost,30,23,27,3,3,4,3.13,0.198,open,822.96,81.0
low_energy,lost,30,23,12,18,6,3,0,0.25,returning,109.92,12.0
adversarial,lost,30,23,22,8,6,4,68.97,0.179,returning,1176.6,106.0
perfect,burnout,30,23,30,0,0,4,1.62,0.167,open,600.0,60.0
cautious,burnout,30,23,19,11,7,2,0,0.263,returning,177.84,19.0
balanced,burnout,30,23,23,7,7,4,0.52,0.174,returning,450.8,46.0
chaotic,burnout,30,23,18,12,9,4,0,0.204,returning,559.44,54.0
high_skip,burnout,30,23,7,23,6,1,0,0.429,returning,66.08,7.0
returning,burnout,30,23,21,9,7,3,0.29,0.19,returning,404.88,42.0
overload,burnout,30,23,29,1,1,5,72.41,0.177,overloaded,1231.7,113.0
optimizer,burnout,30,23,30,0,0,4,12.98,0.189,open,914.4,90.0
low_energy,burnout,30,23,18,12,7,7,0,0.278,returning,164.88,18.0
adversarial,burnout,30,23,21,9,5,3,77.55,0.18,returning,1110.0,100.0
perfect,potential,30,23,29,1,1,4,1.62,0.172,open,580.0,58.0
cautious,potential,30,23,18,12,5,3,0,0.222,returning,168.48,18.0
balanced,potential,30,23,24,6,5,3,1.04,0.188,returning,470.4,48.0
chaotic,potential,30,23,16,14,9,2,4.0,0.229,returning,497.28,48.0
high_skip,potential,30,23,2,28,1,1,0,0.5,open,18.88,2.0
returning,potential,30,23,19,11,5,1,0,0.184,returning,366.32,38.0
overload,potential,30,23,26,4,3,4,60.28,0.192,open,1133.6,104.0
optimizer,potential,30,23,30,0,0,4,5.98,0.189,open,914.4,90.0
low_energy,potential,30,23,20,10,7,6,0,0.25,returning,183.2,20.0
adversarial,potential,30,23,25,5,3,6,70.42,0.175,open,1332.0,120.0
perfect,return,30,23,30,0,0,4,1.62,0.167,open,600.0,60.0
cautious,return,30,23,18,12,7,3,0,0.278,returning,168.48,18.0
balanced,return,30,23,22,8,7,3,1.04,0.205,returning,431.2,44.0
chaotic,return,30,23,17,13,9,3,4.0,0.216,returning,528.36,51.0
high_skip,return,30,23,11,19,9,2,0,0.273,returning,103.84,11.0
returning,return,30,23,21,9,5,4,0,0.214,returning,404.88,42.0
overload,return,30,23,27,3,3,4,66.72,0.176,open,1177.2,108.0
optimizer,return,30,23,28,2,2,4,3.13,0.19,open,853.44,84.0
low_energy,return,30,23,12,18,5,3,0,0.333,returning,109.92,12.0
adversarial,return,30,23,21,9,8,3,75.36,0.192,returning,1154.4,104.0
perfect,lost,90,23,90,0,0,12,4.87,0.167,open,1800.0,180.0
cautious,lost,90,23,52,38,25,9,0,0.231,returning,486.72,52.0
balanced,lost,90,23,66,24,18,9,0,0.189,returning,1293.6,132.0
chaotic,lost,90,23,39,51,25,3,0,0.214,returning,1212.12,117.0
high_skip,lost,90,23,26,64,19,0,0,0.231,returning,245.44,26.0
returning,lost,90,23,53,37,22,8,0.29,0.179,returning,1021.84,106.0
overload,lost,90,23,77,13,11,19,67.07,0.179,sustainable,3106.5,285.0
optimizer,lost,90,23,79,11,11,11,7.83,0.198,sustainable,2407.92,237.0
low_energy,lost,90,23,44,46,24,14,0,0.227,returning,403.04,44.0
adversarial,lost,90,23,62,28,18,20,65.6,0.178,sustainable,3174.6,286.0
perfect,burnout,90,23,89,1,1,12,4.87,0.169,open,1780.0,178.0
cautious,burnout,90,23,48,42,20,6,0,0.229,returning,449.28,48.0
balanced,burnout,90,23,74,16,14,10,3.13,0.189,returning,1450.4,148.0
chaotic,burnout,90,23,36,54,19,5,0,0.213,returning,1118.88,108.0
high_skip,burnout,90,23,18,72,15,4,0,0.278,returning,169.92,18.0
returning,burnout,90,23,50,40,23,6,0,0.2,returning,964.0,100.0
overload,burnout,90,23,80,10,8,20,77.08,0.178,returning,3182.8,292.0
optimizer,burnout,90,23,85,5,5,11,11.11,0.192,sustainable,2590.8,255.0
low_energy,burnout,90,23,40,50,25,17,0,0.225,returning,366.4,40.0
adversarial,burnout,90,23,69,21,13,25,75.12,0.174,returning,3563.1,321.0
perfect,potential,90,23,88,2,2,12,4.87,0.17,sustainable,1760.0,176.0
cautious,potential,90,23,56,34,21,9,0,0.214,returning,524.16,56.0
balanced,potential,90,23,63,27,20,8,0.52,0.19,returning,1234.8,126.0
chaotic,potential,90,23,47,43,24,8,0,0.191,sustainable,1460.76,141.0
high_skip,potential,90,23,22,68,15,5,0,0.273,returning,207.68,22.0
returning,potential,90,23,57,33,17,9,0.29,0.211,returning,1098.96,114.0
overload,potential,90,23,80,10,9,20,69.02,0.179,sustainable,3171.9,291.0
optimizer,potential,90,23,85,5,5,12,9.4,0.196,sustainable,2590.8,255.0
low_energy,potential,90,23,47,43,25,18,0,0.213,returning,430.52,47.0
adversarial,potential,90,23,60,30,18,20,66.85,0.184,sustainable,3130.2,282.0
perfect,return,90,23,90,0,0,12,4.87,0.167,sustainable,1800.0,180.0
cautious,return,90,23,57,33,22,8,0,0.193,returning,533.52,57.0
balanced,return,90,23,69,21,16,9,3.13,0.196,returning,1352.4,138.0
chaotic,return,90,23,46,44,21,7,3.6,0.181,sustainable,1429.68,138.0
high_skip,return,90,23,25,65,19,1,0,0.2,returning,236.0,25.0
returning,return,90,23,51,39,20,4,0,0.186,returning,983.28,102.0
overload,return,90,23,76,14,10,17,77.35,0.178,returning,3008.4,276.0
optimizer,return,90,23,81,9,9,12,7.83,0.198,sustainable,2468.88,243.0
low_energy,return,90,23,38,52,21,17,0,0.237,returning,348.08,38.0
adversarial,return,90,23,70,20,16,25,69.12,0.178,sustainable,3552.0,320.0
perfect,lost,180,23,178,2,2,25,4.06,0.169,integrated,3560.0,356.0
cautious,lost,180,23,111,69,43,14,0,0.225,returning,1038.96,111.0
balanced,lost,180,23,154,26,20,20,2.61,0.172,sustainable,3018.4,308.0
chaotic,lost,180,23,102,78,48,15,4.0,0.196,integrated,3170.16,306.0
high_skip,lost,180,23,48,132,32,9,0,0.208,returning,453.12,48.0
returning,lost,180,23,94,86,45,12,0,0.197,returning,1812.32,188.0
overload,lost,180,23,158,22,18,43,66.95,0.175,sustainable,6027.7,553.0
optimizer,lost,180,23,165,15,15,23,7.83,0.196,integrated,5029.2,495.0
low_energy,lost,180,23,91,89,46,34,0,0.209,returning,833.56,91.0
adversarial,lost,180,23,126,54,36,47,69.26,0.174,sustainable,6449.1,581.0
perfect,burnout,180,23,178,2,2,25,4.06,0.169,sustainable,3560.0,356.0
cautious,burnout,180,23,95,85,45,17,0,0.2,returning,889.2,95.0
balanced,burnout,180,23,136,44,31,19,1.57,0.18,sustainable,2665.6,272.0
chaotic,burnout,180,23,101,79,45,15,0,0.178,sustainable,3139.08,303.0
high_skip,burnout,180,23,52,128,38,10,0,0.192,returning,490.88,52.0
returning,burnout,180,23,103,77,46,15,0.87,0.175,returning,1985.84,206.0
overload,burnout,180,23,161,19,17,45,73.37,0.171,returning,6180.3,567.0
optimizer,burnout,180,23,171,9,8,24,7.83,0.195,integrated,5212.08,513.0
low_energy,burnout,180,23,88,92,50,37,0,0.216,returning,806.08,88.0
adversarial,burnout,180,23,113,67,38,39,67.84,0.175,sustainable,5849.7,527.0
perfect,potential,180,23,178,2,2,25,4.06,0.169,integrated,3560.0,356.0
cautious,potential,180,23,102,78,43,11,0,0.196,returning,954.72,102.0
balanced,potential,180,23,136,44,31,18,0.52,0.18,sustainable,2665.6,272.0
chaotic,potential,180,23,87,93,39,13,2.0,0.18,integrated,2703.96,261.0
high_skip,potential,180,23,48,132,36,12,0,0.208,returning,453.12,48.0
returning,potential,180,23,102,78,54,16,0,0.191,sustainable,1966.56,204.0
overload,potential,180,23,156,24,22,41,77.14,0.176,returning,5951.4,546.0
optimizer,potential,180,23,172,8,8,24,7.83,0.198,integrated,5242.56,516.0
low_energy,potential,180,23,95,85,40,34,0,0.221,returning,870.2,95.0
adversarial,potential,180,23,125,55,39,45,70.59,0.173,returning,6304.8,568.0
perfect,return,180,23,179,1,1,25,4.06,0.168,integrated,3580.0,358.0
cautious,return,180,23,110,70,46,13,0,0.2,returning,1029.6,110.0
balanced,return,180,23,143,37,29,21,2.61,0.175,sustainable,2802.8,286.0
chaotic,return,180,23,96,84,42,18,1.6,0.174,integrated,2983.68,288.0
high_skip,return,180,23,42,138,37,10,0,0.19,returning,396.48,42.0
returning,return,180,23,94,86,39,14,0,0.181,sustainable,1812.32,188.0
overload,return,180,23,156,24,19,42,68.26,0.173,sustainable,5973.2,548.0
optimizer,return,180,23,170,10,10,21,16.22,0.194,integrated,5181.6,510.0
low_energy,return,180,23,79,101,41,24,0,0.203,returning,723.64,79.0
adversarial,return,180,23,132,48,36,50,74.31,0.175,returning,6704.4,604.0
perfect,lost,30,24,30,0,0,4,1.62,0.167,open,600.0,60.0
cautious,lost,30,24,17,13,8,3,0,0.235,returning,159.12,17.0
balanced,lost,30,24,24,6,4,4,1.04,0.188,returning,470.4,48.0
chaotic,lost,30,24,15,15,5,2,0,0.222,returning,466.2,45.0
high_skip,lost,30,24,10,20,7,2,0,0.3,returning,94.4,10.0
returning,lost,30,24,20,10,3,3,0,0.25,open,385.6,40.0
overload,lost,30,24,28,2,1,4,72.09,0.171,overloaded,1209.9,111.0
optimizer,lost,30,24,29,1,0,4,2.21,0.184,open,883.92,87.0
low_energy,lost,30,24,13,17,6,4,0,0.308,returning,119.08,13.0
adversarial,lost,30,24,22,8,5,4,67.77,0.181,returning,1165.5,105.0
perfect,burnout,30,24,30,0,0,4,1.62,0.167,open,600.0,60.0
cautious,burnout,30,24,20,10,6,3,0,0.25,returning,187.2,20.0
balanced,burnout,30,24,23,7,6,1,1.04,0.196,returning,450.8,46.0
chaotic,burnout,30,24,17,13,8,1,4.42,0.216,returning,528.36,51.0
high_skip,burnout,30,24,9,21,5,1,0,0.222,returning,84.96,9.0
returning,burnout,30,24,19,11,8,0,0.58,0.211,returning,366.32,38.0
overload,burnout,30,24,27,3,3,4,72.66,0.178,overloaded,1166.3,107.0
optimizer,burnout,30,24,30,0,0,4,12.98,0.189,open,914.4,90.0
low_energy,burnout,30,24,11,19,6,4,0,0.273,returning,100.76,11.0
adversarial,burnout,30,24,22,8,6,4,77.17,0.178,returning,1187.7,107.0
perfect,potential,30,24,30,0,0,4,1.62,0.167,open,600.0,60.0
cautious,potential,30,24,16,14,8,3,0,0.25,returning,149.76,16.0
balanced,potential,30,24,16,14,8,2,0,0.25,returning,313.6,32.0
chaotic,potential,30,24,13,17,8,2,4.0,0.205,returning,404.04,39.0
high_skip,potential,30,24,9,21,4,2,0,0.222,returning,84.96,9.0
returning,potential,30,24,16,14,10,1,0,0.219,returning,308.48,32.0
overload,potential,30,24,27,3,2,4,64.6,0.17,open,1155.4,106.0
optimizer,potential,30,24,30,0,0,4,5.98,0.189,open,914.4,90.0
low_energy,potential,30,24,12,18,7,5,0,0.25,returning,109.92,12.0
adversarial,potential,30,24,23,7,6,5,67.39,0.179,sustainable,1243.2,112.0
perfect,return,30,24,30,0,0,4,1.62,0.167,open,600.0,60.0
cautious,return,30,24,21,9,7,4,0,0.238,returning,196.56,21.0
balanced,return,30,24,22,8,7,4,1.04,0.205,returning,431.2,44.0
chaotic,return,30,24,17,13,8,2,2.0,0.176,returning,528.36,51.0
high_skip,return,30,24,6,24,5,0,0,0.333,returning,56.64,6.0
returning,return,30,24,17,13,8,2,0,0.235,returning,327.76,34.0
overload,return,30,24,29,1,1,4,76.41,0.177,overloaded,1231.7,113.0
optimizer,return,30,24,27,3,2,4,3.13,0.198,open,822.96,81.0
low_energy,return,30,24,16,14,7,7,0,0.25,returning,146.56,16.0
adversarial,return,30,24,20,10,7,3,68.35,0.18,returning,1110.0,100.0
perfect,lost,90,24,88,2,1,12,1.86,0.17,open,1760.0,176.0
cautious,lost,90,24,56,34,17,6,0,0.214,returning,524.16,56.0
balanced,lost,90,24,75,15,13,10,1.04,0.18,returning,1470.0,150.0
chaotic,lost,90,24,52,38,24,7,2.0,0.205,sustainable,1616.16,156.0
high_skip,lost,90,24,23,67,15,3,0,0.217,returning,217.12,23.0
returning,lost,90,24,50,40,22,8,0,0.2,returning,964.0,100.0
overload,lost,90,24,79,11,9,19,71.47,0.179,returning,3106.5,285.0
optimizer,lost,90,24,84,6,6,10,11.34,0.19,sustainable,2560.32,252.0
low_energy,lost,90,24,46,44,21,17,0,0.217,returning,421.36,46.0
adversarial,lost,90,24,60,30,19,18,75.98,0.179,returning,3108.0,280.0
perfect,burnout,90,24,89,1,1,12,4.87,0.169,open,1780.0,178.0
cautious,burnout,90,24,51,39,21,6,0,0.216,returning,477.36,51.0
balanced,burnout,90,24,79,11,11,10,3.13,0.177,returning,1548.4,158.0
chaotic,burnout,90,24,38,52,20,5,3.01,0.211,returning,1181.04,114.0
high_skip,burnout,90,24,25,65,21,4,0,0.4,returning,236.0,25.0
returning,burnout,90,24,51,39,20,7,0.29,0.206,returning,983.28,102.0
overload,burnout,90,24,75,15,13,18,67.97,0.183,sustainable,2975.7,273.0
optimizer,burnout,90,24,83,7,6,12,2.5,0.193,sustainable,2529.84,249.0
low_energy,burnout,90,24,41,49,23,12,0,0.195,returning,375.56,41.0
adversarial,burnout,90,24,64,26,15,22,69.44,0.174,sustainable,3307.8,298.0
perfect,potential,90,24,88,2,2,12,4.87,0.17,sustainable,1760.0,176.0
cautious,potential,90,24,51,39,19,8,0,0.216,returning,477.36,51.0
balanced,potential,90,24,77,13,11,10,2.61,0.175,returning,1509.2,154.0
chaotic,potential,90,24,42,48,20,6,5.8,0.206,sustainable,1305.36,126.0
high_skip,potential,90,24,15,75,12,4,0,0.267,returning,141.6,15.0
returning,potential,90,24,56,34,20,10,0,0.196,returning,1079.68,112.0
overload,potential,90,24,79,11,11,19,77.82,0.179,returning,3171.9,291.0
optimizer,potential,90,24,86,4,4,12,5.63,0.194,sustainable,2621.28,258.0
low_energy,potential,90,24,46,44,21,19,0,0.196,returning,421.36,46.0
adversarial,potential,90,24,60,30,23,18,68.76,0.179,sustainable,3041.4,274.0
perfect,return,90,24,90,0,0,12,4.87,0.167,sustainable,1800.0,180.0
cautious,return,90,24,54,36,21,10,0,0.222,returning,505.44,54.0
balanced,return,90,24,77,13,12,11,3.13,0.175,returning,1509.2,154.0
chaotic,return,90,24,46,44,24,7,2.21,0.188,sustainable,1429.68,138.0
high_skip,return,90,24,24,66,17,2,0,0.208,returning,226.56,24.0
returning,return,90,24,51,39,19,9,0,0.206,returning,983.28,102.0
overload,return,90,24,78,12,11,19,71.39,0.178,returning,3128.3,287.0
optimizer,return,90,24,87,3,3,12,9.4,0.192,sustainable,2651.76,261.0
low_energy,return,90,24,41,49,26,14,0,0.195,returning,375.56,41.0
adversarial,return,90,24,63,27,18,21,68.84,0.176,sustainable,3285.6,296.0
perfect,lost,180,24,179,1,1,25,4.06,0.168,integrated,3580.0,358.0
cautious,lost,180,24,103,77,53,16,0,0.214,returning,964.08,103.0
balanced,lost,180,24,136,44,31,20,1.57,0.18,sustainable,2665.6,272.0
chaotic,lost,180,24,96,84,46,11,6.0,0.191,sustainable,2983.68,288.0
high_skip,lost,180,24,41,139,33,6,0,0.195,returning,387.04,41.0
returning,lost,180,24,112,68,41,15,0.29,0.174,sustainable,2159.36,224.0
overload,lost,180,24,156,24,22,42,74.61,0.175,returning,6038.6,554.0
optimizer,lost,180,24,167,13,11,24,14.99,0.198,integrated,5090.16,501.0
low_energy,lost,180,24,95,85,43,29,0,0.2,returning,870.2,95.0
adversarial,lost,180,24,116,64,45,39,75.87,0.172,returning,5927.4,534.0
perfect,burnout,180,24,179,1,0,25,1.05,0.168,sustainable,3580.0,358.0
cautious,burnout,180,24,97,83,45,13,0,0.206,returning,907.92,97.0
balanced,burnout,180,24,142,38,30,19,1.57,0.18,sustainable,2783.2,284.0
chaotic,burnout,180,24,80,100,49,13,2.0,0.188,sustainable,2486.4,240.0
high_skip,burnout,180,24,46,134,33,2,0,0.217,returning,434.24,46.0
returning,burnout,180,24,100,80,45,18,0.29,0.175,returning,1928.0,200.0
overload,burnout,180,24,162,18,16,46,65.63,0.176,sustainable,6191.2,568.0
optimizer,burnout,180,24,171,9,9,24,7.83,0.195,integrated,5212.08,513.0
low_energy,burnout,180,24,97,83,44,36,0,0.196,returning,888.52,97.0
adversarial,burnout,180,24,124,56,38,46,61.98,0.175,sustainable,6282.6,566.0
perfect,potential,180,24,179,1,1,25,4.06,0.168,integrated,3580.0,358.0
cautious,potential,180,24,119,61,35,16,0,0.193,returning,1113.84,119.0
balanced,potential,180,24,144,36,26,17,1.04,0.184,sustainable,2822.4,288.0
chaotic,potential,180,24,94,86,48,12,8.0,0.181,integrated,2921.52,282.0
high_skip,potential,180,24,45,135,34,7,0,0.244,returning,424.8,45.0
returning,potential,180,24,102,78,43,14,0.29,0.186,sustainable,1966.56,204.0
overload,potential,180,24,157,23,21,42,68.34,0.174,sustainable,5951.4,546.0
optimizer,potential,180,24,171,9,9,22,14.99,0.195,integrated,5212.08,513.0
low_energy,potential,180,24,81,99,46,25,0,0.21,returning,741.96,81.0
adversarial,potential,180,24,122,58,35,44,71.38,0.177,returning,6271.5,565.0
perfect,return,180,24,176,4,4,24,4.06,0.17,integrated,3520.0,352.0
cautious,return,180,24,111,69,42,14,0,0.189,returning,1038.96,111.0
balanced,return,180,24,137,43,33,21,2.09,0.175,sustainable,2685.2,274.0
chaotic,return,180,24,92,88,45,10,2.0,0.174,integrated,2859.36,276.0
high_skip,return,180,24,45,135,34,6,0,0.244,returning,424.8,45.0
returning,return,180,24,101,79,42,15,0.29,0.193,sustainable,1947.28,202.0
overload,return,180,24,161,19,18,45,69.54,0.175,sustainable,6213.0,570.0
optimizer,return,180,24,172,8,7,24,7.83,0.196,integrated,5242.56,516.0
low_energy,return,180,24,87,93,45,33,0,0.207,returning,796.92,87.0
adversarial,return,180,24,128,52,34,46,75.82,0.17,returning,6393.6,576.0
perfect,lost,30,25,30,0,0,4,1.62,0.167,open,600.0,60.0
cautious,lost,30,25,21,9,4,3,0,0.19,returning,196.56,21.0
balanced,lost,30,25,24,6,5,3,1.04,0.188,returning,470.4,48.0
chaotic,lost,30,25,9,21,6,0,0,0.185,returning,279.72,27.0
high_skip,lost,30,25,10,20,6,0,0,0.3,returning,94.4,10.0
returning,lost,30,25,20,10,7,3,0.29,0.2,returning,385.6,40.0
overload,lost,30,25,29,1,1,4,76.41,0.177,overloaded,1231.7,113.0
optimizer,lost,30,25,28,2,2,3,9.45,0.19,open,853.44,84.0
low_energy,lost,30,25,16,14,8,7,0,0.25,returning,146.56,16.0
adversarial,lost,30,25,20,10,7,2,76.94,0.184,returning,1087.8,98.0
perfect,burnout,30,25,30,0,0,4,1.62,0.167,open,600.0,60.0
cautious,burnout,30,25,20,10,8,4,0,0.2,returning,187.2,20.0
balanced,burnout,30,25,20,10,6,2,1.04,0.2,returning,392.0,40.0
chaotic,burnout,30,25,15,15,8,4,0,0.222,returning,466.2,45.0
high_skip,burnout,30,25,8,22,5,0,0,0.5,returning,75.52,8.0
returning,burnout,30,25,19,11,5,2,0.58,0.211,returning,366.32,38.0
overload,burnout,30,25,30,0,0,5,75.67,0.175,overloaded,1242.6,114.0
optimizer,burnout,30,25,28,2,2,4,5.45,0.19,open,853.44,84.0
low_energy,burnout,30,25,17,13,8,6,0,0.235,returning,155.72,17.0
adversarial,burnout,30,25,22,8,6,4,75.97,0.189,returning,1176.6,106.0
perfect,potential,30,25,30,0,0,4,1.62,0.167,open,600.0,60.0
cautious,potential,30,25,19,11,8,3,0,0.211,returning,177.84,19.0
balanced,potential,30,25,24,6,4,3,1.04,0.208,returning,470.4,48.0
chaotic,potential,30,25,19,11,7,3,2.0,0.193,returning,590.52,57.0
high_skip,potential,30,25,8,22,6,0,0,0.375,returning,75.52,8.0
returning,potential,30,25,16,14,10,1,0,0.25,returning,308.48,32.0
overload,potential,30,25,29,1,1,4,76.41,0.177,overloaded,1231.7,113.0
optimizer,potential,30,25,28,2,2,3,9.45,0.19,open,853.44,84.0
low_energy,potential,30,25,18,12,7,4,0,0.222,returning,164.88,18.0
adversarial,potential,30,25,21,9,9,3,72.96,0.176,returning,1132.2,102.0
perfect,return,30,25,30,0,0,4,1.62,0.167,open,600.0,60.0
cautious,return,30,25,14,16,6,2,0,0.214,returning,131.04,14.0
balanced,return,30,25,21,9,7,2,1.04,0.19,returning,411.6,42.0
chaotic,return,30,25,14,16,8,2,2.0,0.19,returning,435.12,42.0
high_skip,return,30,25,9,21,6,1,0,0.333,returning,84.96,9.0
returning,return,30,25,20,10,6,1,0,0.2,returning,385.6,40.0
overload,return,30,25,28,2,1,4,72.09,0.18,overloaded,1209.9,111.0
optimizer,return,30,25,30,0,0,4,5.98,0.189,open,914.4,90.0
low_energy,return,30,25,16,14,6,5,0,0.25,returning,146.56,16.0
adversarial,return,30,25,24,6,6,5,75.61,0.171,returning,1298.7,117.0
perfect,lost,90,25,90,0,0,12,4.87,0.167,open,1800.0,180.0
cautious,lost,90,25,62,28,17,10,0,0.194,returning,580.32,62.0
balanced,lost,90,25,73,17,14,9,3.13,0.185,returning,1430.8,146.0
chaotic,lost,90,25,40,50,20,4,11.62,0.192,returning,1243.2,120.0
high_skip,lost,90,25,20,70,15,3,0,0.25,returning,188.8,20.0
returning,lost,90,25,49,41,23,8,1.74,0.194,returning,944.72,98.0
overload,lost,90,25,82,8,8,20,73.42,0.179,returning,3171.9,291.0
optimizer,lost,90,25,86,4,4,12,9.4,0.194,sustainable,2621.28,258.0
low_energy,lost,90,25,38,52,19,11,0,0.237,returning,348.08,38.0
adversarial,lost,90,25,65,25,19,22,69.46,0.175,sustainable,3352.2,302.0
perfect,burnout,90,25,89,1,1,12,4.87,0.169,open,1780.0,178.0
cautious,burnout,90,25,64,26,18,10,0,0.188,returning,599.04,64.0
balanced,burnout,90,25,67,23,15,9,3.13,0.179,returning,1313.2,134.0
chaotic,burnout,90,25,53,37,21,6,2.0,0.201,returning,1647.24,159.0
high_skip,burnout,90,25,25,65,18,4,0,0.2,returning,236.0,25.0
returning,burnout,90,25,47,43,25,6,0,0.213,returning,906.16,94.0
overload,burnout,90,25,74,16,13,17,75.71,0.188,returning,2964.8,272.0
optimizer,burnout,90,25,87,3,3,11,18.64,0.192,sustainable,2651.76,261.0
low_energy,burnout,90,25,45,45,21,20,0,0.178,returning,412.2,45.0
adversarial,burnout,90,25,58,32,22,17,73.93,0.172,returning,2963.7,267.0
perfect,potential,90,25,87,3,3,12,4.87,0.172,sustainable,1740.0,174.0
cautious,potential,90,25,57,33,20,9,0,0.193,returning,533.52,57.0
balanced,potential,90,25,74,16,12,10,0.52,0.182,returning,1450.4,148.0
chaotic,potential,90,25,46,44,20,5,12.01,0.188,sustainable,1429.68,138.0
high_skip,potential,90,25,22,68,17,3,0,0.273,returning,207.68,22.0
returning,potential,90,25,50,40,23,4,0.87,0.19,returning,964.0,100.0
overload,potential,90,25,84,6,6,22,69.58,0.184,sustainable,3313.6,304.0
optimizer,potential,90,25,85,5,3,12,3.13,0.192,sustainable,2590.8,255.0
low_energy,potential,90,25,43,47,23,20,0,0.233,returning,393.88,43.0
adversarial,potential,90,25,64,26,17,21,72.24,0.172,returning,3296.7,297.0
perfect,return,90,25,87,3,3,12,4.87,0.172,open,1740.0,174.0
cautious,return,90,25,62,28,21,7,0,0.21,returning,580.32,62.0
balanced,return,90,25,65,25,17,7,1.57,0.177,returning,1274.0,130.0
chaotic,return,90,25,42,48,24,5,2.0,0.206,returning,1305.36,126.0
high_skip,return,90,25,26,64,17,2,0,0.269,returning,245.44,26.0
returning,return,90,25,56,34,17,5,0,0.179,returning,1079.68,112.0
overload,return,90,25,77,13,12,18,77.01,0.18,returning,3095.6,284.0
optimizer,return,90,25,84,6,5,12,5.63,0.194,sustainable,2560.32,252.0
low_energy,return,90,25,41,49,23,11,0,0.195,returning,375.56,41.0
adversarial,return,90,25,61,29,20,19,69.78,0.174,sustainable,3119.1,281.0
perfect,lost,180,25,179,1,1,25,4.06,0.168,integrated,3580.0,358.0
cautious,lost,180,25,113,67,38,16,0,0.186,returning,1057.68,113.0
balanced,lost,180,25,143,37,28,21,2.61,0.178,sustainable,2802.8,286.0
chaotic,lost,180,25,94,86,43,13,4.0,0.191,integrated,2921.52,282.0
high_skip,lost,180,25,51,129,34,3,0,0.255,returning,481.44,51.0
returning,lost,180,25,103,77,37,17,0,0.194,sustainable,1985.84,206.0
overload,lost,180,25,163,17,16,45,71.83,0.171,returning,6191.2,568.0
optimizer,lost,180,25,165,15,14,25,3.13,0.198,integrated,5029.2,495.0
low_energy,lost,180,25,92,88,49,29,0,0.185,returning,842.72,92.0
adversarial,lost,180,25,138,42,34,54,74.81,0.173,returning,6993.0,630.0
perfect,burnout,180,25,179,1,1,25,4.06,0.168,sustainable,3580.0,358.0
cautious,burnout,180,25,106,74,46,15,0,0.198,returning,992.16,106.0
balanced,burnout,180,25,144,36,28,21,0,0.174,sustainable,2822.4,288.0
chaotic,burnout,180,25,92,88,48,15,0,0.207,sustainable,2859.36,276.0
high_skip,burnout,180,25,53,127,36,5,0,0.226,returning,500.32,53.0
returning,burnout,180,25,97,83,48,17,0.58,0.18,returning,1870.16,194.0
overload,burnout,180,25,160,20,17,45,69.05,0.173,sustainable,6158.5,565.0
optimizer,burnout,180,25,167,13,12,25,7.83,0.198,integrated,5090.16,501.0
low_energy,burnout,180,25,89,91,54,35,0,0.202,returning,815.24,89.0
adversarial,burnout,180,25,117,63,41,41,73.9,0.18,returning,6027.3,543.0
perfect,potential,180,25,179,1,1,25,4.06,0.168,integrated,3580.0,358.0
cautious,potential,180,25,117,63,45,15,0,0.205,returning,1095.12,117.0
balanced,potential,180,25,145,35,29,16,3.54,0.176,sustainable,2842.0,290.0
chaotic,potential,180,25,83,97,45,9,0,0.189,sustainable,2579.64,249.0
high_skip,potential,180,25,52,128,39,10,0,0.231,returning,490.88,52.0
returning,potential,180,25,103,77,50,16,0,0.175,sustainable,1985.84,206.0
overload,potential,180,25,166,14,14,47,77.6,0.175,returning,6409.2,588.0
optimizer,potential,180,25,165,15,13,21,22.22,0.198,integrated,5029.2,495.0
low_energy,potential,180,25,82,98,42,25,0,0.22,returning,751.12,82.0
adversarial,potential,180,25,126,54,42,45,72.79,0.173,returning,6304.8,568.0
perfect,return,180,25,177,3,3,24,4.06,0.169,integrated,3540.0,354.0
cautious,return,180,25,101,79,44,13,0,0.188,returning,945.36,101.0
balanced,return,180,25,137,43,29,19,0,0.179,sustainable,2685.2,274.0
chaotic,return,180,25,85,95,48,11,5.8,0.18,sustainable,2641.8,255.0
high_skip,return,180,25,31,149,29,6,0,0.258,returning,292.64,31.0
returning,return,180,25,108,72,45,13,0.87,0.208,sustainable,2082.24,216.0
overload,return,180,25,159,21,19,44,66.62,0.173,sustainable,6114.9,561.0
optimizer,return,180,25,165,15,15,24,7.83,0.198,integrated,5029.2,495.0
low_energy,return,180,25,77,103,43,27,0,0.182,returning,705.32,77.0
adversarial,return,180,25,134,46,39,50,75.1,0.175,returning,6671.1,601.0
perfect,lost,30,26,30,0,0,4,1.62,0.167,open,600.0,60.0
cautious,lost,30,26,22,8,4,4,0,0.227,returning,205.92,22.0
balanced,lost,30,26,17,13,9,3,0.52,0.206,returning,333.2,34.0
chaotic,lost,30,26,19,11,8,4,0,0.228,returning,590.52,57.0
high_skip,lost,30,26,8,22,7,1,0,0.25,returning,75.52,8.0
returning,lost,30,26,18,12,8,3,0.29,0.25,returning,347.04,36.0
overload,lost,30,26,30,0,0,5,70.79,0.172,open,1264.4,116.0
optimizer,lost,30,26,29,1,1,4,3.13,0.195,open,883.92,87.0
low_energy,lost,30,26,14,16,6,3,0,0.286,returning,128.24,14.0
adversarial,lost,30,26,19,11,7,3,60.13,0.179,returning,1054.5,95.0
perfect,burnout,30,26,30,0,0,4,1.62,0.167,open,600.0,60.0
cautious,burnout,30,26,15,15,9,2,0,0.2,returning,140.4,15.0
balanced,burnout,30,26,25,5,5,4,1.04,0.18,returning,490.0,50.0
chaotic,burnout,30,26,12,18,9,2,0,0.222,returning,372.96,36.0
high_skip,burnout,30,26,6,24,5,1,0,0.333,returning,56.64,6.0
returning,burnout,30,26,18,12,4,2,0.58,0.194,returning,347.04,36.0
overload,burnout,30,26,28,2,1,5,65.98,0.174,open,1188.1,109.0
optimizer,burnout,30,26,30,0,0,4,12.98,0.189,open,914.4,90.0
low_energy,burnout,30,26,14,16,7,5,0,0.286,returning,128.24,14.0
adversarial,burnout,30,26,24,6,6,6,68.0,0.184,returning,1265.4,114.0
perfect,potential,30,26,28,2,1,4,1.62,0.179,open,560.0,56.0
cautious,potential,30,26,18,12,7,1,0,0.278,returning,168.48,18.0
balanced,potential,30,26,26,4,3,4,0.52,0.192,open,509.6,52.0
chaotic,potential,30,26,12,18,8,2,2.0,0.194,returning,372.96,36.0
high_skip,potential,30,26,7,23,3,2,0,0.286,open,66.08,7.0
returning,potential,30,26,21,9,7,4,0.58,0.214,returning,404.88,42.0
overload,potential,30,26,29,1,1,4,75.35,0.179,overloaded,1220.8,112.0
optimizer,potential,30,26,30,0,0,4,5.98,0.189,open,914.4,90.0
low_energy,potential,30,26,11,19,6,1,0,0.364,returning,100.76,11.0
adversarial,potential,30,26,22,8,6,4,72.78,0.176,returning,1198.8,108.0
perfect,return,30,26,30,0,0,4,1.62,0.167,open,600.0,60.0
cautious,return,30,26,18,12,7,3,0,0.222,returning,168.48,18.0
balanced,return,30,26,23,7,6,3,1.04,0.196,returning,450.8,46.0
chaotic,return,30,26,11,19,5,2,0,0.212,returning,341.88,33.0
high_skip,return,30,26,8,22,8,0,0,0.375,returning,75.52,8.0
returning,return,30,26,18,12,9,3,0.29,0.222,returning,347.04,36.0
overload,return,30,26,28,2,2,4,72.09,0.18,overloaded,1209.9,111.0
optimizer,return,30,26,27,3,3,4,3.13,0.198,open,822.96,81.0
low_energy,return,30,26,20,10,8,6,0,0.25,returning,183.2,20.0
adversarial,return,30,26,19,11,9,3,60.13,0.189,returning,1054.5,95.0
perfect,lost,90,26,89,1,1,12,4.87,0.169,open,1780.0,178.0
cautious,lost,90,26,57,33,20,7,0,0.193,returning,533.52,57.0
balanced,lost,90,26,72,18,13,10,1.57,0.174,returning,1411.2,144.0
chaotic,lost,90,26,38,52,20,7,2.0,0.193,returning,1181.04,114.0
high_skip,lost,90,26,24,66,17,3,0,0.25,returning,226.56,24.0
returning,lost,90,26,54,36,21,7,0,0.204,returning,1041.12,108.0
overload,lost,90,26,84,6,5,22,72.76,0.182,returning,3346.3,307.0
optimizer,lost,90,26,85,5,5,12,9.4,0.196,sustainable,2590.8,255.0
low_energy,lost,90,26,42,48,24,15,0,0.19,returning,384.72,42.0
adversarial,lost,90,26,62,28,17,19,74.19,0.176,returning,3152.4,284.0
perfect,burnout,90,26,89,1,1,12,4.87,0.169,open,1780.0,178.0
cautious,burnout,90,26,55,35,24,7,0,0.218,returning,514.8,55.0
balanced,burnout,90,26,75,15,13,7,2.09,0.173,returning,1470.0,150.0
chaotic,burnout,90,26,32,58,16,5,3.21,0.198,returning,994.56,96.0
high_skip,burnout,90,26,25,65,17,4,0,0.24,returning,236.0,25.0
returning,burnout,90,26,50,40,19,5,0,0.18,returning,964.0,100.0
overload,burnout,90,26,84,6,5,22,73.41,0.173,returning,3280.9,301.0
optimizer,burnout,90,26,86,4,4,12,9.4,0.194,sustainable,2621.28,258.0
low_energy,burnout,90,26,43,47,19,17,0,0.209,returning,393.88,43.0
adversarial,burnout,90,26,59,31,25,18,72.36,0.179,returning,3030.3,273.0
perfect,potential,90,26,87,3,3,12,3.25,0.172,sustainable,1740.0,174.0
cautious,potential,90,26,57,33,19,9,0,0.211,returning,533.52,57.0
balanced,potential,90,26,71,19,13,7,0.52,0.176,returning,1391.6,142.0
chaotic,potential,90,26,39,51,23,3,1.8,0.179,returning,1212.12,117.0
high_skip,potential,90,26,27,63,16,5,0,0.259,returning,254.88,27.0
returning,potential,90,26,49,41,24,9,0,0.194,returning,944.72,98.0
overload,potential,90,26,76,14,12,17,77.35,0.178,returning,3008.4,276.0
optimizer,potential,90,26,85,5,4,12,9.4,0.192,sustainable,2590.8,255.0
low_energy,potential,90,26,35,55,25,12,0,0.2,returning,320.6,35.0
adversarial,potential,90,26,65,25,15,22,73.07,0.177,returning,3385.5,305.0
perfect,return,90,26,89,1,1,12,4.87,0.169,sustainable,1780.0,178.0
cautious,return,90,26,59,31,22,8,0,0.186,returning,552.24,59.0
balanced,return,90,26,76,14,12,11,3.13,0.178,returning,1489.6,152.0
chaotic,return,90,26,38,52,20,7,0,0.175,returning,1181.04,114.0
high_skip,return,90,26,25,65,22,3,0,0.24,returning,236.0,25.0
returning,return,90,26,59,31,18,8,1.16,0.178,returning,1137.52,118.0
overload,return,90,26,75,15,11,17,67.74,0.182,sustainable,2932.1,269.0
optimizer,return,90,26,87,3,3,11,16.59,0.192,sustainable,2651.76,261.0
low_energy,return,90,26,51,39,24,15,0,0.196,returning,467.16,51.0
adversarial,return,90,26,67,23,18,22,76.26,0.171,returning,3374.4,304.0
perfect,lost,180,26,179,1,1,24,4.06,0.168,integrated,3580.0,358.0
cautious,lost,180,26,117,63,39,18,0,0.231,returning,1095.12,117.0
balanced,lost,180,26,137,43,35,20,0,0.19,sustainable,2685.2,274.0
chaotic,lost,180,26,76,104,43,13,0,0.189,sustainable,2362.08,228.0
high_skip,lost,180,26,45,135,35,5,0,0.311,returning,424.8,45.0
returning,lost,180,26,108,72,45,16,0.29,0.181,sustainable,2082.24,216.0
overload,lost,180,26,162,18,18,45,68.57,0.173,sustainable,6180.3,567.0
optimizer,lost,180,26,175,5,5,23,13.89,0.196,integrated,5334.0,525.0
low_energy,lost,180,26,85,95,46,30,0,0.188,returning,778.6,85.0
adversarial,lost,180,26,123,57,34,43,77.36,0.172,returning,6204.9,559.0
perfect,burnout,180,26,178,2,2,25,4.06,0.169,sustainable,3560.0,356.0
cautious,burnout,180,26,104,76,46,8,0,0.183,returning,973.44,104.0
balanced,burnout,180,26,142,38,30,21,2.09,0.183,sustainable,2783.2,284.0
chaotic,burnout,180,26,88,92,51,13,2.0,0.193,sustainable,2735.04,264.0
high_skip,burnout,180,26,41,139,32,3,0,0.22,returning,387.04,41.0
returning,burnout,180,26,98,82,45,13,0.58,0.209,returning,1889.44,196.0
overload,burnout,180,26,160,20,19,45,66.94,0.176,sustainable,6136.7,563.0
optimizer,burnout,180,26,174,6,5,24,5.28,0.195,integrated,5303.52,522.0
low_energy,burnout,180,26,83,97,46,30,0,0.217,returning,760.28,83.0
adversarial,burnout,180,26,123,57,41,44,75.76,0.173,returning,6227.1,561.0
perfect,potential,180,26,180,0,0,25,4.06,0.167,integrated,3600.0,360.0
cautious,potential,180,26,114,66,47,19,0,0.202,returning,1067.04,114.0
balanced,potential,180,26,139,41,33,21,0.52,0.176,sustainable,2724.4,278.0
chaotic,potential,180,26,86,94,42,14,2.0,0.186,integrated,2672.88,258.0
high_skip,potential,180,26,51,129,34,8,0,0.255,returning,481.44,51.0
returning,potential,180,26,102,78,45,15,0.29,0.176,sustainable,1966.56,204.0
overload,potential,180,26,156,24,22,42,69.32,0.169,sustainable,5984.1,549.0
optimizer,potential,180,26,170,10,9,24,7.3,0.196,integrated,5181.6,510.0
low_energy,potential,180,26,85,95,45,28,0,0.247,returning,778.6,85.0
adversarial,potential,180,26,124,56,39,45,67.18,0.175,sustainable,6293.7,567.0
perfect,return,180,26,178,2,2,24,4.06,0.169,integrated,3560.0,356.0
cautious,return,180,26,107,73,49,15,0,0.224,returning,1001.52,107.0
balanced,return,180,26,145,35,29,19,0,0.179,sustainable,2842.0,290.0
chaotic,return,180,26,96,84,39,14,0,0.184,integrated,2983.68,288.0
high_skip,return,180,26,53,127,41,10,0,0.208,returning,500.32,53.0
returning,return,180,26,88,92,43,12,0,0.182,returning,1696.64,176.0
overload,return,180,26,154,26,23,41,70.62,0.176,returning,5929.6,544.0
optimizer,return,180,26,169,11,9,22,7.83,0.195,integrated,5151.12,507.0
low_energy,return,180,26,87,93,44,25,0,0.218,returning,796.92,87.0
adversarial,return,180,26,125,55,40,44,73.16,0.182,returning,6227.1,561.0
perfect,lost,30,27,30,0,0,4,1.62,0.167,open,600.0,60.0
cautious,lost,30,27,19,11,7,2,0,0.263,returning,177.84,19.0
balanced,lost,30,27,22,8,7,3,0.52,0.182,returning,431.2,44.0
chaotic,lost,30,27,18,12,7,2,9.61,0.204,returning,559.44,54.0
high_skip,lost,30,27,4,26,3,0,0,0.5,open,37.76,4.0
returning,lost,30,27,11,19,4,1,0,0.227,returning,212.08,22.0
overload,lost,30,27,25,5,5,3,64.85,0.18,returning,1090.0,100.0
optimizer,lost,30,27,27,3,2,4,3.13,0.198,open,822.96,81.0
low_energy,lost,30,27,14,16,8,5,0,0.357,returning,128.24,14.0
adversarial,lost,30,27,22,8,6,4,68.97,0.179,returning,1176.6,106.0
perfect,burnout,30,27,30,0,0,4,1.62,0.167,open,600.0,60.0
cautious,burnout,30,27,18,12,7,3,0,0.222,returning,168.48,18.0
balanced,burnout,30,27,27,3,3,4,1.04,0.185,open,529.2,54.0
chaotic,burnout,30,27,18,12,5,3,4.0,0.204,returning,559.44,54.0
high_skip,burnout,30,27,5,25,4,1,0,0.4,returning,47.2,5.0
returning,burnout,30,27,20,10,7,2,0,0.2,returning,385.6,40.0
overload,burnout,30,27,28,2,2,4,76.98,0.183,overloaded,1188.1,109.0
optimizer,burnout,30,27,25,5,4,4,3.13,0.2,returning,762.0,75.0
low_energy,burnout,30,27,14,16,7,5,0,0.214,returning,128.24,14.0
adversarial,burnout,30,27,21,9,7,4,68.96,0.176,returning,1132.2,102.0
perfect,potential,30,27,30,0,0,4,1.62,0.167,open,600.0,60.0
cautious,potential,30,27,19,11,6,2,0,0.263,returning,177.84,19.0
balanced,potential,30,27,27,3,2,4,1.04,0.185,open,529.2,54.0
chaotic,potential,30,27,19,11,8,2,9.61,0.175,returning,590.52,57.0
high_skip,potential,30,27,9,21,7,1,0,0.333,returning,84.96,9.0
returning,potential,30,27,23,7,5,2,0.29,0.174,returning,443.44,46.0
overload,potential,30,27,23,7,7,4,40.98,0.196,returning,1002.8,92.0
optimizer,potential,30,27,26,4,3,4,3.13,0.192,open,792.48,78.0
low_energy,potential,30,27,14,16,8,5,0,0.286,returning,128.24,14.0
adversarial,potential,30,27,21,9,8,3,71.75,0.188,returning,1121.1,101.0
perfect,return,30,27,30,0,0,4,1.62,0.167,open,600.0,60.0
cautious,return,30,27,19,11,5,3,0,0.263,returning,177.84,19.0
balanced,return,30,27,25,5,5,4,1.04,0.18,returning,490.0,50.0
chaotic,return,30,27,16,14,8,2,5.41,0.188,returning,497.28,48.0
high_skip,return,30,27,10,20,7,2,0,0.3,returning,94.4,10.0
returning,return,30,27,20,10,8,3,0,0.225,returning,385.6,40.0
overload,return,30,27,24,6,5,3,58.42,0.198,returning,1046.4,96.0
optimizer,return,30,27,29,1,1,4,3.13,0.195,open,883.92,87.0
low_energy,return,30,27,13,17,9,4,0,0.308,returning,119.08,13.0
adversarial,return,30,27,21,9,8,3,74.16,0.184,returning,1143.3,103.0
perfect,lost,90,27,90,0,0,12,4.87,0.167,open,1800.0,180.0
cautious,lost,90,27,56,34,21,7,0,0.196,returning,524.16,56.0
balanced,lost,90,27,74,16,14,11,2.09,0.182,returning,1450.4,148.0
chaotic,lost,90,27,38,52,22,9,0,0.193,returning,1181.04,114.0
high_skip,lost,90,27,17,73,15,2,0,0.294,returning,160.48,17.0
returning,lost,90,27,54,36,23,7,0.87,0.194,returning,1041.12,108.0
overload,lost,90,27,79,11,10,19,71.47,0.182,returning,3106.5,285.0
optimizer,lost,90,27,85,5,5,12,9.4,0.196,sustainable,2590.8,255.0
low_energy,lost,90,27,44,46,21,17,0,0.205,returning,403.04,44.0
adversarial,lost,90,27,69,21,18,24,75.51,0.179,returning,3529.8,318.0
perfect,burnout,90,27,90,0,0,12,4.87,0.167,open,1800.0,180.0
cautious,burnout,90,27,55,35,25,9,0,0.218,returning,514.8,55.0
balanced,burnout,90,27,64,26,19,6,0.52,0.203,returning,1254.4,128.0
chaotic,burnout,90,27,51,39,23,7,0,0.17,returning,1585.08,153.0
high_skip,burnout,90,27,26,64,18,3,0,0.231,returning,245.44,26.0
returning,burnout,90,27,62,28,22,6,0.87,0.177,returning,1195.36,124.0
overload,burnout,90,27,80,10,10,20,71.79,0.181,returning,3128.3,287.0
optimizer,burnout,90,27,87,3,3,11,18.64,0.192,sustainable,2651.76,261.0
low_energy,burnout,90,27,49,41,24,15,0,0.204,returning,448.84,49.0
adversarial,burnout,90,27,74,16,15,28,74.79,0.183,returning,3762.9,339.0
perfect,potential,90,27,90,0,0,12,4.87,0.167,sustainable,1800.0,180.0
cautious,potential,90,27,59,31,22,8,0,0.186,returning,552.24,59.0
balanced,potential,90,27,74,16,12,11,1.57,0.189,returning,1450.4,148.0
chaotic,potential,90,27,46,44,20,4,3.6,0.181,sustainable,1429.68,138.0
high_skip,potential,90,27,16,74,12,3,0,0.25,returning,151.04,16.0
returning,potential,90,27,54,36,22,9,0,0.213,returning,1041.12,108.0
overload,potential,90,27,80,10,10,19,76.85,0.174,returning,3139.2,288.0
optimizer,potential,90,27,86,4,3,12,9.4,0.194,sustainable,2621.28,258.0
low_energy,potential,90,27,37,53,20,11,0,0.216,returning,338.92,37.0
adversarial,potential,90,27,59,31,21,18,67.76,0.175,sustainable,3052.5,275.0
perfect,return,90,27,90,0,0,12,4.87,0.167,sustainable,1800.0,180.0
cautious,return,90,27,51,39,20,9,0,0.216,returning,477.36,51.0
balanced,return,90,27,74,16,16,8,3.54,0.196,returning,1450.4,148.0
chaotic,return,90,27,46,44,18,6,0.81,0.203,sustainable,1429.68,138.0
high_skip,return,90,27,27,63,23,6,0,0.222,returning,254.88,27.0
returning,return,90,27,54,36,21,6,0,0.194,returning,1041.12,108.0
overload,return,90,27,78,12,9,19,68.21,0.18,sustainable,3095.6,284.0
optimizer,return,90,27,83,7,7,10,9.4,0.193,sustainable,2529.84,249.0
low_energy,return,90,27,44,46,25,9,0,0.205,returning,403.04,44.0
adversarial,return,90,27,66,24,20,23,65.47,0.18,sustainable,3396.6,306.0
perfect,lost,180,27,177,3,3,25,4.06,0.169,integrated,3540.0,354.0
cautious,lost,180,27,101,79,38,12,0,0.228,returning,945.36,101.0
balanced,lost,180,27,148,32,29,22,2.61,0.179,sustainable,2900.8,296.0
chaotic,lost,180,27,83,97,49,11,7.41,0.185,sustainable,2579.64,249.0
high_skip,lost,180,27,46,134,38,6,0,0.174,returning,434.24,46.0
returning,lost,180,27,111,69,42,15,0,0.18,sustainable,2140.08,222.0
overload,lost,180,27,163,17,16,45,76.06,0.171,returning,6234.8,572.0
optimizer,lost,180,27,172,8,8,24,14.8,0.198,integrated,5242.56,516.0
low_energy,lost,180,27,86,94,45,34,0,0.186,returning,787.76,86.0
adversarial,lost,180,27,134,46,34,51,77.34,0.173,returning,6793.2,612.0
perfect,burnout,180,27,178,2,2,25,4.06,0.169,sustainable,3560.0,356.0
cautious,burnout,180,27,117,63,40,14,0,0.197,returning,1095.12,117.0
balanced,burnout,180,27,142,38,29,18,1.04,0.176,sustainable,2783.2,284.0
chaotic,burnout,180,27,102,78,45,18,2.0,0.173,sustainable,3170.16,306.0
high_skip,burnout,180,27,53,127,38,7,0,0.208,returning,500.32,53.0
returning,burnout,180,27,113,67,40,15,1.16,0.181,returning,2178.64,226.0
overload,burnout,180,27,153,27,21,41,66.96,0.174,sustainable,5842.4,536.0
optimizer,burnout,180,27,165,15,15,22,11.18,0.196,integrated,5029.2,495.0
low_energy,burnout,180,27,92,88,49,38,0,0.207,returning,842.72,92.0
adversarial,burnout,180,27,134,46,33,52,73.34,0.175,returning,6793.2,612.0
perfect,potential,180,27,180,0,0,25,4.06,0.167,integrated,3600.0,360.0
cautious,potential,180,27,115,65,46,15,0,0.191,returning,1076.4,115.0
balanced,potential,180,27,142,38,31,22,0.52,0.18,sustainable,2783.2,284.0
chaotic,potential,180,27,95,85,49,14,0,0.182,integrated,2952.6,285.0
high_skip,potential,180,27,39,141,29,5,0,0.205,returning,368.16,39.0
returning,potential,180,27,108,72,47,17,0.58,0.185,sustainable,2082.24,216.0
overload,potential,180,27,159,21,20,43,76.56,0.173,returning,6104.0,560.0
optimizer,potential,180,27,170,10,10,24,7.83,0.198,integrated,5181.6,510.0
low_energy,potential,180,27,85,95,47,31,0,0.212,returning,778.6,85.0
adversarial,potential,180,27,125,55,41,45,75.4,0.171,returning,6349.2,572.0
perfect,return,180,27,178,2,2,25,4.06,0.169,integrated,3560.0,356.0
cautious,return,180,27,111,69,39,13,0,0.198,returning,1038.96,111.0
balanced,return,180,27,146,34,29,20,0.52,0.182,sustainable,2861.6,292.0
chaotic,return,180,27,95,85,42,13,3.8,0.179,integrated,2952.6,285.0
high_skip,return,180,27,44,136,31,8,0,0.25,returning,415.36,44.0
returning,return,180,27,101,79,50,15,0.58,0.183,sustainable,1947.28,202.0
overload,return,180,27,155,25,22,41,74.94,0.172,returning,5951.4,546.0
optimizer,return,180,27,169,11,11,25,7.83,0.197,integrated,5151.12,507.0
low_energy,return,180,27,100,80,40,45,0,0.22,returning,916.0,100.0
adversarial,return,180,27,117,63,46,40,65.87,0.173,sustainable,5916.3,533.0
perfect,lost,30,28,30,0,0,4,1.62,0.167,open,600.0,60.0
cautious,lost,30,28,17,13,8,2,0,0.235,returning,159.12,17.0
balanced,lost,30,28,22,8,6,3,1.04,0.205,returning,431.2,44.0
chaotic,lost,30,28,15,15,8,2,4.0,0.2,returning,466.2,45.0
high_skip,lost,30,28,6,24,3,1,0,0.5,open,56.64,6.0
returning,lost,30,28,15,15,6,2,0,0.233,returning,289.2,30.0
overload,lost,30,28,29,1,1,4,76.41,0.177,overloaded,1231.7,113.0
optimizer,lost,30,28,25,5,5,3,3.13,0.2,returning,762.0,75.0
low_energy,lost,30,28,12,18,8,2,0,0.25,returning,109.92,12.0
adversarial,lost,30,28,22,8,6,4,70.17,0.187,returning,1187.7,107.0
perfect,burnout,30,28,30,0,0,4,1.62,0.167,open,600.0,60.0
cautious,burnout,30,28,21,9,8,4,0,0.238,returning,196.56,21.0
balanced,burnout,30,28,23,7,5,4,1.04,0.196,returning,450.8,46.0
chaotic,burnout,30,28,16,14,6,1,4.21,0.25,returning,497.28,48.0
high_skip,burnout,30,28,8,22,6,1,0,0.25,returning,75.52,8.0
returning,burnout,30,28,10,20,6,1,0.29,0.3,returning,192.8,20.0
overload,burnout,30,28,28,2,2,4,75.92,0.167,overloaded,1177.2,108.0
optimizer,burnout,30,28,28,2,2,4,5.45,0.19,open,853.44,84.0
low_energy,burnout,30,28,13,17,7,3,0,0.231,returning,119.08,13.0
adversarial,burnout,30,28,21,9,4,4,68.96,0.176,returning,1132.2,102.0
perfect,potential,30,28,30,0,0,4,1.62,0.167,open,600.0,60.0
cautious,potential,30,28,22,8,7,3,0,0.227,returning,205.92,22.0
balanced,potential,30,28,24,6,6,3,1.45,0.188,returning,470.4,48.0
chaotic,potential,30,28,19,11,7,1,5.82,0.193,returning,590.52,57.0
high_skip,potential,30,28,7,23,7,1,0,0.429,returning,66.08,7.0
returning,potential,30,28,18,12,9,0,0.58,0.194,returning,347.04,36.0
overload,potential,30,28,23,7,4,2,62.98,0.185,returning,1002.8,92.0
optimizer,potential,30,28,28,2,2,4,3.13,0.19,open,853.44,84.0
low_energy,potential,30,28,16,14,6,5,0,0.25,returning,146.56,16.0
adversarial,potential,30,28,22,8,6,4,71.38,0.185,returning,1198.8,108.0
perfect,return,30,28,30,0,0,4,1.62,0.167,open,600.0,60.0
cautious,return,30,28,19,11,8,1,0,0.263,returning,177.84,19.0
balanced,return,30,28,23,7,5,4,1.04,0.217,returning,450.8,46.0
chaotic,return,30,28,13,17,6,3,0,0.231,returning,404.04,39.0
high_skip,return,30,28,7,23,4,0,0,0.286,returning,66.08,7.0
returning,return,30,28,19,11,4,3,0.58,0.237,returning,366.32,38.0
overload,return,30,28,28,2,1,4,72.09,0.18,overloaded,1209.9,111.0
optimizer,return,30,28,29,1,1,4,3.13,0.195,open,883.92,87.0
low_energy,return,30,28,15,15,6,7,0,0.2,returning,137.4,15.0
adversarial,return,30,28,19,11,9,4,49.13,0.179,returning,1054.5,95.0
perfect,lost,90,28,88,2,2,12,4.87,0.17,open,1760.0,176.0
cautious,lost,90,28,58,32,23,10,0,0.224,returning,542.88,58.0
balanced,lost,90,28,71,19,14,8,0.41,0.19,returning,1391.6,142.0
chaotic,lost,90,28,38,52,23,4,2.0,0.202,returning,1181.04,114.0
high_skip,lost,90,28,19,71,15,2,0,0.316,returning,179.36,19.0
returning,lost,90,28,53,37,23,7,0,0.198,returning,1021.84,106.0
overload,lost,90,28,75,15,13,17,70.91,0.176,returning,2964.8,272.0
optimizer,lost,90,28,80,10,9,8,27.44,0.192,sustainable,2438.4,240.0
low_energy,lost,90,28,44,46,21,20,0,0.182,returning,403.04,44.0
adversarial,lost,90,28,60,30,20,19,72.2,0.175,returning,3174.6,286.0
perfect,burnout,90,28,90,0,0,12,4.87,0.167,open,1800.0,180.0
cautious,burnout,90,28,50,40,21,4,0,0.18,returning,468.0,50.0
balanced,burnout,90,28,73,17,15,12,1.04,0.178,returning,1430.8,146.0
chaotic,burnout,90,28,49,41,25,7,0,0.19,returning,1522.92,147.0
high_skip,burnout,90,28,31,59,18,6,0,0.194,returning,292.64,31.0
returning,burnout,90,28,51,39,25,7,1.74,0.196,returning,983.28,102.0
overload,burnout,90,28,82,8,7,21,67.31,0.176,sustainable,3150.1,289.0
optimizer,burnout,90,28,87,3,3,12,9.4,0.192,sustainable,2651.76,261.0
low_energy,burnout,90,28,51,39,22,14,0,0.196,returning,467.16,51.0
adversarial,burnout,90,28,62,28,23,20,68.99,0.173,sustainable,3141.3,283.0
perfect,potential,90,28,90,0,0,12,4.87,0.167,sustainable,1800.0,180.0
cautious,potential,90,28,54,36,23,8,0,0.222,returning,505.44,54.0
balanced,potential,90,28,69,21,12,8,1.04,0.174,returning,1352.4,138.0
chaotic,potential,90,28,42,48,20,6,3.6,0.19,sustainable,1305.36,126.0
high_skip,potential,90,28,23,67,17,1,0,0.217,returning,217.12,23.0
returning,potential,90,28,52,38,21,7,0,0.183,returning,1002.56,104.0
overload,potential,90,28,81,9,8,20,70.16,0.179,returning,3161.0,290.0
optimizer,potential,90,28,82,8,7,11,9.4,0.195,sustainable,2499.36,246.0
low_energy,potential,90,28,37,53,22,10,0,0.216,returning,338.92,37.0
adversarial,potential,90,28,60,30,20,18,73.57,0.176,returning,3085.8,278.0
perfect,return,90,28,89,1,1,12,4.87,0.169,sustainable,1780.0,178.0
cautious,return,90,28,48,42,23,7,0,0.188,returning,449.28,48.0
balanced,return,90,28,70,20,14,10,3.13,0.186,returning,1372.0,140.0
chaotic,return,90,28,46,44,20,8,1.6,0.174,sustainable,1429.68,138.0
high_skip,return,90,28,22,68,15,3,0,0.273,returning,207.68,22.0
returning,return,90,28,50,40,25,8,0,0.19,returning,964.0,100.0
overload,return,90,28,84,6,6,22,67.47,0.175,sustainable,3291.8,302.0
optimizer,return,90,28,86,4,4,12,6.26,0.194,sustainable,2621.28,258.0
low_energy,return,90,28,38,52,20,14,0,0.211,returning,348.08,38.0
adversarial,return,90,28,67,23,19,22,75.06,0.178,returning,3363.3,303.0
perfect,lost,180,28,178,2,2,25,4.06,0.169,integrated,3560.0,356.0
cautious,lost,180,28,106,74,42,15,0,0.189,returning,992.16,106.0
balanced,lost,180,28,144,36,27,21,0.52,0.177,sustainable,2822.4,288.0
chaotic,lost,180,28,95,85,38,15,0,0.189,sustainable,2952.6,285.0
high_skip,lost,180,28,43,137,36,6,0,0.302,returning,405.92,43.0
returning,lost,180,28,101,79,40,11,0,0.183,sustainable,1947.28,202.0
overload,lost,180,28,158,22,20,43,70.13,0.178,returning,6060.4,556.0
optimizer,lost,180,28,173,7,7,24,7.42,0.197,integrated,5273.04,519.0
low_energy,lost,180,28,81,99,46,21,0,0.222,returning,741.96,81.0
adversarial,lost,180,28,124,56,35,45,72.0,0.175,returning,6338.1,571.0
perfect,burnout,180,28,175,5,5,23,1.62,0.171,sustainable,3500.0,350.0
cautious,burnout,180,28,114,66,50,15,0,0.184,returning,1067.04,114.0
balanced,burnout,180,28,147,33,24,22,0,0.177,sustainable,2881.2,294.0
chaotic,burnout,180,28,88,92,44,14,10.02,0.178,sustainable,2735.04,264.0
high_skip,burnout,180,28,37,143,28,4,0,0.216,returning,349.28,37.0
returning,burnout,180,28,106,74,42,13,0.29,0.189,returning,2043.68,212.0
overload,burnout,180,28,159,21,16,44,77.85,0.177,returning,6158.5,565.0
optimizer,burnout,180,28,169,11,10,24,7.83,0.197,integrated,5151.12,507.0
low_energy,burnout,180,28,74,106,47,26,0,0.203,returning,677.84,74.0
adversarial,burnout,180,28,136,44,35,53,75.17,0.174,returning,6870.9,619.0
perfect,potential,180,28,177,3,3,25,4.06,0.169,integrated,3540.0,354.0
cautious,potential,180,28,111,69,41,18,0,0.189,returning,1038.96,111.0
balanced,potential,180,28,137,43,29,20,2.61,0.182,sustainable,2685.2,274.0
chaotic,potential,180,28,90,90,46,15,0,0.178,integrated,2797.2,270.0
high_skip,potential,180,28,38,142,31,5,0,0.263,returning,358.72,38.0
returning,potential,180,28,105,75,45,17,0.87,0.19,sustainable,2024.4,210.0
overload,potential,180,28,160,20,17,44,69.88,0.171,sustainable,6125.8,562.0
optimizer,potential,180,28,169,11,11,23,18.34,0.197,integrated,5151.12,507.0
low_energy,potential,180,28,87,93,42,29,0,0.195,returning,796.92,87.0
adversarial,potential,180,28,123,57,46,44,71.17,0.181,returning,6249.3,563.0
perfect,return,180,28,178,2,2,25,4.06,0.169,integrated,3560.0,356.0
cautious,return,180,28,122,58,37,15,0,0.197,returning,1141.92,122.0
balanced,return,180,28,143,37,26,23,0.52,0.182,sustainable,2802.8,286.0
chaotic,return,180,28,95,85,46,13,1.8,0.172,integrated,2952.6,285.0
high_skip,return,180,28,39,141,30,7,0,0.205,returning,368.16,39.0
returning,return,180,28,102,78,45,15,1.45,0.172,sustainable,1966.56,204.0
overload,return,180,28,155,25,22,41,72.82,0.18,returning,5929.6,544.0
optimizer,return,180,28,168,12,12,23,4.06,0.196,integrated,5120.64,504.0
low_energy,return,180,28,97,83,48,34,0,0.175,returning,888.52,97.0
adversarial,return,180,28,136,44,32,52,75.56,0.177,returning,6837.6,616.0
perfect,lost,30,29,30,0,0,4,1.62,0.167,open,600.0,60.0
cautious,lost,30,29,22,8,7,2,0,0.227,returning,205.92,22.0
balanced,lost,30,29,22,8,5,3,0,0.205,returning,431.2,44.0
chaotic,lost,30,29,8,22,6,1,2.0,0.25,returning,248.64,24.0
high_skip,lost,30,29,6,24,6,2,0,0.333,returning,56.64,6.0
returning,lost,30,29,21,9,4,2,0,0.214,returning,404.88,42.0
overload,lost,30,29,28,2,2,4,71.03,0.173,open,1199.0,110.0
optimizer,lost,30,29,27,3,2,3,6.56,0.185,open,822.96,81.0
low_energy,lost,30,29,16,14,8,5,0,0.25,returning,146.56,16.0
adversarial,lost,30,29,22,8,6,4,71.38,0.185,returning,1198.8,108.0
perfect,burnout,30,29,30,0,0,4,1.62,0.167,open,600.0,60.0
cautious,burnout,30,29,16,14,9,3,0,0.25,returning,149.76,16.0
balanced,burnout,30,29,23,7,6,4,1.04,0.196,returning,450.8,46.0
chaotic,burnout,30,29,11,19,5,2,0,0.212,returning,341.88,33.0
high_skip,burnout,30,29,10,20,7,1,0,0.4,returning,94.4,10.0
returning,burnout,30,29,16,14,6,1,0,0.219,returning,308.48,32.0
overload,burnout,30,29,26,4,3,3,74.05,0.18,overloaded,1090.0,100.0
optimizer,burnout,30,29,27,3,3,4,3.13,0.198,open,822.96,81.0
low_energy,burnout,30,29,17,13,6,5,0,0.235,returning,155.72,17.0
adversarial,burnout,30,29,21,9,6,4,70.16,0.175,returning,1143.3,103.0
perfect,potential,30,29,29,1,1,4,1.62,0.172,open,580.0,58.0
cautious,potential,30,29,17,13,9,2,0,0.235,returning,159.12,17.0
balanced,potential,30,29,23,7,6,2,1.04,0.217,returning,450.8,46.0
chaotic,potential,30,29,17,13,5,2,0,0.216,returning,528.36,51.0
high_skip,potential,30,29,8,22,5,2,0,0.375,returning,75.52,8.0
returning,potential,30,29,17,13,11,2,0.58,0.206,returning,327.76,34.0
overload,potential,30,29,27,3,3,3,74.54,0.181,overloaded,1144.5,105.0
optimizer,potential,30,29,30,0,0,4,5.98,0.189,open,914.4,90.0
low_energy,potential,30,29,16,14,9,4,0,0.188,returning,146.56,16.0
adversarial,potential,30,29,22,8,5,4,70.17,0.187,returning,1187.7,107.0
perfect,return,30,29,29,1,1,4,1.62,0.172,open,580.0,58.0
cautious,return,30,29,18,12,7,4,0,0.278,returning,168.48,18.0
balanced,return,30,29,23,7,5,3,1.04,0.196,returning,450.8,46.0
chaotic,return,30,29,13,17,4,1,0,0.231,returning,404.04,39.0
high_skip,return,30,29,6,24,6,1,0,0.333,returning,56.64,6.0
returning,return,30,29,22,8,5,3,0.58,0.182,returning,424.16,44.0
overload,return,30,29,28,2,2,4,72.09,0.171,overloaded,1209.9,111.0
optimizer,return,30,29,28,2,1,4,3.13,0.19,open,853.44,84.0
low_energy,return,30,29,16,14,8,8,0,0.25,returning,146.56,16.0
adversarial,return,30,29,21,9,6,3,75.36,0.192,returning,1154.4,104.0
perfect,lost,90,29,88,2,2,12,1.86,0.17,open,1760.0,176.0
cautious,lost,90,29,58,32,23,8,0,0.207,returning,542.88,58.0
balanced,lost,90,29,73,17,13,11,0.41,0.185,returning,1430.8,146.0
chaotic,lost,90,29,44,46,15,7,5.01,0.189,returning,1367.52,132.0
high_skip,lost,90,29,28,62,18,4,0,0.214,returning,264.32,28.0
returning,lost,90,29,57,33,20,8,0.58,0.202,returning,1098.96,114.0
overload,lost,90,29,76,14,10,18,67.4,0.188,sustainable,3019.3,277.0
optimizer,lost,90,29,79,11,10,9,8.69,0.194,sustainable,2407.92,237.0
low_energy,lost,90,29,53,37,18,17,0,0.245,returning,485.48,53.0
adversarial,lost,90,29,60,30,18,19,66.18,0.181,sustainable,3119.1,281.0
perfect,burnout,90,29,88,2,2,12,4.87,0.17,open,1760.0,176.0
cautious,burnout,90,29,57,33,23,7,0,0.211,returning,533.52,57.0
balanced,burnout,90,29,70,20,15,11,0,0.179,returning,1372.0,140.0
chaotic,burnout,90,29,45,45,18,5,0,0.2,returning,1398.6,135.0
high_skip,burnout,90,29,16,74,12,0,0,0.188,returning,151.04,16.0
returning,burnout,90,29,51,39,26,7,0.58,0.196,returning,983.28,102.0
overload,burnout,90,29,82,8,8,21,73.66,0.173,returning,3215.5,295.0
optimizer,burnout,90,29,86,4,3,12,6.26,0.19,sustainable,2621.28,258.0
low_energy,burnout,90,29,42,48,23,18,0,0.238,returning,384.72,42.0
adversarial,burnout,90,29,64,26,16,22,68.24,0.175,sustainable,3296.7,297.0
perfect,potential,90,29,88,2,2,12,4.87,0.17,sustainable,1760.0,176.0
cautious,potential,90,29,56,34,22,5,0,0.196,returning,524.16,56.0
balanced,potential,90,29,69,21,18,7,0,0.181,returning,1352.4,138.0
chaotic,potential,90,29,46,44,23,6,0,0.196,sustainable,1429.68,138.0
high_skip,potential,90,29,29,61,19,4,0,0.241,returning,273.76,29.0
returning,potential,90,29,53,37,22,9,0.29,0.189,returning,1021.84,106.0
overload,potential,90,29,79,11,11,19,68.3,0.191,sustainable,3073.8,282.0
optimizer,potential,90,29,89,1,1,12,9.4,0.191,sustainable,2712.72,267.0
low_energy,potential,90,29,34,56,22,13,0,0.206,returning,311.44,34.0
adversarial,potential,90,29,67,23,14,23,73.69,0.174,returning,3452.1,311.0
perfect,return,90,29,89,1,1,12,4.87,0.169,sustainable,1780.0,178.0
cautious,return,90,29,56,34,21,7,0,0.214,returning,524.16,56.0
balanced,return,90,29,72,18,13,10,3.13,0.188,returning,1411.2,144.0
chaotic,return,90,29,40,50,22,3,2.0,0.192,returning,1243.2,120.0
high_skip,return,90,29,24,66,19,4,0,0.25,returning,226.56,24.0
returning,return,90,29,57,33,18,7,1.45,0.202,returning,1098.96,114.0
overload,return,90,29,74,16,16,17,69.77,0.172,sustainable,2975.7,273.0
optimizer,return,90,29,81,9,9,11,9.4,0.193,sustainable,2468.88,243.0
low_energy,return,90,29,48,42,20,15,0,0.229,returning,439.68,48.0
adversarial,return,90,29,64,26,21,20,74.82,0.172,returning,3219.0,290.0
perfect,lost,180,29,177,3,3,25,4.06,0.169,integrated,3540.0,354.0
cautious,lost,180,29,108,72,43,21,0,0.185,returning,1010.88,108.0
balanced,lost,180,29,147,33,30,19,0.52,0.177,sustainable,2881.2,294.0
chaotic,lost,180,29,93,87,41,13,0.41,0.183,sustainable,2890.44,279.0
high_skip,lost,180,29,46,134,28,5,0,0.239,returning,434.24,46.0
returning,lost,180,29,114,66,45,17,0.29,0.197,sustainable,2197.92,228.0
overload,lost,180,29,161,19,17,44,76.31,0.18,returning,6169.4,566.0
optimizer,lost,180,29,167,13,12,24,7.83,0.196,integrated,5090.16,501.0
low_energy,lost,180,29,83,97,42,33,0,0.205,returning,760.28,83.0
adversarial,lost,180,29,129,51,35,47,73.03,0.174,returning,6449.1,581.0
perfect,burnout,180,29,179,1,1,25,4.06,0.168,sustainable,3580.0,358.0
cautious,burnout,180,29,110,70,47,14,0,0.191,returning,1029.6,110.0
balanced,burnout,180,29,141,39,30,15,2.61,0.181,sustainable,2763.6,282.0
chaotic,burnout,180,29,92,88,43,11,0,0.17,sustainable,2859.36,276.0
high_skip,burnout,180,29,44,136,35,6,0,0.25,returning,415.36,44.0
returning,burnout,180,29,108,72,44,18,0.87,0.171,returning,2082.24,216.0
overload,burnout,180,29,155,25,21,42,74.12,0.177,returning,5984.1,549.0
optimizer,burnout,180,29,169,11,11,23,6.26,0.195,integrated,5151.12,507.0
low_energy,burnout,180,29,77,103,46,32,0,0.221,returning,705.32,77.0
adversarial,burnout,180,29,125,55,43,45,67.96,0.18,sustainable,6216.0,560.0
perfect,potential,180,29,177,3,3,24,1.05,0.169,integrated,3540.0,354.0
cautious,potential,180,29,115,65,42,14,0,0.191,returning,1076.4,115.0
balanced,potential,180,29,148,32,27,21,1.04,0.176,sustainable,2900.8,296.0
chaotic,potential,180,29,81,99,47,10,0,0.173,sustainable,2517.48,243.0
high_skip,potential,180,29,41,139,34,5,0,0.22,returning,387.04,41.0
returning,potential,180,29,105,75,47,14,0.29,0.171,sustainable,2024.4,210.0
overload,potential,180,29,161,19,17,45,70.6,0.175,returning,6223.9,571.0
optimizer,potential,180,29,175,5,5,24,7.83,0.208,integrated,5334.0,525.0
low_energy,potential,180,29,77,103,43,29,0,0.208,returning,705.32,77.0
adversarial,potential,180,29,127,53,31,46,73.62,0.175,returning,6393.6,576.0
perfect,return,180,29,177,3,2,25,1.05,0.169,integrated,3540.0,354.0
cautious,return,180,29,113,67,45,16,0,0.204,returning,1057.68,113.0
balanced,return,180,29,132,48,34,19,2.61,0.174,sustainable,2587.2,264.0
chaotic,return,180,29,92,88,45,16,0,0.174,sustainable,2859.36,276.0
high_skip,return,180,29,43,137,33,2,0,0.209,returning,405.92,43.0
returning,return,180,29,116,64,37,16,0,0.172,sustainable,2236.48,232.0
overload,return,180,29,160,20,18,44,70.94,0.171,returning,6136.7,563.0
optimizer,return,180,29,168,12,12,22,11.26,0.196,integrated,5120.64,504.0
low_energy,return,180,29,97,83,43,39,0,0.206,returning,888.52,97.0
adversarial,return,180,29,135,45,35,52,73.36,0.177,returning,6837.6,616.0
perfect,lost,30,30,30,0,0,4,1.62,0.167,open,600.0,60.0
cautious,lost,30,30,22,8,5,4,0,0.227,returning,205.92,22.0
balanced,lost,30,30,24,6,5,3,1.04,0.188,returning,470.4,48.0
chaotic,lost,30,30,15,15,5,1,0,0.267,returning,466.2,45.0
high_skip,lost,30,30,11,19,6,1,0,0.364,returning,103.84,11.0
returning,lost,30,30,18,12,7,3,0.58,0.222,returning,347.04,36.0
overload,lost,30,30,29,1,1,4,75.35,0.179,overloaded,1220.8,112.0
optimizer,lost,30,30,29,1,1,4,3.13,0.195,open,883.92,87.0
low_energy,lost,30,30,13,17,7,4,0,0.231,returning,119.08,13.0
adversarial,lost,30,30,21,9,6,4,64.36,0.183,returning,1154.4,104.0
perfect,burnout,30,30,30,0,0,4,1.62,0.167,open,600.0,60.0
cautious,burnout,30,30,15,15,11,2,0,0.333,returning,140.4,15.0
balanced,burnout,30,30,25,5,3,2,0,0.2,open,490.0,50.0
chaotic,burnout,30,30,7,23,5,1,1.4,0.238,returning,217.56,21.0
high_skip,burnout,30,30,6,24,6,1,0,0.333,returning,56.64,6.0
returning,burnout,30,30,20,10,6,2,0,0.2,returning,385.6,40.0
overload,burnout,30,30,24,6,2,3,65.42,0.188,open,1046.4,96.0
optimizer,burnout,30,30,30,0,0,4,12.98,0.189,open,914.4,90.0
low_energy,burnout,30,30,10,20,6,2,0,0.3,returning,91.6,10.0
adversarial,burnout,30,30,23,7,5,5,69.58,0.176,returning,1198.8,108.0
perfect,potential,30,30,30,0,0,4,1.62,0.167,open,600.0,60.0
cautious,potential,30,30,16,14,7,2,0,0.25,returning,149.76,16.0
balanced,potential,30,30,24,6,5,3,1.04,0.188,returning,470.4,48.0
chaotic,potential,30,30,18,12,7,3,2.0,0.185,returning,559.44,54.0
high_skip,potential,30,30,9,21,5,2,0,0.333,returning,84.96,9.0
returning,potential,30,30,19,11,6,3,0.58,0.211,returning,366.32,38.0
overload,potential,30,30,26,4,3,3,71.28,0.183,open,1133.6,104.0
optimizer,potential,30,30,29,1,1,4,3.13,0.195,open,883.92,87.0
low_energy,potential,30,30,11,19,9,3,0,0.273,returning,100.76,11.0
adversarial,potential,30,30,23,7,7,5,67.39,0.179,sustainable,1243.2,112.0
perfect,return,30,30,29,1,1,4,1.62,0.172,open,580.0,58.0
cautious,return,30,30,19,11,8,3,0,0.211,returning,177.84,19.0
balanced,return,30,30,23,7,5,4,1.04,0.217,returning,450.8,46.0
chaotic,return,30,30,14,16,5,2,0,0.238,returning,435.12,42.0
high_skip,return,30,30,6,24,5,0,0,0.333,returning,56.64,6.0
returning,return,30,30,19,11,10,3,0.29,0.184,returning,366.32,38.0
overload,return,30,30,25,5,4,3,64.85,0.18,returning,1090.0,100.0
optimizer,return,30,30,30,0,0,4,5.98,0.189,open,914.4,90.0
low_energy,return,30,30,14,16,6,6,0,0.214,returning,128.24,14.0
adversarial,return,30,30,22,8,4,4,68.97,0.179,returning,1176.6,106.0
perfect,lost,90,30,89,1,1,12,4.87,0.169,open,1780.0,178.0
cautious,lost,90,30,58,32,22,5,0,0.19,returning,542.88,58.0
balanced,lost,90,30,66,24,15,6,0.52,0.205,returning,1293.6,132.0
chaotic,lost,90,30,42,48,21,7,3.8,0.175,returning,1305.36,126.0
high_skip,lost,90,30,25,65,16,4,0,0.2,returning,236.0,25.0
returning,lost,90,30,45,45,22,5,0.29,0.2,returning,867.6,90.0
overload,lost,90,30,80,10,9,19,74.73,0.171,returning,3117.4,286.0
optimizer,lost,90,30,89,1,1,12,9.4,0.191,sustainable,2712.72,267.0
low_energy,lost,90,30,42,48,23,14,0,0.238,returning,384.72,42.0
adversarial,lost,90,30,67,23,18,23,67.67,0.176,sustainable,3396.6,306.0
perfect,burnout,90,30,90,0,0,12,4.87,0.167,open,1800.0,180.0
cautious,burnout,90,30,49,41,23,8,0,0.224,returning,458.64,49.0
balanced,burnout,90,30,70,20,16,10,0.52,0.179,returning,1372.0,140.0
chaotic,burnout,90,30,49,41,19,4,0,0.184,returning,1522.92,147.0
high_skip,burnout,90,30,18,72,14,3,0,0.333,returning,169.92,18.0
returning,burnout,90,30,49,41,24,7,1.16,0.194,returning,944.72,98.0
overload,burnout,90,30,80,10,9,20,67.56,0.184,sustainable,3084.7,283.0
optimizer,burnout,90,30,86,4,4,12,9.4,0.194,sustainable,2621.28,258.0
low_energy,burnout,90,30,35,55,25,7,0,0.229,returning,320.6,35.0
adversarial,burnout,90,30,67,23,16,23,75.87,0.176,returning,3407.7,307.0
perfect,potential,90,30,89,1,1,12,4.87,0.169,sustainable,1780.0,178.0
cautious,potential,90,30,61,29,17,7,0,0.213,returning,570.96,61.0
balanced,potential,90,30,74,16,15,10,0.52,0.176,returning,1450.4,148.0
chaotic,potential,90,30,39,51,22,4,0,0.188,returning,1212.12,117.0
high_skip,potential,90,30,22,68,15,5,0,0.227,returning,207.68,22.0
returning,potential,90,30,54,36,25,9,0.87,0.204,returning,1041.12,108.0
overload,potential,90,30,83,7,7,21,74.15,0.183,returning,3270.0,300.0
optimizer,potential,90,30,85,5,5,11,7.83,0.192,sustainable,2590.8,255.0
low_energy,potential,90,30,52,38,27,18,0,0.231,returning,476.32,52.0
adversarial,potential,90,30,56,34,18,15,73.7,0.178,returning,2863.8,258.0
perfect,return,90,30,90,0,0,12,4.87,0.167,sustainable,1800.0,180.0
cautious,return,90,30,69,21,15,9,0,0.188,returning,645.84,69.0
balanced,return,90,30,71,19,16,8,0,0.183,returning,1391.6,142.0
chaotic,return,90,30,43,47,21,6,0,0.186,returning,1336.44,129.0
high_skip,return,90,30,16,74,13,3,0,0.312,returning,151.04,16.0
returning,return,90,30,46,44,22,4,0,0.207,returning,886.88,92.0
overload,return,90,30,78,12,12,19,67.16,0.18,sustainable,3084.7,283.0
optimizer,return,90,30,82,8,8,12,5.63,0.195,sustainable,2499.36,246.0
low_energy,return,90,30,48,42,21,19,0,0.208,returning,439.68,48.0
adversarial,return,90,30,63,27,20,20,76.23,0.174,returning,3252.3,293.0
perfect,lost,180,30,177,3,3,25,4.06,0.169,integrated,3540.0,354.0
cautious,lost,180,30,107,73,41,19,0,0.196,returning,1001.52,107.0
balanced,lost,180,30,140,40,31,23,2.61,0.186,sustainable,2744.0,280.0
chaotic,lost,180,30,81,99,45,6,1.6,0.177,sustainable,2517.48,243.0
high_skip,lost,180,30,44,136,33,8,0,0.227,returning,415.36,44.0
returning,lost,180,30,107,73,45,13,0.58,0.182,sustainable,2062.96,214.0
overload,lost,180,30,161,19,19,45,68.49,0.179,sustainable,6202.1,569.0
optimizer,lost,180,30,165,15,11,23,11.07,0.198,integrated,5029.2,495.0
low_energy,lost,180,30,89,91,50,35,0,0.213,returning,815.24,89.0
adversarial,lost,180,30,133,47,38,50,71.7,0.177,returning,6660.0,600.0
perfect,burnout,180,30,179,1,1,25,4.06,0.168,sustainable,3580.0,358.0
cautious,burnout,180,30,119,61,40,17,0,0.218,returning,1113.84,119.0
balanced,burnout,180,30,138,42,34,17,1.04,0.178,sustainable,2704.8,276.0
chaotic,burnout,180,30,86,94,45,10,3.8,0.174,sustainable,2672.88,258.0
high_skip,burnout,180,30,38,142,29,3,0,0.237,returning,358.72,38.0
returning,burnout,180,30,103,77,51,13,0.58,0.18,returning,1985.84,206.0
overload,burnout,180,30,159,21,20,44,69.38,0.172,sustainable,6071.3,557.0
optimizer,burnout,180,30,168,12,12,22,7.83,0.194,integrated,5120.64,504.0
low_energy,burnout,180,30,87,93,49,36,0,0.241,returning,796.92,87.0
adversarial,burnout,180,30,126,54,37,46,74.81,0.173,returning,6360.3,573.0
perfect,potential,180,30,178,2,2,24,4.06,0.169,integrated,3560.0,356.0
cautious,potential,180,30,105,75,37,15,0,0.181,returning,982.8,105.0
balanced,potential,180,30,152,28,24,21,2.61,0.171,sustainable,2979.2,304.0
chaotic,potential,180,30,92,88,41,13,5.8,0.185,integrated,2859.36,276.0
high_skip,potential,180,30,41,139,34,5,0,0.22,returning,387.04,41.0
returning,potential,180,30,106,74,41,13,0,0.198,sustainable,2043.68,212.0
overload,potential,180,30,157,23,21,42,74.69,0.178,returning,6016.8,552.0
optimizer,potential,180,30,163,17,16,21,22.07,0.198,integrated,4968.24,489.0
low_energy,potential,180,30,93,87,47,35,0,0.194,returning,851.88,93.0
adversarial,potential,180,30,116,64,38,39,68.65,0.17,sustainable,5860.8,528.0
perfect,return,180,30,180,0,0,25,4.06,0.167,integrated,3600.0,360.0
cautious,return,180,30,111,69,44,17,0,0.207,returning,1038.96,111.0
balanced,return,180,30,137,43,33,20,1.57,0.19,sustainable,2685.2,274.0
chaotic,return,180,30,92,88,40,13,5.8,0.185,integrated,2859.36,276.0
high_skip,return,180,30,45,135,37,6,0,0.2,returning,424.8,45.0
returning,return,180,30,115,65,47,13,1.45,0.187,sustainable,2217.2,230.0
overload,return,180,30,158,22,19,43,76.48,0.176,returning,6125.8,562.0
optimizer,return,180,30,169,11,11,24,7.83,0.197,integrated,5151.12,507.0
low_energy,return,180,30,87,93,43,28,0,0.195,returning,796.92,87.0
adversarial,return,180,30,129,51,37,48,70.46,0.175,returning,6526.8,588.0
perfect,lost,30,31,30,0,0,4,1.62,0.167,open,600.0,60.0
cautious,lost,30,31,18,12,8,3,0,0.278,returning,168.48,18.0
balanced,lost,30,31,25,5,3,3,1.04,0.18,open,490.0,50.0
chaotic,lost,30,31,16,14,10,2,5.6,0.229,returning,497.28,48.0
high_skip,lost,30,31,6,24,5,0,0,0.5,returning,56.64,6.0
returning,lost,30,31,14,16,7,2,0,0.286,returning,269.92,28.0
overload,lost,30,31,28,2,2,4,72.09,0.18,overloaded,1209.9,111.0
optimizer,lost,30,31,28,2,2,4,3.13,0.19,open,853.44,84.0
low_energy,lost,30,31,14,16,6,5,0,0.286,returning,128.24,14.0
adversarial,lost,30,31,20,10,5,3,67.15,0.182,returning,1098.9,99.0
perfect,burnout,30,31,30,0,0,4,1.62,0.167,open,600.0,60.0
cautious,burnout,30,31,24,6,5,4,0,0.208,returning,224.64,24.0
balanced,burnout,30,31,22,8,5,4,1.04,0.227,returning,431.2,44.0
chaotic,burnout,30,31,14,16,8,2,2.0,0.238,returning,435.12,42.0
high_skip,burnout,30,31,9,21,4,0,0,0.222,returning,84.96,9.0
returning,burnout,30,31,11,19,6,2,0,0.227,returning,212.08,22.0
overload,burnout,30,31,28,2,2,4,76.98,0.174,overloaded,1188.1,109.0
optimizer,burnout,30,31,29,1,1,3,20.21,0.184,open,883.92,87.0
low_energy,burnout,30,31,14,16,9,4,0,0.286,returning,128.24,14.0
adversarial,burnout,30,31,20,10,8,3,72.94,0.184,returning,1087.8,98.0
perfect,potential,30,31,30,0,0,4,1.62,0.167,open,600.0,60.0
cautious,potential,30,31,22,8,7,4,0,0.227,returning,205.92,22.0
balanced,potential,30,31,27,3,3,3,1.04,0.185,open,529.2,54.0
chaotic,potential,30,31,16,14,6,3,0,0.208,returning,497.28,48.0
high_skip,potential,30,31,4,26,4,1,0,0.25,returning,37.76,4.0
returning,potential,30,31,18,12,7,4,0,0.194,returning,347.04,36.0
overload,potential,30,31,29,1,1,4,75.35,0.17,overloaded,1220.8,112.0
optimizer,potential,30,31,27,3,3,3,6.56,0.198,open,822.96,81.0
low_energy,potential,30,31,11,19,9,4,0,0.364,returning,100.76,11.0
adversarial,potential,30,31,23,7,5,5,66.19,0.18,sustainable,1232.1,111.0
perfect,return,30,31,30,0,0,4,1.62,0.167,open,600.0,60.0
cautious,return,30,31,21,9,7,2,0,0.238,returning,196.56,21.0
balanced,return,30,31,21,9,7,3,0.52,0.19,returning,411.6,42.0
chaotic,return,30,31,14,16,6,0,2.01,0.214,returning,435.12,42.0
high_skip,return,30,31,7,23,5,0,0,0.286,returning,66.08,7.0
returning,return,30,31,18,12,6,2,0.29,0.222,returning,347.04,36.0
overload,return,30,31,26,4,4,4,60.28,0.173,returning,1133.6,104.0
optimizer,return,30,31,29,1,1,4,3.13,0.195,open,883.92,87.0
low_energy,return,30,31,12,18,6,5,0,0.333,returning,109.92,12.0
adversarial,return,30,31,25,5,4,6,69.22,0.176,returning,1320.9,119.0
perfect,lost,90,31,89,1,1,12,4.87,0.169,open,1780.0,178.0
cautious,lost,90,31,52,38,20,5,0,0.192,returning,486.72,52.0
balanced,lost,90,31,70,20,18,12,3.13,0.186,returning,1372.0,140.0
chaotic,lost,90,31,52,38,23,7,2.0,0.199,sustainable,1616.16,156.0
high_skip,lost,90,31,27,63,20,1,0,0.259,returning,254.88,27.0
returning,lost,90,31,55,35,18,6,0,0.191,returning,1060.4,110.0
overload,lost,90,31,80,10,10,19,74.73,0.175,returning,3117.4,286.0
optimizer,lost,90,31,87,3,3,10,23.45,0.188,sustainable,2651.76,261.0
low_energy,lost,90,31,38,52,18,12,0,0.211,returning,348.08,38.0
adversarial,lost,90,31,70,20,15,25,69.12,0.175,sustainable,3552.0,320.0
perfect,burnout,90,31,88,2,2,12,4.87,0.17,open,1760.0,176.0
cautious,burnout,90,31,61,29,21,9,0,0.213,returning,570.96,61.0
balanced,burnout,90,31,71,19,14,10,1.04,0.204,returning,1391.6,142.0
chaotic,burnout,90,31,37,53,20,5,2.0,0.207,returning,1149.96,111.0
high_skip,burnout,90,31,22,68,17,1,0,0.273,returning,207.68,22.0
returning,burnout,90,31,57,33,17,6,0.58,0.219,returning,1098.96,114.0
overload,burnout,90,31,82,8,8,21,72.6,0.177,returning,3204.6,294.0
optimizer,burnout,90,31,83,7,6,10,16.81,0.193,sustainable,2529.84,249.0
low_energy,burnout,90,31,39,51,19,11,0,0.205,returning,357.24,39.0
adversarial,burnout,90,31,69,21,17,24,75.29,0.17,returning,3463.2,312.0
perfect,potential,90,31,90,0,0,12,4.87,0.167,sustainable,1800.0,180.0
cautious,potential,90,31,57,33,18,8,0,0.193,returning,533.52,57.0
balanced,potential,90,31,66,24,17,11,0,0.189,returning,1293.6,132.0
chaotic,potential,90,31,52,38,27,6,3.6,0.173,sustainable,1616.16,156.0
high_skip,potential,90,31,22,68,15,4,0,0.273,returning,207.68,22.0
returning,potential,90,31,50,40,25,7,0.58,0.19,returning,964.0,100.0
overload,potential,90,31,77,13,8,18,71.72,0.179,returning,3041.1,279.0
optimizer,potential,90,31,86,4,3,12,9.4,0.194,sustainable,2621.28,258.0
low_energy,potential,90,31,43,47,24,13,0,0.209,returning,393.88,43.0
adversarial,potential,90,31,60,30,18,19,64.89,0.178,sustainable,3052.5,275.0
perfect,return,90,31,90,0,0,12,4.87,0.167,sustainable,1800.0,180.0
cautious,return,90,31,58,32,22,7,0,0.19,returning,542.88,58.0
balanced,return,90,31,69,21,14,11,0,0.174,returning,1352.4,138.0
chaotic,return,90,31,46,44,23,3,3.6,0.203,returning,1429.68,138.0
high_skip,return,90,31,25,65,17,5,0,0.2,returning,236.0,25.0
returning,return,90,31,51,39,19,4,0.87,0.196,returning,983.28,102.0
overload,return,90,31,79,11,11,19,75.71,0.173,returning,3150.1,289.0
optimizer,return,90,31,88,2,2,12,5.63,0.193,sustainable,2682.24,264.0
low_energy,return,90,31,47,43,23,19,0,0.213,returning,430.52,47.0
adversarial,return,90,31,65,25,19,22,70.66,0.175,returning,3363.3,303.0
perfect,lost,180,31,178,2,2,24,4.06,0.169,integrated,3560.0,356.0
cautious,lost,180,31,106,74,44,19,0,0.198,returning,992.16,106.0
balanced,lost,180,31,137,43,31,19,2.09,0.19,sustainable,2685.2,274.0
chaotic,lost,180,31,86,94,43,14,0,0.178,sustainable,2672.88,258.0
high_skip,lost,180,31,57,123,33,7,0,0.211,returning,538.08,57.0
returning,lost,180,31,104,76,41,18,0.29,0.183,sustainable,2005.12,208.0
overload,lost,180,31,158,22,20,44,68.65,0.184,sustainable,6158.5,565.0
optimizer,lost,180,31,169,11,11,23,7.83,0.197,integrated,5151.12,507.0
low_energy,lost,180,31,81,99,39,33,0,0.198,returning,741.96,81.0
adversarial,lost,180,31,129,51,37,48,71.65,0.177,returning,6504.6,586.0
perfect,burnout,180,31,177,3,3,25,4.06,0.169,sustainable,3540.0,354.0
cautious,burnout,180,31,109,71,40,19,0,0.183,returning,1020.24,109.0
balanced,burnout,180,31,150,30,24,19,2.61,0.173,sustainable,2940.0,300.0
chaotic,burnout,180,31,88,92,46,10,1.81,0.189,sustainable,2735.04,264.0
high_skip,burnout,180,31,28,152,21,4,0,0.321,returning,264.32,28.0
returning,burnout,180,31,104,76,38,12,0.58,0.188,returning,2005.12,208.0
overload,burnout,180,31,159,21,20,44,69.38,0.174,sustainable,6071.3,557.0
optimizer,burnout,180,31,171,9,9,24,4.7,0.195,integrated,5212.08,513.0
low_energy,burnout,180,31,78,102,41,26,0,0.218,returning,714.48,78.0
adversarial,burnout,180,31,139,41,30,55,62.17,0.174,sustainable,6893.1,621.0
perfect,potential,180,31,179,1,1,25,4.06,0.168,integrated,3580.0,358.0
cautious,potential,180,31,101,79,44,15,0,0.198,returning,945.36,101.0
balanced,potential,180,31,140,40,31,20,1.57,0.182,sustainable,2744.0,280.0
chaotic,potential,180,31,93,87,47,14,3.8,0.179,integrated,2890.44,279.0
high_skip,potential,180,31,44,136,32,7,0,0.205,returning,415.36,44.0
returning,potential,180,31,103,77,41,12,0,0.184,sustainable,1985.84,206.0
overload,potential,180,31,164,16,14,46,71.5,0.174,returning,6278.4,576.0
optimizer,potential,180,31,172,8,8,22,25.31,0.198,integrated,5242.56,516.0
low_energy,potential,180,31,81,99,47,30,0,0.21,returning,741.96,81.0
adversarial,potential,180,31,123,57,41,44,73.58,0.173,returning,6271.5,565.0
perfect,return,180,31,180,0,0,25,4.06,0.167,integrated,3600.0,360.0
cautious,return,180,31,116,64,44,18,0,0.19,returning,1085.76,116.0
balanced,return,180,31,136,44,30,18,2.61,0.18,sustainable,2665.6,272.0
chaotic,return,180,31,85,95,41,11,8.0,0.173,sustainable,2641.8,255.0
high_skip,return,180,31,50,130,37,3,0,0.2,returning,472.0,50.0
returning,return,180,31,116,64,37,20,0.29,0.194,sustainable,2236.48,232.0
overload,return,180,31,157,23,21,42,71.52,0.18,returning,5984.1,549.0
optimizer,return,180,31,174,6,5,25,7.83,0.197,integrated,5303.52,522.0
low_energy,return,180,31,81,99,42,28,0,0.21,returning,741.96,81.0
adversarial,return,180,31,120,60,39,41,74.9,0.175,returning,6027.3,543.0
perfect,lost,30,32,30,0,0,4,1.62,0.167,open,600.0,60.0
cautious,lost,30,32,19,11,6,4,0,0.263,returning,177.84,19.0
balanced,lost,30,32,22,8,5,4,1.04,0.182,returning,431.2,44.0
chaotic,lost,30,32,19,11,6,4,4.0,0.211,returning,590.52,57.0
high_skip,lost,30,32,9,21,6,0,0,0.333,returning,84.96,9.0
returning,lost,30,32,17,13,7,2,0.58,0.235,returning,327.76,34.0
overload,lost,30,32,25,5,3,4,53.85,0.2,open,1090.0,100.0
optimizer,lost,30,32,27,3,2,2,16.68,0.185,open,822.96,81.0
low_energy,lost,30,32,12,18,8,4,0,0.25,returning,109.92,12.0
adversarial,lost,30,32,19,11,7,3,60.13,0.179,returning,1054.5,95.0
perfect,burnout,30,32,29,1,1,4,1.62,0.172,open,580.0,58.0
cautious,burnout,30,32,17,13,6,3,0,0.294,returning,159.12,17.0
balanced,burnout,30,32,25,5,4,4,1.04,0.18,returning,490.0,50.0
chaotic,burnout,30,32,12,18,6,2,0,0.222,returning,372.96,36.0
high_skip,burnout,30,32,10,20,6,0,0,0.2,returning,94.4,10.0
returning,burnout,30,32,17,13,7,2,0.29,0.265,returning,327.76,34.0
overload,burnout,30,32,26,4,4,3,75.11,0.178,returning,1100.9,101.0
optimizer,burnout,30,32,28,2,1,3,16.45,0.179,open,853.44,84.0
low_energy,burnout,30,32,12,18,7,2,0,0.25,returning,109.92,12.0
adversarial,burnout,30,32,25,5,4,6,75.01,0.186,returning,1309.8,118.0
perfect,potential,30,32,30,0,0,4,1.62,0.167,open,600.0,60.0
cautious,potential,30,32,20,10,6,4,0,0.25,returning,187.2,20.0
balanced,potential,30,32,21,9,6,3,0,0.238,returning,411.6,42.0
chaotic,potential,30,32,21,9,8,3,2.0,0.175,returning,652.68,63.0
high_skip,potential,30,32,6,24,3,0,0,0.333,open,56.64,6.0
returning,potential,30,32,14,16,8,2,0.58,0.214,returning,269.92,28.0
overload,potential,30,32,25,5,5,4,53.85,0.18,returning,1090.0,100.0
optimizer,potential,30,32,30,0,0,4,5.98,0.189,open,914.4,90.0
low_energy,potential,30,32,18,12,6,5,0,0.278,returning,164.88,18.0
adversarial,potential,30,32,25,5,5,6,69.22,0.176,sustainable,1320.9,119.0
perfect,return,30,32,30,0,0,4,1.62,0.167,open,600.0,60.0
cautious,return,30,32,14,16,8,0,0,0.286,returning,131.04,14.0
balanced,return,30,32,21,9,5,3,1.04,0.214,returning,411.6,42.0
chaotic,return,30,32,11,19,6,2,2.0,0.212,returning,341.88,33.0
high_skip,return,30,32,9,21,6,0,0,0.222,returning,84.96,9.0
returning,return,30,32,17,13,5,3,0,0.206,returning,327.76,34.0
overload,return,30,32,28,2,2,4,72.09,0.171,overloaded,1209.9,111.0
optimizer,return,30,32,29,1,1,4,3.13,0.195,open,883.92,87.0
low_energy,return,30,32,12,18,9,6,0,0.25,returning,109.92,12.0
adversarial,return,30,32,19,11,6,2,69.93,0.181,returning,1043.4,94.0
perfect,lost,90,32,89,1,1,12,4.87,0.169,open,1780.0,178.0
cautious,lost,90,32,54,36,20,4,0,0.222,returning,505.44,54.0
balanced,lost,90,32,72,18,10,9,3.13,0.174,returning,1411.2,144.0
chaotic,lost,90,32,37,53,26,2,8.0,0.18,returning,1149.96,111.0
high_skip,lost,90,32,28,62,24,6,0,0.286,returning,264.32,28.0
returning,lost,90,32,47,43,25,4,0,0.191,returning,906.16,94.0
overload,lost,90,32,78,12,11,19,71.39,0.174,returning,3128.3,287.0
optimizer,lost,90,32,84,6,6,12,5.63,0.194,sustainable,2560.32,252.0
low_energy,lost,90,32,44,46,21,16,0,0.227,returning,403.04,44.0
adversarial,lost,90,32,70,20,17,25,75.14,0.175,returning,3607.5,325.0
perfect,burnout,90,32,90,0,0,12,4.87,0.167,open,1800.0,180.0
cautious,burnout,90,32,57,33,18,7,0,0.211,returning,533.52,57.0
balanced,burnout,90,32,64,26,18,8,1.57,0.18,returning,1254.4,128.0
chaotic,burnout,90,32,50,40,20,7,4.0,0.2,returning,1554.0,150.0
high_skip,burnout,90,32,27,63,20,1,0,0.259,returning,254.88,27.0
returning,burnout,90,32,48,42,19,6,0.58,0.188,returning,925.44,96.0
overload,burnout,90,32,85,5,5,22,73.49,0.177,returning,3259.1,299.0
optimizer,burnout,90,32,85,5,4,11,11.11,0.192,sustainable,2590.8,255.0
low_energy,burnout,90,32,43,47,23,15,0,0.186,returning,393.88,43.0
adversarial,burnout,90,32,64,26,17,22,69.24,0.172,sustainable,3296.7,297.0
perfect,potential,90,32,90,0,0,12,4.87,0.167,sustainable,1800.0,180.0
cautious,potential,90,32,50,40,23,5,0,0.2,returning,468.0,50.0
balanced,potential,90,32,72,18,13,10,2.61,0.174,returning,1411.2,144.0
chaotic,potential,90,32,43,47,26,5,5.01,0.194,sustainable,1336.44,129.0
high_skip,potential,90,32,20,70,13,2,0,0.3,returning,188.8,20.0
returning,potential,90,32,49,41,24,7,0,0.184,returning,944.72,98.0
overload,potential,90,32,84,6,5,22,69.58,0.181,sustainable,3313.6,304.0
optimizer,potential,90,32,85,5,5,10,15.11,0.192,sustainable,2590.8,255.0
low_energy,potential,90,32,38,52,24,18,0,0.237,returning,348.08,38.0
adversarial,potential,90,32,62,28,20,20,69.21,0.176,sustainable,3207.9,289.0
perfect,return,90,32,90,0,0,12,4.87,0.167,sustainable,1800.0,180.0
cautious,return,90,32,58,32,21,6,0,0.207,returning,542.88,58.0
balanced,return,90,32,71,19,15,11,3.13,0.176,returning,1391.6,142.0
chaotic,return,90,32,50,40,24,8,3.6,0.173,sustainable,1554.0,150.0
high_skip,return,90,32,19,71,14,3,0,0.211,returning,179.36,19.0
returning,return,90,32,58,32,18,8,1.74,0.181,returning,1118.24,116.0
overload,return,90,32,76,14,14,17,77.35,0.178,returning,3008.4,276.0
optimizer,return,90,32,86,4,4,12,9.4,0.194,sustainable,2621.28,258.0
low_energy,return,90,32,31,59,17,6,0,0.226,returning,283.96,31.0
adversarial,return,90,32,54,36,21,15,68.1,0.179,sustainable,2852.7,257.0
perfect,lost,180,32,179,1,1,25,4.06,0.168,integrated,3580.0,358.0
cautious,lost,180,32,117,63,42,17,0,0.179,returning,1095.12,117.0
balanced,lost,180,32,143,37,26,22,0.52,0.175,sustainable,2802.8,286.0
chaotic,lost,180,32,86,94,46,12,0,0.19,sustainable,2672.88,258.0
high_skip,lost,180,32,39,141,33,6,0,0.282,returning,368.16,39.0
returning,lost,180,32,91,89,50,12,0,0.181,returning,1754.48,182.0
overload,lost,180,32,156,24,23,42,73.55,0.174,returning,6027.7,553.0
optimizer,lost,180,32,164,16,15,24,0.93,0.197,integrated,4998.72,492.0
low_energy,lost,180,32,83,97,44,30,0,0.193,returning,760.28,83.0
adversarial,lost,180,32,128,52,41,47,67.22,0.185,sustainable,6415.8,578.0
perfect,burnout,180,32,177,3,3,24,4.06,0.169,sustainable,3540.0,354.0
cautious,burnout,180,32,93,87,45,11,0,0.183,returning,870.48,93.0
balanced,burnout,180,32,138,42,34,23,1.04,0.181,sustainable,2704.8,276.0
chaotic,burnout,180,32,77,103,42,8,0,0.182,sustainable,2393.16,231.0
high_skip,burnout,180,32,50,130,38,7,0,0.24,returning,472.0,50.0
returning,burnout,180,32,102,78,39,10,0.29,0.191,returning,1966.56,204.0
overload,burnout,180,32,162,18,15,45,75.57,0.18,returning,6180.3,567.0
optimizer,burnout,180,32,169,11,11,24,7.83,0.197,integrated,5151.12,507.0
low_energy,burnout,180,32,89,91,46,30,0,0.191,returning,815.24,89.0
adversarial,burnout,180,32,133,47,37,51,74.92,0.172,returning,6726.6,606.0
perfect,potential,180,32,178,2,2,25,4.06,0.169,integrated,3560.0,356.0
cautious,potential,180,32,108,72,44,15,0,0.204,returning,1010.88,108.0
balanced,potential,180,32,138,42,30,20,0,0.181,sustainable,2704.8,276.0
chaotic,potential,180,32,101,79,41,12,12.84,0.182,integrated,3139.08,303.0
high_skip,potential,180,32,42,138,33,5,0,0.238,returning,396.48,42.0
returning,potential,180,32,99,81,47,13,0.29,0.182,sustainable,1908.72,198.0
overload,potential,180,32,162,18,16,45,73.86,0.177,returning,6234.8,572.0
optimizer,potential,180,32,171,9,9,23,7.83,0.197,integrated,5212.08,513.0
low_energy,potential,180,32,87,93,49,29,0,0.195,returning,796.92,87.0
adversarial,potential,180,32,130,50,36,48,69.05,0.173,sustainable,6493.5,585.0
perfect,return,180,32,179,1,1,25,4.06,0.168,integrated,3580.0,358.0
cautious,return,180,32,114,66,41,16,0,0.184,returning,1067.04,114.0
balanced,return,180,32,140,40,35,23,1.04,0.186,sustainable,2744.0,280.0
chaotic,return,180,32,96,84,46,14,6.0,0.184,integrated,2983.68,288.0
high_skip,return,180,32,48,132,37,6,0,0.208,returning,453.12,48.0
returning,return,180,32,109,71,47,14,0.29,0.188,sustainable,2101.52,218.0
overload,return,180,32,165,15,10,47,72.22,0.174,returning,6376.5,585.0
optimizer,return,180,32,159,21,20,18,20.99,0.197,integrated,4846.32,477.0
low_energy,return,180,32,94,86,49,34,0,0.213,returning,861.04,94.0
adversarial,return,180,32,123,57,38,44,74.78,0.177,returning,6282.6,566.0
perfect,lost,30,33,30,0,0,4,1.62,0.167,open,600.0,60.0
cautious,lost,30,33,18,12,8,3,0,0.278,returning,168.48,18.0
balanced,lost,30,33,23,7,5,3,0,0.217,returning,450.8,46.0
chaotic,lost,30,33,19,11,6,3,4.0,0.193,returning,590.52,57.0
high_skip,lost,30,33,4,26,4,1,0,0.25,returning,37.76,4.0
returning,lost,30,33,14,16,6,2,0.29,0.214,returning,269.92,28.0
overload,lost,30,33,28,2,2,4,72.09,0.171,overloaded,1209.9,111.0
optimizer,lost,30,33,29,1,1,4,3.13,0.195,open,883.92,87.0
low_energy,lost,30,33,14,16,7,5,0,0.214,returning,128.24,14.0
adversarial,lost,30,33,25,5,5,6,71.62,0.174,returning,1343.1,121.0
perfect,burnout,30,33,30,0,0,4,1.62,0.167,open,600.0,60.0
cautious,burnout,30,33,18,12,7,2,0,0.222,returning,168.48,18.0
balanced,burnout,30,33,23,7,4,4,1.04,0.217,returning,450.8,46.0
chaotic,burnout,30,33,17,13,8,2,4.0,0.196,returning,528.36,51.0
high_skip,burnout,30,33,10,20,7,3,0,0.3,returning,94.4,10.0
returning,burnout,30,33,14,16,6,0,0.58,0.25,returning,269.92,28.0
overload,burnout,30,33,27,3,3,4,71.6,0.179,open,1155.4,106.0
optimizer,burnout,30,33,28,2,2,4,5.45,0.19,open,853.44,84.0
low_energy,burnout,30,33,15,15,10,5,0,0.267,returning,137.4,15.0
adversarial,burnout,30,33,23,7,5,5,73.19,0.18,returning,1232.1,111.0
perfect,potential,30,33,30,0,0,4,1.62,0.167,open,600.0,60.0
cautious,potential,30,33,22,8,7,4,0,0.182,returning,205.92,22.0
balanced,potential,30,33,26,4,4,4,0.52,0.192,returning,509.6,52.0
chaotic,potential,30,33,15,15,9,3,0,0.2,returning,466.2,45.0
high_skip,potential,30,33,6,24,5,1,0,0.5,returning,56.64,6.0
returning,potential,30,33,23,7,4,3,0.58,0.196,returning,443.44,46.0
overload,potential,30,33,29,1,1,4,73.23,0.173,overloaded,1199.0,110.0
optimizer,potential,30,33,25,5,5,4,1.57,0.2,returning,762.0,75.0
low_energy,potential,30,33,12,18,8,6,0,0.333,returning,109.92,12.0
adversarial,potential,30,33,23,7,5,4,74.78,0.174,returning,1209.9,109.0
perfect,return,30,33,29,1,1,4,1.62,0.172,open,580.0,58.0
cautious,return,30,33,24,6,6,3,0,0.208,returning,224.64,24.0
balanced,return,30,33,23,7,5,3,1.04,0.196,returning,450.8,46.0
chaotic,return,30,33,10,20,8,1,2.0,0.2,returning,310.8,30.0
high_skip,return,30,33,10,20,8,2,0,0.4,returning,94.4,10.0
returning,return,30,33,15,15,10,2,0.29,0.2,returning,289.2,30.0
overload,return,30,33,26,4,3,3,71.28,0.183,open,1133.6,104.0
optimizer,return,30,33,29,1,1,4,3.13,0.195,open,883.92,87.0
low_energy,return,30,33,14,16,8,3,0,0.357,returning,128.24,14.0
adversarial,return,30,33,21,9,7,3,75.36,0.173,returning,1154.4,104.0
perfect,lost,90,33,90,0,0,12,4.87,0.167,open,1800.0,180.0
cautious,lost,90,33,51,39,20,4,0,0.196,returning,477.36,51.0
balanced,lost,90,33,72,18,13,10,0,0.194,returning,1411.2,144.0
chaotic,lost,90,33,45,45,22,5,1.8,0.178,returning,1398.6,135.0
high_skip,lost,90,33,23,67,18,3,0,0.304,returning,217.12,23.0
returning,lost,90,33,56,34,21,8,0,0.205,returning,1079.68,112.0
overload,lost,90,33,81,9,8,20,73.34,0.177,returning,3193.7,293.0
optimizer,lost,90,33,84,6,6,10,14.42,0.19,sustainable,2560.32,252.0
low_energy,lost,90,33,45,45,22,17,0,0.222,returning,412.2,45.0
adversarial,lost,90,33,64,26,16,21,73.44,0.178,returning,3307.8,298.0
perfect,burnout,90,33,90,0,0,12,4.87,0.167,open,1800.0,180.0
cautious,burnout,90,33,56,34,23,9,0,0.196,returning,524.16,56.0
balanced,burnout,90,33,75,15,12,11,3.13,0.173,returning,1470.0,150.0
chaotic,burnout,90,33,45,45,22,4,2.0,0.2,returning,1398.6,135.0
high_skip,burnout,90,33,24,66,19,2,0,0.25,returning,226.56,24.0
returning,burnout,90,33,55,35,23,5,0,0.2,returning,1060.4,110.0
overload,burnout,90,33,78,12,12,19,77.33,0.168,returning,3117.4,286.0
optimizer,burnout,90,33,79,11,11,10,9.06,0.194,sustainable,2407.92,237.0
low_energy,burnout,90,33,43,47,24,17,0,0.279,returning,393.88,43.0
adversarial,burnout,90,33,67,23,18,23,74.67,0.173,returning,3396.6,306.0
perfect,potential,90,33,88,2,2,12,4.87,0.17,sustainable,1760.0,176.0
cautious,potential,90,33,51,39,17,7,0,0.196,returning,477.36,51.0
balanced,potential,90,33,70,20,15,11,0,0.179,returning,1372.0,140.0
chaotic,potential,90,33,45,45,20,6,1.8,0.178,sustainable,1398.6,135.0
high_skip,potential,90,33,29,61,20,6,0,0.241,returning,273.76,29.0
returning,potential,90,33,54,36,22,6,0,0.176,returning,1041.12,108.0
overload,potential,90,33,77,13,8,18,75.96,0.18,returning,3084.7,283.0
optimizer,potential,90,33,83,7,6,11,9.4,0.193,sustainable,2529.84,249.0
low_energy,potential,90,33,38,52,20,12,0,0.263,returning,348.08,38.0
adversarial,potential,90,33,61,29,16,19,71.99,0.173,returning,3152.4,284.0
perfect,return,90,33,90,0,0,12,4.87,0.167,sustainable,1800.0,180.0
cautious,return,90,33,52,38,24,5,0,0.212,returning,486.72,52.0
balanced,return,90,33,73,17,15,10,3.13,0.185,returning,1430.8,146.0
chaotic,return,90,33,40,50,23,4,2.0,0.192,returning,1243.2,120.0
high_skip,return,90,33,24,66,17,4,0,0.25,returning,226.56,24.0
returning,return,90,33,52,38,20,8,0.29,0.183,returning,1002.56,104.0
overload,return,90,33,80,10,10,19,76.85,0.181,returning,3139.2,288.0
optimizer,return,90,33,84,6,4,11,6.26,0.194,sustainable,2560.32,252.0
low_energy,return,90,33,41,49,24,10,0,0.244,returning,375.56,41.0
adversarial,return,90,33,65,25,19,22,73.06,0.185,returning,3352.2,302.0
perfect,lost,180,33,177,3,3,24,4.06,0.169,integrated,3540.0,354.0
cautious,lost,180,33,117,63,46,17,0,0.214,returning,1095.12,117.0
balanced,lost,180,33,138,42,33,18,2.61,0.174,sustainable,2704.8,276.0
chaotic,lost,180,33,81,99,49,15,0,0.173,sustainable,2517.48,243.0
high_skip,lost,180,33,40,140,30,6,0,0.225,returning,377.6,40.0
returning,lost,180,33,108,72,43,13,0.29,0.176,sustainable,2082.24,216.0
overload,lost,180,33,168,12,12,48,77.35,0.175,returning,6474.6,594.0
optimizer,lost,180,33,174,6,6,24,7.83,0.195,integrated,5303.52,522.0
low_energy,lost,180,33,91,89,46,32,0,0.209,returning,833.56,91.0
adversarial,lost,180,33,133,47,35,51,67.92,0.172,sustainable,6726.6,606.0
perfect,burnout,180,33,179,1,1,24,4.06,0.168,sustainable,3580.0,358.0
cautious,burnout,180,33,105,75,43,10,0,0.19,returning,982.8,105.0
balanced,burnout,180,33,134,46,32,15,2.61,0.198,sustainable,2626.4,268.0
chaotic,burnout,180,33,102,78,45,15,2.0,0.176,sustainable,3170.16,306.0
high_skip,burnout,180,33,44,136,33,6,0,0.227,returning,415.36,44.0
returning,burnout,180,33,110,70,40,16,0,0.191,returning,2120.8,220.0
overload,burnout,180,33,161,19,18,44,76.96,0.17,returning,6104.0,560.0
optimizer,burnout,180,33,173,7,5,25,7.83,0.197,integrated,5273.04,519.0
low_energy,burnout,180,33,87,93,44,37,0,0.195,returning,796.92,87.0
adversarial,burnout,180,33,130,50,35,48,74.84,0.173,returning,6482.4,584.0
perfect,potential,180,33,178,2,2,25,4.06,0.169,integrated,3560.0,356.0
cautious,potential,180,33,112,68,47,16,0,0.188,returning,1048.32,112.0
balanced,potential,180,33,147,33,27,21,1.04,0.17,sustainable,2881.2,294.0
chaotic,potential,180,33,81,99,39,9,5.8,0.169,sustainable,2517.48,243.0
high_skip,potential,180,33,36,144,30,3,0,0.222,returning,339.84,36.0
returning,potential,180,33,103,77,42,12,1.45,0.204,sustainable,1985.84,206.0
overload,potential,180,33,165,15,13,46,70.52,0.171,returning,6245.7,573.0
optimizer,potential,180,33,175,5,5,22,24.05,0.202,integrated,5334.0,525.0
low_energy,potential,180,33,87,93,47,30,0,0.23,returning,796.92,87.0
adversarial,potential,180,33,133,47,32,50,71.7,0.177,returning,6660.0,600.0
perfect,return,180,33,176,4,4,25,4.06,0.17,integrated,3520.0,352.0
cautious,return,180,33,121,59,40,19,0,0.19,returning,1132.56,121.0
balanced,return,180,33,147,33,25,19,2.61,0.173,sustainable,2881.2,294.0
chaotic,return,180,33,87,93,42,9,6.0,0.176,sustainable,2703.96,261.0
high_skip,return,180,33,47,133,36,8,0,0.298,returning,443.68,47.0
returning,return,180,33,99,81,44,14,0,0.182,sustainable,1908.72,198.0
overload,return,180,33,155,25,22,41,71.77,0.175,returning,5918.7,543.0
optimizer,return,180,33,164,16,12,24,4.06,0.197,integrated,4998.72,492.0
low_energy,return,180,33,87,93,50,28,0,0.218,returning,796.92,87.0
adversarial,return,180,33,126,54,38,45,77.6,0.171,returning,6349.2,572.0
perfect,lost,30,34,30,0,0,4,1.62,0.167,open,600.0,60.0
cautious,lost,30,34,18,12,8,3,0,0.222,returning,168.48,18.0
balanced,lost,30,34,20,10,9,4,0.52,0.2,returning,392.0,40.0
chaotic,lost,30,34,19,11,8,4,4.0,0.193,returning,590.52,57.0
high_skip,lost,30,34,6,24,4,0,0,0.333,returning,56.64,6.0
returning,lost,30,34,20,10,6,3,0.58,0.2,returning,385.6,40.0
overload,lost,30,34,25,5,5,3,64.85,0.18,returning,1090.0,100.0
optimizer,lost,30,34,30,0,0,4,5.98,0.189,open,914.4,90.0
low_energy,lost,30,34,20,10,6,9,0,0.2,returning,183.2,20.0
adversarial,lost,30,34,22,8,6,4,70.17,0.187,returning,1187.7,107.0
perfect,burnout,30,34,28,2,2,3,1.62,0.179,open,560.0,56.0
cautious,burnout,30,34,19,11,9,3,0,0.211,returning,177.84,19.0
balanced,burnout,30,34,20,10,8,1,1.04,0.225,returning,392.0,40.0
chaotic,burnout,30,34,21,9,4,4,0,0.206,returning,652.68,63.0
high_skip,burnout,30,34,5,25,4,1,0,0.4,returning,47.2,5.0
returning,burnout,30,34,26,4,3,4,0.58,0.173,open,501.28,52.0
overload,burnout,30,34,27,3,3,4,72.66,0.168,overloaded,1166.3,107.0
optimizer,burnout,30,34,27,3,3,4,1.68,0.185,open,822.96,81.0
low_energy,burnout,30,34,13,17,8,5,0,0.231,returning,119.08,13.0
adversarial,burnout,30,34,23,7,4,5,74.39,0.188,returning,1243.2,112.0
perfect,potential,30,34,30,0,0,4,1.62,0.167,open,600.0,60.0
cautious,potential,30,34,17,13,8,2,0,0.235,returning,159.12,17.0
balanced,potential,30,34,23,7,4,2,0,0.196,returning,450.8,46.0
chaotic,potential,30,34,19,11,9,4,2.0,0.175,returning,590.52,57.0
high_skip,potential,30,34,8,22,6,2,0,0.375,returning,75.52,8.0
returning,potential,30,34,16,14,8,3,0,0.219,returning,308.48,32.0
overload,potential,30,34,27,3,3,4,65.66,0.187,open,1166.3,107.0
optimizer,potential,30,34,28,2,2,4,3.13,0.19,open,853.44,84.0
low_energy,potential,30,34,16,14,6,6,0,0.25,returning,146.56,16.0
adversarial,potential,30,34,20,10,5,3,68.35,0.19,returning,1110.0,100.0
perfect,return,30,34,29,1,1,4,1.62,0.172,open,580.0,58.0
cautious,return,30,34,21,9,6,4,0,0.238,returning,196.56,21.0
balanced,return,30,34,23,7,5,2,1.04,0.217,returning,450.8,46.0
chaotic,return,30,34,17,13,7,2,4.0,0.196,returning,528.36,51.0
high_skip,return,30,34,8,22,5,3,0,0.375,returning,75.52,8.0
returning,return,30,34,12,18,6,3,0.29,0.25,returning,231.36,24.0
overload,return,30,34,25,5,4,4,53.85,0.18,returning,1090.0,100.0
optimizer,return,30,34,30,0,0,4,5.98,0.189,open,914.4,90.0
low_energy,return,30,34,9,21,6,3,0,0.333,returning,82.44,9.0
adversarial,return,30,34,25,5,3,6,69.22,0.185,open,1320.9,119.0
perfect,lost,90,34,90,0,0,12,4.87,0.167,open,1800.0,180.0
cautious,lost,90,34,57,33,23,9,0,0.175,returning,533.52,57.0
balanced,lost,90,34,74,16,13,12,0,0.182,returning,1450.4,148.0
chaotic,lost,90,34,40,50,19,5,9.21,0.192,returning,1243.2,120.0
high_skip,lost,90,34,22,68,19,2,0,0.273,returning,207.68,22.0
returning,lost,90,34,56,34,24,8,0,0.188,returning,1079.68,112.0
overload,lost,90,34,81,9,8,20,68.05,0.17,sustainable,3139.2,288.0
optimizer,lost,90,34,84,6,5,11,9.4,0.194,sustainable,2560.32,252.0
low_energy,lost,90,34,37,53,26,6,0,0.243,returning,338.92,37.0
adversarial,lost,90,34,65,25,16,22,74.27,0.173,returning,3396.6,306.0
perfect,burnout,90,34,87,3,2,11,4.87,0.172,open,1740.0,174.0
cautious,burnout,90,34,58,32,21,6,0,0.207,returning,542.88,58.0
balanced,burnout,90,34,72,18,13,8,1.57,0.181,returning,1411.2,144.0
chaotic,burnout,90,34,49,41,21,5,0.41,0.197,returning,1522.92,147.0
high_skip,burnout,90,34,27,63,17,5,0,0.222,returning,254.88,27.0
returning,burnout,90,34,51,39,22,6,1.74,0.186,returning,983.28,102.0
overload,burnout,90,34,79,11,10,20,68.53,0.175,sustainable,3117.4,286.0
optimizer,burnout,90,34,81,9,6,11,1.86,0.193,sustainable,2468.88,243.0
low_energy,burnout,90,34,44,46,21,16,0,0.205,returning,403.04,44.0
adversarial,burnout,90,34,60,30,19,19,73.18,0.174,returning,3119.1,281.0
perfect,potential,90,34,90,0,0,12,4.87,0.167,sustainable,1800.0,180.0
cautious,potential,90,34,62,28,20,8,0,0.194,returning,580.32,62.0
balanced,potential,90,34,69,21,16,12,0.52,0.181,returning,1352.4,138.0
chaotic,potential,90,34,45,45,22,5,0,0.193,sustainable,1398.6,135.0
high_skip,potential,90,34,29,61,23,2,0,0.241,returning,273.76,29.0
returning,potential,90,34,43,47,24,7,0,0.186,returning,829.04,86.0
overload,potential,90,34,81,9,8,20,69.11,0.18,sustainable,3150.1,289.0
optimizer,potential,90,34,83,7,7,12,9.4,0.197,sustainable,2529.84,249.0
low_energy,potential,90,34,44,46,25,17,0,0.205,returning,403.04,44.0
adversarial,potential,90,34,58,32,19,16,77.93,0.169,returning,2963.7,267.0
perfect,return,90,34,87,3,3,12,4.87,0.172,open,1740.0,174.0
cautious,return,90,34,58,32,24,7,0,0.241,returning,542.88,58.0
balanced,return,90,34,68,22,20,8,0.82,0.184,returning,1332.8,136.0
chaotic,return,90,34,45,45,18,5,0,0.185,returning,1398.6,135.0
high_skip,return,90,34,28,62,18,2,0,0.214,returning,264.32,28.0
returning,return,90,34,50,40,21,8,0.29,0.2,returning,964.0,100.0
overload,return,90,34,87,3,3,23,73.65,0.173,overloaded,3400.8,312.0
optimizer,return,90,34,82,8,6,12,5.63,0.195,sustainable,2499.36,246.0
low_energy,return,90,34,50,40,26,17,0,0.18,returning,458.0,50.0
adversarial,return,90,34,63,27,21,21,62.82,0.179,sustainable,3230.1,291.0
perfect,lost,180,34,177,3,3,25,4.06,0.167,integrated,3540.0,354.0
cautious,lost,180,34,119,61,41,15,0,0.193,returning,1113.84,119.0
balanced,lost,180,34,139,41,29,15,3.54,0.18,sustainable,2724.4,278.0
chaotic,lost,180,34,95,85,46,13,2.0,0.179,integrated,2952.6,285.0
high_skip,lost,180,34,46,134,34,8,0,0.239,returning,434.24,46.0
returning,lost,180,34,100,80,42,11,1.45,0.185,returning,1928.0,200.0
overload,lost,180,34,161,19,17,44,77.37,0.176,returning,6180.3,567.0
optimizer,lost,180,34,172,8,8,24,7.83,0.198,integrated,5242.56,516.0
low_energy,lost,180,34,92,88,50,33,0,0.217,returning,842.72,92.0
adversarial,lost,180,34,119,61,45,41,70.1,0.175,returning,6016.2,542.0
perfect,burnout,180,34,180,0,0,25,4.06,0.167,sustainable,3600.0,360.0
cautious,burnout,180,34,108,72,47,15,0,0.194,returning,1010.88,108.0
balanced,burnout,180,34,142,38,30,18,1.04,0.176,sustainable,2783.2,284.0
chaotic,burnout,180,34,88,92,44,12,6.0,0.197,sustainable,2735.04,264.0
high_skip,burnout,180,34,48,132,38,7,0,0.229,returning,453.12,48.0
returning,burnout,180,34,118,62,42,16,0.58,0.195,returning,2275.04,236.0
overload,burnout,180,34,161,19,16,45,67.02,0.176,sustainable,6114.9,561.0
optimizer,burnout,180,34,168,12,10,23,7.83,0.196,integrated,5120.64,504.0
low_energy,burnout,180,34,89,91,46,34,0,0.213,returning,815.24,89.0
adversarial,burnout,180,34,129,51,34,48,75.05,0.179,returning,6504.6,586.0
perfect,potential,180,34,178,2,2,25,4.06,0.169,integrated,3560.0,356.0
cautious,potential,180,34,118,62,45,21,0,0.178,returning,1104.48,118.0
balanced,potential,180,34,138,42,32,21,1.04,0.178,sustainable,2704.8,276.0
chaotic,potential,180,34,91,89,46,12,4.0,0.179,integrated,2828.28,273.0
high_skip,potential,180,34,49,131,35,7,0,0.224,returning,462.56,49.0
returning,potential,180,34,104,76,38,12,0,0.183,sustainable,2005.12,208.0
overload,potential,180,34,158,22,18,42,75.83,0.176,returning,6005.9,551.0
optimizer,potential,180,34,170,10,10,24,4.06,0.196,integrated,5181.6,510.0
low_energy,potential,180,34,87,93,41,31,0,0.207,returning,796.92,87.0
adversarial,potential,180,34,115,65,41,39,67.65,0.181,sustainable,5871.9,529.0
perfect,return,180,34,178,2,2,24,4.06,0.169,integrated,3560.0,356.0
cautious,return,180,34,100,80,38,11,0,0.2,returning,936.0,100.0
balanced,return,180,34,135,45,36,20,0.52,0.181,sustainable,2646.0,270.0
chaotic,return,180,34,91,89,36,10,10.21,0.176,sustainable,2828.28,273.0
high_skip,return,180,34,52,128,42,5,0,0.231,returning,490.88,52.0
returning,return,180,34,105,75,46,14,0.29,0.205,sustainable,2024.4,210.0
overload,return,180,34,165,15,15,46,77.93,0.176,returning,6322.0,580.0
optimizer,return,180,34,175,5,5,24,11.18,0.196,integrated,5334.0,525.0
low_energy,return,180,34,93,87,52,31,0,0.215,returning,851.88,93.0
adversarial,return,180,34,121,59,44,42,70.72,0.177,returning,6082.8,548.0
perfect,lost,30,35,30,0,0,4,1.62,0.167,open,600.0,60.0
cautious,lost,30,35,18,12,6,2,0,0.222,returning,168.48,18.0
balanced,lost,30,35,26,4,3,4,0,0.192,open,509.6,52.0
chaotic,lost,30,35,13,17,8,4,2.0,0.231,returning,404.04,39.0
high_skip,lost,30,35,10,20,6,2,0,0.4,returning,94.4,10.0
returning,lost,30,35,15,15,8,1,0.58,0.233,returning,289.2,30.0
overload,lost,30,35,28,2,2,4,68.92,0.176,open,1177.2,108.0
optimizer,lost,30,35,30,0,0,4,5.98,0.189,open,914.4,90.0
low_energy,lost,30,35,18,12,7,7,0,0.222,returning,164.88,18.0
adversarial,lost,30,35,18,12,6,3,51.91,0.2,returning,999.0,90.0
perfect,burnout,30,35,29,1,1,4,1.62,0.172,open,580.0,58.0
cautious,burnout,30,35,23,7,6,3,0,0.217,returning,215.28,23.0
balanced,burnout,30,35,23,7,5,3,0,0.174,returning,450.8,46.0
chaotic,burnout,30,35,14,16,7,2,2.0,0.214,returning,435.12,42.0
high_skip,burnout,30,35,8,22,7,0,0,0.25,returning,75.52,8.0
returning,burnout,30,35,20,10,7,2,0.58,0.2,returning,385.6,40.0
overload,burnout,30,35,27,3,2,4,70.54,0.181,open,1144.5,105.0
optimizer,burnout,30,35,29,1,1,4,9.21,0.184,open,883.92,87.0
low_energy,burnout,30,35,11,19,6,2,0,0.273,returning,100.76,11.0
adversarial,burnout,30,35,18,12,8,2,68.71,0.18,returning,987.9,89.0
perfect,potential,30,35,29,1,1,4,1.62,0.172,open,580.0,58.0
cautious,potential,30,35,19,11,7,2,0,0.263,returning,177.84,19.0
balanced,potential,30,35,22,8,7,2,1.04,0.205,returning,431.2,44.0
chaotic,potential,30,35,11,19,8,1,4.0,0.242,returning,341.88,33.0
high_skip,potential,30,35,7,23,4,2,0,0.286,returning,66.08,7.0
returning,potential,30,35,20,10,6,3,0,0.25,returning,385.6,40.0
overload,potential,30,35,25,5,3,3,64.85,0.18,open,1090.0,100.0
optimizer,potential,30,35,24,6,3,3,4.06,0.194,open,731.52,72.0
low_energy,potential,30,35,16,14,8,4,0,0.25,returning,146.56,16.0
adversarial,potential,30,35,23,7,6,5,68.6,0.186,sustainable,1254.3,113.0
perfect,return,30,35,30,0,0,4,1.62,0.167,open,600.0,60.0
cautious,return,30,35,18,12,7,3,0,0.222,returning,168.48,18.0
balanced,return,30,35,28,2,1,4,1.04,0.179,open,548.8,56.0
chaotic,return,30,35,17,13,7,2,0,0.196,returning,528.36,51.0
high_skip,return,30,35,8,22,5,2,0,0.375,returning,75.52,8.0
returning,return,30,35,14,16,6,3,0.29,0.286,returning,269.92,28.0
overload,return,30,35,27,3,2,4,66.72,0.176,open,1177.2,108.0
optimizer,return,30,35,28,2,2,4,3.13,0.19,open,853.44,84.0
low_energy,return,30,35,14,16,6,4,0,0.286,returning,128.24,14.0
adversarial,return,30,35,24,6,6,5,73.2,0.183,returning,1276.5,115.0
perfect,lost,90,35,89,1,1,12,4.87,0.169,open,1780.0,178.0
cautious,lost,90,35,57,33,21,8,0,0.211,returning,533.52,57.0
balanced,lost,90,35,74,16,13,11,3.13,0.176,returning,1450.4,148.0
chaotic,lost,90,35,47,43,22,5,7.8,0.177,returning,1460.76,141.0
high_skip,lost,90,35,23,67,16,5,0,0.304,returning,217.12,23.0
returning,lost,90,35,60,30,20,7,0,0.192,returning,1156.8,120.0
overload,lost,90,35,81,9,9,20,73.34,0.174,returning,3193.7,293.0
optimizer,lost,90,35,83,7,6,12,1.86,0.197,sustainable,2529.84,249.0
low_energy,lost,90,35,50,40,25,19,0,0.2,returning,458.0,50.0
adversarial,lost,90,35,71,19,14,26,66.34,0.172,sustainable,3607.5,325.0
perfect,burnout,90,35,90,0,0,12,4.87,0.167,open,1800.0,180.0
cautious,burnout,90,35,50,40,16,8,0,0.22,returning,468.0,50.0
balanced,burnout,90,35,71,19,15,10,0.41,0.176,returning,1391.6,142.0
chaotic,burnout,90,35,44,46,25,6,5.22,0.174,returning,1367.52,132.0
high_skip,burnout,90,35,20,70,16,5,0,0.25,returning,188.8,20.0
returning,burnout,90,35,53,37,21,10,0.29,0.198,returning,1021.84,106.0
overload,burnout,90,35,81,9,9,20,76.11,0.176,returning,3150.1,289.0
optimizer,burnout,90,35,84,6,6,10,18.34,0.19,sustainable,2560.32,252.0
low_energy,burnout,90,35,38,52,20,15,0,0.211,returning,348.08,38.0
adversarial,burnout,90,35,69,21,17,25,75.12,0.178,returning,3563.1,321.0
perfect,potential,90,35,88,2,2,12,4.87,0.17,sustainable,1760.0,176.0
cautious,potential,90,35,52,38,25,5,0,0.212,returning,486.72,52.0
balanced,potential,90,35,75,15,14,10,0.52,0.173,returning,1470.0,150.0
chaotic,potential,90,35,46,44,26,6,0,0.196,sustainable,1429.68,138.0
high_skip,potential,90,35,26,64,18,6,0,0.192,returning,245.44,26.0
returning,potential,90,35,47,43,22,7,0,0.213,returning,906.16,94.0
overload,potential,90,35,80,10,10,19,77.91,0.176,returning,3150.1,289.0
optimizer,potential,90,35,86,4,3,12,9.4,0.194,sustainable,2621.28,258.0
low_energy,potential,90,35,36,54,24,13,0,0.306,returning,329.76,36.0
adversarial,potential,90,35,65,25,14,22,69.46,0.175,sustainable,3352.2,302.0
perfect,return,90,35,89,1,0,12,1.86,0.169,sustainable,1780.0,178.0
cautious,return,90,35,56,34,20,8,0,0.214,returning,524.16,56.0
balanced,return,90,35,78,12,10,11,3.13,0.186,returning,1528.8,156.0
chaotic,return,90,35,35,55,20,7,0,0.2,returning,1087.8,105.0
high_skip,return,90,35,17,73,16,3,0,0.235,returning,160.48,17.0
returning,return,90,35,56,34,27,9,0.58,0.179,returning,1079.68,112.0
overload,return,90,35,82,8,8,20,76.6,0.177,returning,3204.6,294.0
optimizer,return,90,35,87,3,2,11,11.64,0.192,sustainable,2651.76,261.0
low_energy,return,90,35,37,53,25,16,0,0.27,returning,338.92,37.0
adversarial,return,90,35,57,33,22,17,67.14,0.175,sustainable,2985.9,269.0
perfect,lost,180,35,176,4,4,25,4.06,0.168,integrated,3520.0,352.0
cautious,lost,180,35,118,62,37,16,0,0.203,returning,1104.48,118.0
balanced,lost,180,35,140,40,31,21,0.52,0.186,sustainable,2744.0,280.0
chaotic,lost,180,35,102,78,47,17,0,0.186,integrated,3170.16,306.0
high_skip,lost,180,35,48,132,33,8,0,0.292,returning,453.12,48.0
returning,lost,180,35,108,72,37,16,1.16,0.185,sustainable,2082.24,216.0
overload,lost,180,35,162,18,18,45,67.51,0.173,sustainable,6169.4,566.0
optimizer,lost,180,35,171,9,9,24,7.83,0.197,integrated,5212.08,513.0
low_energy,lost,180,35,99,81,47,33,0,0.202,returning,906.84,99.0
adversarial,lost,180,35,123,57,43,43,74.95,0.176,returning,6182.7,557.0
perfect,burnout,180,35,179,1,1,25,4.06,0.168,sustainable,3580.0,358.0
cautious,burnout,180,35,104,76,41,12,0,0.183,returning,973.44,104.0
balanced,burnout,180,35,153,27,21,25,2.09,0.176,sustainable,2998.8,306.0
chaotic,burnout,180,35,97,83,49,13,3.01,0.192,sustainable,3014.76,291.0
high_skip,burnout,180,35,42,138,34,8,0,0.238,returning,396.48,42.0
returning,burnout,180,35,102,78,40,16,0,0.181,returning,1966.56,204.0
overload,burnout,180,35,161,19,18,45,67.02,0.169,sustainable,6114.9,561.0
optimizer,burnout,180,35,174,6,6,25,7.83,0.195,integrated,5303.52,522.0
low_energy,burnout,180,35,86,94,45,27,0,0.186,returning,787.76,86.0
adversarial,burnout,180,35,127,53,40,47,72.02,0.175,returning,6415.8,578.0
perfect,potential,180,35,178,2,2,25,4.06,0.169,integrated,3560.0,356.0
cautious,potential,180,35,109,71,38,19,0,0.202,returning,1020.24,109.0
balanced,potential,180,35,140,40,33,16,2.61,0.179,sustainable,2744.0,280.0
chaotic,potential,180,35,76,104,40,9,0,0.171,sustainable,2362.08,228.0
high_skip,potential,180,35,47,133,34,6,0,0.213,returning,443.68,47.0
returning,potential,180,35,110,70,42,14,0,0.173,sustainable,2120.8,220.0
overload,potential,180,35,155,25,23,41,74.94,0.174,returning,5951.4,546.0
optimizer,potential,180,35,175,5,5,25,7.83,0.213,integrated,5334.0,525.0
low_energy,potential,180,35,93,87,37,36,0,0.183,returning,851.88,93.0
adversarial,potential,180,35,129,51,35,48,66.85,0.174,sustainable,6493.5,585.0
perfect,return,180,35,179,1,1,25,4.06,0.168,integrated,3580.0,358.0
cautious,return,180,35,117,63,36,17,0,0.188,returning,1095.12,117.0
balanced,return,180,35,137,43,31,18,2.61,0.186,sustainable,2685.2,274.0
chaotic,return,180,35,87,93,43,13,1.8,0.18,sustainable,2703.96,261.0
high_skip,return,180,35,32,148,24,5,0,0.281,returning,302.08,32.0
returning,return,180,35,117,63,42,18,0.58,0.179,sustainable,2255.76,234.0
overload,return,180,35,164,16,11,46,75.73,0.176,returning,6322.0,580.0
optimizer,return,180,35,165,15,14,23,4.06,0.198,integrated,5029.2,495.0
low_energy,return,180,35,99,81,46,39,0,0.192,returning,906.84,99.0
adversarial,return,180,35,128,52,32,47,73.24,0.177,returning,6471.3,583.0
perfect,lost,30,36,30,0,0,4,1.62,0.167,open,600.0,60.0
cautious,lost,30,36,19,11,7,3,0,0.211,returning,177.84,19.0
balanced,lost,30,36,22,8,5,2,0.52,0.227,returning,431.2,44.0
chaotic,lost,30,36,13,17,8,2,4.0,0.231,returning,404.04,39.0
high_skip,lost,30,36,10,20,7,3,0,0.3,returning,94.4,10.0
returning,lost,30,36,13,17,4,2,0,0.231,returning,250.64,26.0
overload,lost,30,36,29,1,1,4,76.41,0.177,overloaded,1231.7,113.0
optimizer,lost,30,36,29,1,1,4,2.21,0.184,open,883.92,87.0
low_energy,lost,30,36,13,17,9,3,0,0.231,returning,119.08,13.0
adversarial,lost,30,36,25,5,4,6,74.23,0.172,returning,1354.2,122.0
perfect,burnout,30,36,30,0,0,4,1.62,0.167,open,600.0,60.0
cautious,burnout,30,36,20,10,4,2,0,0.25,returning,187.2,20.0
balanced,burnout,30,36,26,4,4,3,1.04,0.173,returning,509.6,52.0
chaotic,burnout,30,36,15,15,7,1,7.61,0.2,returning,466.2,45.0
high_skip,burnout,30,36,9,21,4,3,0,0.333,returning,84.96,9.0
returning,burnout,30,36,10,20,7,1,0,0.25,returning,192.8,20.0
overload,burnout,30,36,25,5,5,2,76.5,0.191,returning,1024.6,94.0
optimizer,burnout,30,36,29,1,1,4,9.21,0.184,open,883.92,87.0
low_energy,burnout,30,36,15,15,6,6,0,0.333,returning,137.4,15.0
adversarial,burnout,30,36,18,12,8,3,58.91,0.178,returning,999.0,90.0
perfect,potential,30,36,29,1,1,4,1.62,0.172,open,580.0,58.0
cautious,potential,30,36,21,9,7,3,0,0.19,returning,196.56,21.0
balanced,potential,30,36,24,6,6,4,1.04,0.208,returning,470.4,48.0
chaotic,potential,30,36,13,17,8,2,0,0.231,returning,404.04,39.0
high_skip,potential,30,36,7,23,4,0,0,0.286,returning,66.08,7.0
returning,potential,30,36,18,12,6,2,0.58,0.222,returning,347.04,36.0
overload,potential,30,36,27,3,3,4,66.72,0.176,open,1177.2,108.0
optimizer,potential,30,36,28,2,2,4,3.13,0.19,open,853.44,84.0
low_energy,potential,30,36,18,12,9,7,0,0.278,returning,164.88,18.0
adversarial,potential,30,36,27,3,2,7,75.86,0.177,overloaded,1443.0,130.0
perfect,return,30,36,29,1,1,4,1.62,0.172,open,580.0,58.0
cautious,return,30,36,20,10,8,2,0,0.25,returning,187.2,20.0
balanced,return,30,36,20,10,7,2,0.52,0.2,returning,392.0,40.0
chaotic,return,30,36,13,17,8,2,2.0,0.205,returning,404.04,39.0
high_skip,return,30,36,11,19,7,1,0,0.273,returning,103.84,11.0
returning,return,30,36,17,13,7,3,0,0.235,returning,327.76,34.0
overload,return,30,36,25,5,5,4,53.85,0.18,returning,1090.0,100.0
optimizer,return,30,36,27,3,3,4,3.13,0.198,open,822.96,81.0
low_energy,return,30,36,15,15,6,5,0,0.267,returning,137.4,15.0
adversarial,return,30,36,21,9,6,4,65.57,0.181,returning,1165.5,105.0
perfect,lost,90,36,88,2,2,11,4.87,0.17,open,1760.0,176.0
cautious,lost,90,36,58,32,20,10,0,0.241,returning,542.88,58.0
balanced,lost,90,36,68,22,16,8,0,0.191,returning,1332.8,136.0
chaotic,lost,90,36,54,36,20,10,0,0.179,sustainable,1678.32,162.0
high_skip,lost,90,36,21,69,17,2,0,0.286,returning,198.24,21.0
returning,lost,90,36,59,31,21,6,0,0.212,returning,1137.52,118.0
overload,lost,90,36,82,8,8,20,73.42,0.175,returning,3171.9,291.0
optimizer,lost,90,36,82,8,8,11,7.83,0.195,sustainable,2499.36,246.0
low_energy,lost,90,36,38,52,25,15,0,0.289,returning,348.08,38.0
adversarial,lost,90,36,65,25,18,21,76.85,0.174,returning,3318.9,299.0
perfect,burnout,90,36,90,0,0,12,4.87,0.167,open,1800.0,180.0
cautious,burnout,90,36,51,39,22,5,0,0.216,returning,477.36,51.0
balanced,burnout,90,36,69,21,14,11,0.52,0.188,returning,1352.4,138.0
chaotic,burnout,90,36,45,45,21,9,0,0.178,returning,1398.6,135.0
high_skip,burnout,90,36,15,75,12,1,0,0.333,returning,141.6,15.0
returning,burnout,90,36,53,37,26,7,0.58,0.217,returning,1021.84,106.0
overload,burnout,90,36,81,9,9,21,67.22,0.175,sustainable,3171.9,291.0
optimizer,burnout,90,36,84,6,6,12,9.4,0.194,sustainable,2560.32,252.0
low_energy,burnout,90,36,43,47,21,15,0,0.233,returning,393.88,43.0
adversarial,burnout,90,36,60,30,16,19,71.98,0.171,returning,3108.0,280.0
perfect,potential,90,36,89,1,1,12,4.87,0.169,sustainable,1780.0,178.0
cautious,potential,90,36,50,40,21,5,0,0.2,returning,468.0,50.0
balanced,potential,90,36,66,24,13,7,0.41,0.182,returning,1293.6,132.0
chaotic,potential,90,36,50,40,21,9,0,0.18,sustainable,1554.0,150.0
high_skip,potential,90,36,26,64,16,4,0,0.269,returning,245.44,26.0
returning,potential,90,36,55,35,22,9,0,0.191,returning,1060.4,110.0
overload,potential,90,36,78,12,11,19,73.51,0.18,returning,3150.1,289.0
optimizer,potential,90,36,79,11,10,10,12.75,0.194,sustainable,2407.92,237.0
low_energy,potential,90,36,44,46,23,19,0,0.227,returning,403.04,44.0
adversarial,potential,90,36,67,23,15,23,68.87,0.176,sustainable,3407.7,307.0
perfect,return,90,36,90,0,0,12,4.87,0.167,sustainable,1800.0,180.0
cautious,return,90,36,51,39,22,9,0,0.216,returning,477.36,51.0
balanced,return,90,36,69,21,17,10,0.52,0.174,returning,1352.4,138.0
chaotic,return,90,36,40,50,23,5,5.8,0.217,returning,1243.2,120.0
high_skip,return,90,36,20,70,18,3,0,0.25,returning,188.8,20.0
returning,return,90,36,56,34,19,8,0,0.205,returning,1079.68,112.0
overload,return,90,36,81,9,9,20,73.34,0.181,returning,3193.7,293.0
optimizer,return,90,36,87,3,3,11,12.64,0.192,sustainable,2651.76,261.0
low_energy,return,90,36,49,41,22,16,0,0.204,returning,448.84,49.0
adversarial,return,90,36,57,33,20,16,73.33,0.177,returning,2941.5,265.0
perfect,lost,180,36,179,1,1,25,4.06,0.168,integrated,3580.0,358.0
cautious,lost,180,36,113,67,42,18,0,0.195,returning,1057.68,113.0
balanced,lost,180,36,136,44,34,20,0,0.184,sustainable,2665.6,272.0
chaotic,lost,180,36,87,93,43,13,2.0,0.195,sustainable,2703.96,261.0
high_skip,lost,180,36,46,134,36,6,0,0.239,returning,434.24,46.0
returning,lost,180,36,106,74,44,12,0.87,0.189,sustainable,2043.68,212.0
overload,lost,180,36,165,15,12,47,72.22,0.174,returning,6376.5,585.0
optimizer,lost,180,36,168,12,12,25,7.83,0.198,integrated,5120.64,504.0
low_energy,lost,180,36,98,82,46,34,0,0.204,returning,897.68,98.0
adversarial,lost,180,36,122,58,39,43,71.55,0.171,returning,6171.6,556.0
perfect,burnout,180,36,176,4,4,25,4.06,0.17,sustainable,3520.0,352.0
cautious,burnout,180,36,108,72,46,16,0,0.176,returning,1010.88,108.0
balanced,burnout,180,36,152,28,25,20,1.04,0.174,sustainable,2979.2,304.0
chaotic,burnout,180,36,84,96,48,15,1.6,0.179,sustainable,2610.72,252.0
high_skip,burnout,180,36,47,133,33,8,0,0.234,returning,443.68,47.0
returning,burnout,180,36,102,78,44,13,0.58,0.176,returning,1966.56,204.0
overload,burnout,180,36,157,23,20,43,72.81,0.173,returning,6038.6,554.0
optimizer,burnout,180,36,170,10,8,24,0.3,0.196,integrated,5181.6,510.0
low_energy,burnout,180,36,91,89,43,33,0,0.187,returning,833.56,91.0
adversarial,burnout,180,36,134,46,36,52,73.34,0.175,returning,6793.2,612.0
perfect,potential,180,36,177,3,3,25,4.06,0.169,integrated,3540.0,354.0
cautious,potential,180,36,113,67,39,20,0,0.195,returning,1057.68,113.0
balanced,potential,180,36,143,37,26,24,0,0.175,sustainable,2802.8,286.0
chaotic,potential,180,36,89,91,46,12,5.8,0.187,integrated,2766.12,267.0
high_skip,potential,180,36,43,137,31,4,0,0.233,returning,405.92,43.0
returning,potential,180,36,111,69,42,17,0,0.198,sustainable,2140.08,222.0
overload,potential,180,36,167,13,13,48,73.03,0.172,returning,6452.8,592.0
optimizer,potential,180,36,172,8,8,24,11.26,0.198,integrated,5242.56,516.0
low_energy,potential,180,36,83,97,44,32,0,0.229,returning,760.28,83.0
adversarial,potential,180,36,129,51,33,47,74.24,0.175,returning,6460.2,582.0
perfect,return,180,36,179,1,1,25,4.06,0.168,integrated,3580.0,358.0
cautious,return,180,36,104,76,38,14,0,0.192,returning,973.44,104.0
balanced,return,180,36,145,35,27,19,0,0.186,sustainable,2842.0,290.0
chaotic,return,180,36,86,94,48,14,0,0.182,sustainable,2672.88,258.0
high_skip,return,180,36,43,137,31,4,0,0.256,returning,405.92,43.0
returning,return,180,36,96,84,41,16,0,0.198,returning,1850.88,192.0
overload,return,180,36,160,20,20,44,69.88,0.176,sustainable,6125.8,562.0
optimizer,return,180,36,170,10,10,23,15.03,0.196,integrated,5181.6,510.0
low_energy,return,180,36,97,83,52,38,0,0.206,returning,888.52,97.0
adversarial,return,180,36,124,56,37,44,74.57,0.174,returning,6260.4,564.0
perfect,lost,30,37,30,0,0,4,1.62,0.167,open,600.0,60.0
cautious,lost,30,37,19,11,6,1,0,0.211,returning,177.84,19.0
balanced,lost,30,37,24,6,5,4,0,0.188,returning,470.4,48.0
chaotic,lost,30,37,19,11,8,2,4.0,0.193,returning,590.52,57.0
high_skip,lost,30,37,3,27,3,0,0,0.333,open,28.32,3.0
returning,lost,30,37,21,9,7,2,0.29,0.214,returning,404.88,42.0
overload,lost,30,37,26,4,4,3,68.11,0.178,returning,1100.9,101.0
optimizer,lost,30,37,23,7,6,4,3.13,0.203,returning,701.04,69.0
low_energy,lost,30,37,15,15,8,5,0,0.267,returning,137.4,15.0
adversarial,lost,30,37,25,5,3,6,70.42,0.175,open,1332.0,120.0
perfect,burnout,30,37,30,0,0,4,1.62,0.167,open,600.0,60.0
cautious,burnout,30,37,16,14,8,2,0,0.25,returning,149.76,16.0
balanced,burnout,30,37,25,5,5,3,1.98,0.2,returning,490.0,50.0
chaotic,burnout,30,37,20,10,6,2,6.02,0.183,returning,621.6,60.0
high_skip,burnout,30,37,10,20,8,2,0,0.3,returning,94.4,10.0
returning,burnout,30,37,16,14,8,3,0,0.219,returning,308.48,32.0
overload,burnout,30,37,26,4,3,3,74.05,0.19,overloaded,1090.0,100.0
optimizer,burnout,30,37,28,2,1,3,16.45,0.19,open,853.44,84.0
low_energy,burnout,30,37,16,14,9,5,0,0.25,returning,146.56,16.0
adversarial,burnout,30,37,23,7,7,5,70.78,0.183,returning,1209.9,109.0
perfect,potential,30,37,30,0,0,4,1.62,0.167,open,600.0,60.0
cautious,potential,30,37,19,11,7,4,0,0.211,returning,177.84,19.0
balanced,potential,30,37,22,8,6,4,1.04,0.205,returning,431.2,44.0
chaotic,potential,30,37,17,13,8,0,12.41,0.196,returning,528.36,51.0
high_skip,potential,30,37,6,24,4,0,0,0.167,returning,56.64,6.0
returning,potential,30,37,22,8,8,2,0.58,0.205,returning,424.16,44.0
overload,potential,30,37,28,2,2,4,71.03,0.173,open,1199.0,110.0
optimizer,potential,30,37,30,0,0,4,5.98,0.189,open,914.4,90.0
low_energy,potential,30,37,13,17,8,4,0,0.308,returning,119.08,13.0
adversarial,potential,30,37,20,10,6,2,76.94,0.194,returning,1087.8,98.0
perfect,return,30,37,30,0,0,4,1.62,0.167,open,600.0,60.0
cautious,return,30,37,15,15,5,2,0,0.267,returning,140.4,15.0
balanced,return,30,37,24,6,4,4,1.04,0.188,returning,470.4,48.0
chaotic,return,30,37,10,20,8,2,4.0,0.2,returning,310.8,30.0
high_skip,return,30,37,7,23,6,1,0,0.286,returning,66.08,7.0
returning,return,30,37,21,9,6,3,0,0.214,returning,404.88,42.0
overload,return,30,37,26,4,4,4,60.28,0.173,returning,1133.6,104.0
optimizer,return,30,37,29,1,1,4,3.13,0.195,open,883.92,87.0
low_energy,return,30,37,14,16,8,4,0,0.214,returning,128.24,14.0
adversarial,return,30,37,21,9,8,3,75.36,0.173,returning,1154.4,104.0
perfect,lost,90,37,90,0,0,12,4.87,0.167,open,1800.0,180.0
cautious,lost,90,37,51,39,23,5,0,0.196,returning,477.36,51.0
balanced,lost,90,37,74,16,15,9,1.04,0.176,returning,1450.4,148.0
chaotic,lost,90,37,46,44,24,6,0,0.174,returning,1429.68,138.0
high_skip,lost,90,37,23,67,14,2,0,0.261,returning,217.12,23.0
returning,lost,90,37,57,33,20,10,0.58,0.193,returning,1098.96,114.0
overload,lost,90,37,82,8,8,20,77.66,0.176,returning,3215.5,295.0
optimizer,lost,90,37,83,7,5,12,9.4,0.197,sustainable,2529.84,249.0
low_energy,lost,90,37,42,48,18,16,0,0.214,returning,384.72,42.0
adversarial,lost,90,37,67,23,17,23,70.08,0.172,returning,3418.8,308.0
perfect,burnout,90,37,88,2,2,11,4.87,0.17,open,1760.0,176.0
cautious,burnout,90,37,62,28,19,5,0,0.21,returning,580.32,62.0
balanced,burnout,90,37,76,14,12,9,0.41,0.184,returning,1489.6,152.0
chaotic,burnout,90,37,50,40,22,4,10.0,0.18,returning,1554.0,150.0
high_skip,burnout,90,37,26,64,19,2,0,0.231,returning,245.44,26.0
returning,burnout,90,37,54,36,20,7,0.29,0.194,returning,1041.12,108.0
overload,burnout,90,37,79,11,11,19,68.95,0.17,sustainable,3008.4,276.0
optimizer,burnout,90,37,84,6,6,10,18.34,0.19,sustainable,2560.32,252.0
low_energy,burnout,90,37,48,42,20,18,0,0.208,returning,439.68,48.0
adversarial,burnout,90,37,71,19,18,25,74.71,0.18,returning,3518.7,317.0
perfect,potential,90,37,89,1,1,12,4.87,0.169,sustainable,1780.0,178.0
cautious,potential,90,37,52,38,23,6,0,0.212,returning,486.72,52.0
balanced,potential,90,37,74,16,15,9,0,0.189,returning,1450.4,148.0
chaotic,potential,90,37,48,42,23,5,0,0.181,sustainable,1491.84,144.0
high_skip,potential,90,37,22,68,14,1,0,0.227,returning,207.68,22.0
returning,potential,90,37,54,36,21,5,1.74,0.213,returning,1041.12,108.0
overload,potential,90,37,79,11,8,19,70.41,0.18,returning,3095.6,284.0
optimizer,potential,90,37,85,5,5,12,9.4,0.196,sustainable,2590.8,255.0
low_energy,potential,90,37,49,41,22,15,0,0.204,returning,448.84,49.0
adversarial,potential,90,37,60,30,19,18,77.96,0.175,returning,3052.5,275.0
perfect,return,90,37,90,0,0,12,4.87,0.167,sustainable,1800.0,180.0
cautious,return,90,37,56,34,21,7,0,0.232,returning,524.16,56.0
balanced,return,90,37,72,18,15,11,0.52,0.181,returning,1411.2,144.0
chaotic,return,90,37,43,47,24,4,5.21,0.186,returning,1336.44,129.0
high_skip,return,90,37,22,68,17,1,0,0.318,returning,207.68,22.0
returning,return,90,37,44,46,21,9,0.87,0.227,returning,848.32,88.0
overload,return,90,37,80,10,10,19,77.91,0.176,returning,3150.1,289.0
optimizer,return,90,37,85,5,3,11,9.4,0.192,sustainable,2590.8,255.0
low_energy,return,90,37,47,43,23,17,0,0.255,returning,430.52,47.0
adversarial,return,90,37,66,24,17,22,75.27,0.174,returning,3385.5,305.0
perfect,lost,180,37,178,2,2,25,4.06,0.169,integrated,3560.0,356.0
cautious,lost,180,37,105,75,51,14,0,0.19,returning,982.8,105.0
balanced,lost,180,37,140,40,33,17,0.52,0.175,sustainable,2744.0,280.0
chaotic,lost,180,37,90,90,45,10,0,0.185,sustainable,2797.2,270.0
high_skip,lost,180,37,51,129,32,10,0,0.216,returning,481.44,51.0
returning,lost,180,37,113,67,45,17,0.87,0.186,sustainable,2178.64,226.0
overload,lost,180,37,154,26,23,41,69.57,0.177,sustainable,5918.7,543.0
optimizer,lost,180,37,171,9,9,25,7.83,0.199,integrated,5212.08,513.0
low_energy,lost,180,37,85,95,47,32,0,0.224,returning,778.6,85.0
adversarial,lost,180,37,129,51,35,47,73.03,0.176,returning,6449.1,581.0
perfect,burnout,180,37,178,2,2,25,4.06,0.169,sustainable,3560.0,356.0
cautious,burnout,180,37,112,68,45,15,0,0.196,returning,1048.32,112.0
balanced,burnout,180,37,148,32,27,19,2.61,0.176,sustainable,2900.8,296.0
chaotic,burnout,180,37,103,77,43,13,4.0,0.175,sustainable,3201.24,309.0
high_skip,burnout,180,37,45,135,33,4,0,0.222,returning,424.8,45.0
returning,burnout,180,37,107,73,44,15,0.58,0.187,returning,2062.96,214.0
overload,burnout,180,37,158,22,18,43,75.01,0.179,returning,6038.6,554.0
optimizer,burnout,180,37,162,18,18,23,15.03,0.198,integrated,4937.76,486.0
low_energy,burnout,180,37,101,79,48,38,0,0.238,returning,925.16,101.0
adversarial,burnout,180,37,127,53,39,46,68.58,0.175,sustainable,6282.6,566.0
perfect,potential,180,37,178,2,2,24,4.06,0.169,integrated,3560.0,356.0
cautious,potential,180,37,110,70,47,15,0,0.191,returning,1029.6,110.0
balanced,potential,180,37,146,34,25,21,0.52,0.182,sustainable,2861.6,292.0
chaotic,potential,180,37,94,86,42,14,1.6,0.181,integrated,2921.52,282.0
high_skip,potential,180,37,49,131,36,7,0,0.224,returning,462.56,49.0
returning,potential,180,37,103,77,43,14,0,0.199,sustainable,1985.84,206.0
overload,potential,180,37,159,21,16,44,66.62,0.173,sustainable,6114.9,561.0
optimizer,potential,180,37,171,9,7,24,7.83,0.197,integrated,5212.08,513.0
low_energy,potential,180,37,76,104,49,31,0,0.211,returning,696.16,76.0
adversarial,potential,180,37,123,57,43,44,67.56,0.175,sustainable,6216.0,560.0
perfect,return,180,37,180,0,0,25,4.06,0.167,integrated,3600.0,360.0
cautious,return,180,37,111,69,47,20,0,0.207,returning,1038.96,111.0
balanced,return,180,37,145,35,29,22,2.09,0.179,sustainable,2842.0,290.0
chaotic,return,180,37,90,90,46,8,6.0,0.185,integrated,2797.2,270.0
high_skip,return,180,37,48,132,36,7,0,0.188,returning,453.12,48.0
returning,return,180,37,105,75,45,13,0.58,0.186,sustainable,2024.4,210.0
overload,return,180,37,156,24,23,42,69.32,0.171,sustainable,5984.1,549.0
optimizer,return,180,37,171,9,8,23,7.94,0.195,integrated,5212.08,513.0
low_energy,return,180,37,82,98,45,28,0,0.22,returning,751.12,82.0
adversarial,return,180,37,130,50,38,48,75.07,0.171,returning,6549.0,590.0
perfect,lost,30,38,30,0,0,4,1.62,0.167,open,600.0,60.0
cautious,lost,30,38,22,8,7,3,0,0.227,returning,205.92,22.0
balanced,lost,30,38,26,4,4,3,1.04,0.192,returning,509.6,52.0
chaotic,lost,30,38,19,11,7,3,4.0,0.211,returning,590.52,57.0
high_skip,lost,30,38,7,23,6,0,0,0.429,returning,66.08,7.0
returning,lost,30,38,17,13,8,3,0.58,0.206,returning,327.76,34.0
overload,lost,30,38,27,3,3,4,66.72,0.176,open,1177.2,108.0
optimizer,lost,30,38,27,3,3,3,5.68,0.185,open,822.96,81.0
low_energy,lost,30,38,14,16,5,6,0,0.357,returning,128.24,14.0
adversarial,lost,30,38,22,8,7,4,71.38,0.176,returning,1198.8,108.0
perfect,burnout,30,38,30,0,0,4,1.62,0.167,open,600.0,60.0
cautious,burnout,30,38,16,14,8,2,0,0.25,returning,149.76,16.0
balanced,burnout,30,38,21,9,6,2,1.04,0.19,returning,411.6,42.0
chaotic,burnout,30,38,12,18,8,2,4.0,0.222,returning,372.96,36.0
high_skip,burnout,30,38,10,20,7,2,0,0.3,returning,94.4,10.0
returning,burnout,30,38,17,13,7,3,0.58,0.206,returning,327.76,34.0
overload,burnout,30,38,29,1,1,5,72.41,0.177,overloaded,1231.7,113.0
optimizer,burnout,30,38,30,0,0,4,12.98,0.189,open,914.4,90.0
low_energy,burnout,30,38,17,13,10,6,0,0.235,returning,155.72,17.0
adversarial,burnout,30,38,19,11,8,3,64.73,0.183,returning,1032.3,93.0
perfect,potential,30,38,30,0,0,4,1.62,0.167,open,600.0,60.0
cautious,potential,30,38,17,13,9,3,0,0.176,returning,159.12,17.0
balanced,potential,30,38,24,6,5,3,0.52,0.208,returning,470.4,48.0
chaotic,potential,30,38,14,16,8,1,1.2,0.214,returning,435.12,42.0
high_skip,potential,30,38,11,19,10,0,0,0.364,returning,103.84,11.0
returning,potential,30,38,18,12,10,2,0.29,0.194,returning,347.04,36.0
overload,potential,30,38,28,2,2,4,72.09,0.18,overloaded,1209.9,111.0
optimizer,potential,30,38,29,1,1,4,2.21,0.184,open,883.92,87.0
low_energy,potential,30,38,10,20,7,5,0,0.3,returning,91.6,10.0
adversarial,potential,30,38,18,12,7,3,51.91,0.189,returning,999.0,90.0
perfect,return,30,38,30,0,0,4,1.62,0.167,open,600.0,60.0
cautious,return,30,38,18,12,7,2,0,0.222,returning,168.48,18.0
balanced,return,30,38,24,6,5,3,1.04,0.188,returning,470.4,48.0
chaotic,return,30,38,18,12,5,3,4.0,0.204,returning,559.44,54.0
high_skip,return,30,38,7,23,7,0,0,0.286,returning,66.08,7.0
returning,return,30,38,17,13,8,3,0,0.206,returning,327.76,34.0
overload,return,30,38,27,3,3,3,74.54,0.181,overloaded,1144.5,105.0
optimizer,return,30,38,27,3,1,4,0,0.185,open,822.96,81.0
low_energy,return,30,38,18,12,5,5,0,0.278,returning,164.88,18.0
adversarial,return,30,38,21,9,5,3,74.16,0.194,returning,1143.3,103.0
perfect,lost,90,38,90,0,0,12,4.87,0.167,open,1800.0,180.0
cautious,lost,90,38,55,35,21,5,0,0.182,returning,514.8,55.0
balanced,lost,90,38,68,22,15,12,1.04,0.191,returning,1332.8,136.0
chaotic,lost,90,38,38,52,20,8,1.8,0.175,returning,1181.04,114.0
high_skip,lost,90,38,17,73,10,3,0,0.235,returning,160.48,17.0
returning,lost,90,38,51,39,31,4,0.29,0.186,returning,983.28,102.0
overload,lost,90,38,76,14,12,17,73.11,0.176,returning,2964.8,272.0
optimizer,lost,90,38,85,5,4,11,4.11,0.192,sustainable,2590.8,255.0
low_energy,lost,90,38,48,42,17,15,0,0.229,returning,439.68,48.0
adversarial,lost,90,38,66,24,17,22,71.66,0.172,returning,3352.2,302.0
perfect,burnout,90,38,89,1,1,12,4.87,0.169,open,1780.0,178.0
cautious,burnout,90,38,56,34,21,10,0,0.196,returning,524.16,56.0
balanced,burnout,90,38,69,21,19,8,0.52,0.188,returning,1352.4,138.0
chaotic,burnout,90,38,39,51,18,6,8.0,0.188,returning,1212.12,117.0
high_skip,burnout,90,38,21,69,17,2,0,0.238,returning,198.24,21.0
returning,burnout,90,38,49,41,19,5,0,0.224,returning,944.72,98.0
overload,burnout,90,38,76,14,13,18,76.52,0.179,returning,3041.1,279.0
optimizer,burnout,90,38,80,10,10,12,5.63,0.196,sustainable,2438.4,240.0
low_energy,burnout,90,38,56,34,21,17,0,0.214,returning,512.96,56.0
adversarial,burnout,90,38,69,21,18,25,67.9,0.175,sustainable,3496.5,315.0
perfect,potential,90,38,89,1,1,12,4.87,0.169,sustainable,1780.0,178.0
cautious,potential,90,38,52,38,23,8,0,0.212,returning,486.72,52.0
balanced,potential,90,38,69,21,19,10,3.13,0.188,returning,1352.4,138.0
chaotic,potential,90,38,44,46,22,8,0,0.182,sustainable,1367.52,132.0
high_skip,potential,90,38,21,69,17,2,0,0.19,returning,198.24,21.0
returning,potential,90,38,52,38,20,6,0,0.192,returning,1002.56,104.0
overload,potential,90,38,80,10,10,19,76.85,0.184,returning,3139.2,288.0
optimizer,potential,90,38,85,5,5,11,9.4,0.196,sustainable,2590.8,255.0
low_energy,potential,90,38,42,48,20,13,0,0.238,returning,384.72,42.0
adversarial,potential,90,38,68,22,18,24,69.7,0.178,sustainable,3496.5,315.0
perfect,return,90,38,90,0,0,12,4.87,0.167,sustainable,1800.0,180.0
cautious,return,90,38,52,38,25,8,0,0.25,returning,486.72,52.0
balanced,return,90,38,65,25,13,11,0,0.192,returning,1274.0,130.0
chaotic,return,90,38,49,41,21,8,5.8,0.197,sustainable,1522.92,147.0
high_skip,return,90,38,30,60,18,5,0,0.233,returning,283.2,30.0
returning,return,90,38,63,27,22,9,0,0.183,returning,1214.64,126.0
overload,return,90,38,84,6,6,22,68.53,0.172,sustainable,3302.7,303.0
optimizer,return,90,38,87,3,3,10,22.64,0.192,sustainable,2651.76,261.0
low_energy,return,90,38,38,52,25,14,0,0.211,returning,348.08,38.0
adversarial,return,90,38,65,25,19,22,67.05,0.173,sustainable,3330.0,300.0
perfect,lost,180,38,179,1,1,25,4.06,0.168,integrated,3580.0,358.0
cautious,lost,180,38,117,63,42,18,0,0.205,returning,1095.12,117.0
balanced,lost,180,38,142,38,32,20,1.57,0.173,sustainable,2783.2,284.0
chaotic,lost,180,38,106,74,41,15,4.0,0.189,integrated,3294.48,318.0
high_skip,lost,180,38,33,147,29,10,0,0.182,returning,311.52,33.0
returning,lost,180,38,104,76,43,12,1.45,0.178,sustainable,2005.12,208.0
overload,lost,180,38,154,26,22,41,67.45,0.172,sustainable,5896.9,541.0
optimizer,lost,180,38,169,11,9,25,7.83,0.199,integrated,5151.12,507.0
low_energy,lost,180,38,83,97,46,30,0,0.217,returning,760.28,83.0
adversarial,lost,180,38,131,49,35,49,75.89,0.172,returning,6637.8,598.0
perfect,burnout,180,38,178,2,2,24,4.06,0.169,sustainable,3560.0,356.0
cautious,burnout,180,38,114,66,46,14,0,0.219,returning,1067.04,114.0
balanced,burnout,180,38,135,45,35,22,0,0.174,sustainable,2646.0,270.0
chaotic,burnout,180,38,97,83,44,19,0,0.179,sustainable,3014.76,291.0
high_skip,burnout,180,38,54,126,32,5,0,0.204,returning,509.76,54.0
returning,burnout,180,38,110,70,45,13,0,0.191,returning,2120.8,220.0
overload,burnout,180,38,155,25,22,42,69.88,0.174,sustainable,5940.5,545.0
optimizer,burnout,180,38,168,12,11,23,14.54,0.196,integrated,5120.64,504.0
low_energy,burnout,180,38,89,91,47,34,0,0.225,returning,815.24,89.0
adversarial,burnout,180,38,118,62,41,41,76.1,0.173,returning,6027.3,543.0
perfect,potential,180,38,178,2,2,25,4.06,0.169,integrated,3560.0,356.0
cautious,potential,180,38,115,65,41,13,0,0.183,returning,1076.4,115.0
balanced,potential,180,38,145,35,30,18,1.04,0.172,sustainable,2842.0,290.0
chaotic,potential,180,38,84,96,47,14,2.0,0.194,sustainable,2610.72,252.0
high_skip,potential,180,38,49,131,32,6,0,0.204,returning,462.56,49.0
returning,potential,180,38,100,80,42,11,0,0.195,sustainable,1928.0,200.0
overload,potential,180,38,164,16,14,46,73.61,0.171,returning,6300.2,578.0
optimizer,potential,180,38,162,18,16,23,7.83,0.2,integrated,4937.76,486.0
low_energy,potential,180,38,63,117,45,21,0,0.19,returning,577.08,63.0
adversarial,potential,180,38,115,65,46,39,68.86,0.177,sustainable,5883.0,530.0
perfect,return,180,38,179,1,1,24,4.06,0.168,integrated,3580.0,358.0
cautious,return,180,38,116,64,38,14,0,0.216,returning,1085.76,116.0
balanced,return,180,38,141,39,33,15,2.61,0.177,sustainable,2763.6,282.0
chaotic,return,180,38,80,100,45,10,4.0,0.175,sustainable,2486.4,240.0
high_skip,return,180,38,37,143,27,6,0,0.297,returning,349.28,37.0
returning,return,180,38,114,66,42,15,0.58,0.171,sustainable,2197.92,228.0
overload,return,180,38,161,19,16,44,75.25,0.175,returning,6158.5,565.0
optimizer,return,180,38,169,11,10,21,12.45,0.193,integrated,5151.12,507.0
low_energy,return,180,38,76,104,39,34,0,0.197,returning,696.16,76.0
adversarial,return,180,38,126,54,41,46,76.22,0.177,returning,6404.7,577.0
perfect,lost,30,39,29,1,0,4,0,0.172,open,580.0,58.0
cautious,lost,30,39,20,10,6,3,0,0.25,returning,187.2,20.0
balanced,lost,30,39,26,4,3,3,1.04,0.192,open,509.6,52.0
chaotic,lost,30,39,15,15,9,2,0,0.2,returning,466.2,45.0
high_skip,lost,30,39,8,22,2,1,0,0.375,open,75.52,8.0
returning,lost,30,39,18,12,9,4,0.29,0.222,returning,347.04,36.0
overload,lost,30,39,26,4,4,4,60.28,0.183,returning,1133.6,104.0
optimizer,lost,30,39,28,2,2,4,3.13,0.19,open,853.44,84.0
low_energy,lost,30,39,19,11,8,6,0,0.263,returning,174.04,19.0
adversarial,lost,30,39,18,12,6,3,51.91,0.189,returning,999.0,90.0
perfect,burnout,30,39,29,1,1,3,1.62,0.172,open,580.0,58.0
cautious,burnout,30,39,17,13,7,2,0,0.294,returning,159.12,17.0
balanced,burnout,30,39,25,5,5,4,1.04,0.18,returning,490.0,50.0
chaotic,burnout,30,39,13,17,5,1,0,0.205,returning,404.04,39.0
high_skip,burnout,30,39,7,23,6,2,0,0.286,returning,66.08,7.0
returning,burnout,30,39,14,16,7,3,0,0.214,returning,269.92,28.0
overload,burnout,30,39,25,5,5,4,60.85,0.17,returning,1090.0,100.0
optimizer,burnout,30,39,29,1,1,4,9.21,0.184,open,883.92,87.0
low_energy,burnout,30,39,15,15,9,5,0,0.267,returning,137.4,15.0
adversarial,burnout,30,39,18,12,9,3,58.91,0.178,returning,999.0,90.0
perfect,potential,30,39,28,2,2,4,1.62,0.179,open,560.0,56.0
cautious,potential,30,39,18,12,9,3,0,0.278,returning,168.48,18.0
balanced,potential,30,39,22,8,5,3,1.04,0.182,returning,431.2,44.0
chaotic,potential,30,39,15,15,6,2,1.2,0.222,returning,466.2,45.0
high_skip,potential,30,39,8,22,4,0,0,0.25,returning,75.52,8.0
returning,potential,30,39,16,14,7,3,0.58,0.188,returning,308.48,32.0
overload,potential,30,39,27,3,3,4,66.72,0.176,open,1177.2,108.0
optimizer,potential,30,39,30,0,0,4,5.98,0.189,open,914.4,90.0
low_energy,potential,30,39,10,20,7,4,0,0.4,returning,91.6,10.0
adversarial,potential,30,39,16,14,6,3,39.08,0.175,returning,888.0,80.0
perfect,return,30,39,30,0,0,4,1.62,0.167,open,600.0,60.0
cautious,return,30,39,19,11,6,2,0,0.211,returning,177.84,19.0
balanced,return,30,39,26,4,2,4,0,0.192,open,509.6,52.0
chaotic,return,30,39,12,18,7,1,4.0,0.222,returning,372.96,36.0
high_skip,return,30,39,7,23,6,1,0,0.286,returning,66.08,7.0
returning,return,30,39,16,14,7,3,0,0.219,returning,308.48,32.0
overload,return,30,39,29,1,1,4,76.41,0.177,overloaded,1231.7,113.0
optimizer,return,30,39,28,2,2,4,3.13,0.19,open,853.44,84.0
low_energy,return,30,39,15,15,7,4,0,0.267,returning,137.4,15.0
adversarial,return,30,39,22,8,6,4,71.38,0.204,returning,1198.8,108.0
perfect,lost,90,39,89,1,1,12,4.87,0.169,open,1780.0,178.0
cautious,lost,90,39,56,34,21,8,0,0.196,returning,524.16,56.0
balanced,lost,90,39,70,20,20,9,0.52,0.171,returning,1372.0,140.0
chaotic,lost,90,39,48,42,24,6,0,0.194,sustainable,1491.84,144.0
high_skip,lost,90,39,23,67,17,4,0,0.217,returning,217.12,23.0
returning,lost,90,39,46,44,21,5,0,0.207,returning,886.88,92.0
overload,lost,90,39,85,5,5,22,72.84,0.17,returning,3324.5,305.0
optimizer,lost,90,39,80,10,9,12,5.63,0.196,sustainable,2438.4,240.0
low_energy,lost,90,39,47,43,19,18,0,0.234,returning,430.52,47.0
adversarial,lost,90,39,63,27,19,20,75.02,0.182,returning,3241.2,292.0
perfect,burnout,90,39,88,2,2,11,4.87,0.17,open,1760.0,176.0
cautious,burnout,90,39,56,34,24,7,0,0.196,returning,524.16,56.0
balanced,burnout,90,39,72,18,13,9,2.09,0.194,returning,1411.2,144.0
chaotic,burnout,90,39,45,45,21,5,4.0,0.185,returning,1398.6,135.0
high_skip,burnout,90,39,31,59,23,4,0,0.194,returning,292.64,31.0
returning,burnout,90,39,52,38,23,8,0.29,0.202,returning,1002.56,104.0
overload,burnout,90,39,74,16,12,17,71.48,0.172,returning,2921.2,268.0
optimizer,burnout,90,39,86,4,4,12,7.83,0.19,sustainable,2621.28,258.0
low_energy,burnout,90,39,48,42,20,17,0,0.229,returning,439.68,48.0
adversarial,burnout,90,39,66,24,20,23,68.86,0.175,sustainable,3363.3,303.0
perfect,potential,90,39,89,1,1,12,4.87,0.169,sustainable,1780.0,178.0
cautious,potential,90,39,54,36,22,8,0,0.204,returning,505.44,54.0
balanced,potential,90,39,67,23,19,11,0,0.187,returning,1313.2,134.0
chaotic,potential,90,39,50,40,22,7,4.0,0.173,sustainable,1554.0,150.0
high_skip,potential,90,39,22,68,19,3,0,0.273,returning,207.68,22.0
returning,potential,90,39,45,45,25,7,0.29,0.2,returning,867.6,90.0
overload,potential,90,39,83,7,7,21,69.92,0.172,sustainable,3226.4,296.0
optimizer,potential,90,39,83,7,6,11,9.02,0.197,sustainable,2529.84,249.0
low_energy,potential,90,39,40,50,26,13,0,0.225,returning,366.4,40.0
adversarial,potential,90,39,68,22,13,24,68.5,0.178,sustainable,3485.4,314.0
perfect,return,90,39,90,0,0,12,4.87,0.167,sustainable,1800.0,180.0
cautious,return,90,39,55,35,23,8,0,0.2,returning,514.8,55.0
balanced,return,90,39,67,23,16,9,3.13,0.187,returning,1313.2,134.0
chaotic,return,90,39,41,49,21,9,0,0.211,returning,1274.28,123.0
high_skip,return,90,39,22,68,19,3,0,0.227,returning,207.68,22.0
returning,return,90,39,56,34,21,7,0,0.214,returning,1079.68,112.0
overload,return,90,39,81,9,9,20,69.11,0.173,sustainable,3150.1,289.0
optimizer,return,90,39,78,12,12,11,4.7,0.197,sustainable,2377.44,234.0
low_energy,return,90,39,34,56,23,12,0,0.265,returning,311.44,34.0
adversarial,return,90,39,56,34,22,16,66.31,0.18,sustainable,2897.1,261.0
perfect,lost,180,39,179,1,1,25,4.06,0.168,integrated,3580.0,358.0
cautious,lost,180,39,123,57,42,17,0,0.195,returning,1151.28,123.0
balanced,lost,180,39,146,34,29,18,0,0.178,sustainable,2861.6,292.0
chaotic,lost,180,39,93,87,46,12,2.0,0.179,sustainable,2890.44,279.0
high_skip,lost,180,39,41,139,36,5,0,0.195,returning,387.04,41.0
returning,lost,180,39,84,96,49,9,0.58,0.202,returning,1619.52,168.0
overload,lost,180,39,158,22,21,43,76.48,0.176,returning,6125.8,562.0
optimizer,lost,180,39,173,7,7,25,7.83,0.197,integrated,5273.04,519.0
low_energy,lost,180,39,83,97,44,27,0,0.193,returning,760.28,83.0
adversarial,lost,180,39,126,54,41,46,76.23,0.172,returning,6438.0,580.0
perfect,burnout,180,39,179,1,1,25,4.06,0.168,sustainable,3580.0,358.0
cautious,burnout,180,39,106,74,43,16,0,0.208,returning,992.16,106.0
balanced,burnout,180,39,147,33,24,21,2.61,0.184,sustainable,2881.2,294.0
chaotic,burnout,180,39,107,73,45,14,5.8,0.184,integrated,3325.56,321.0
high_skip,burnout,180,39,42,138,32,5,0,0.214,returning,396.48,42.0
returning,burnout,180,39,98,82,38,14,0,0.184,returning,1889.44,196.0
overload,burnout,180,39,163,17,15,46,73.12,0.18,returning,6245.7,573.0
optimizer,burnout,180,39,169,11,11,24,7.83,0.195,integrated,5151.12,507.0
low_energy,burnout,180,39,74,106,43,28,0,0.216,returning,677.84,74.0
adversarial,burnout,180,39,119,61,36,41,74.69,0.176,returning,5994.0,540.0
perfect,potential,180,39,179,1,1,25,4.06,0.168,integrated,3580.0,358.0
cautious,potential,180,39,117,63,41,17,0,0.188,returning,1095.12,117.0
balanced,potential,180,39,151,29,26,18,1.04,0.185,sustainable,2959.6,302.0
chaotic,potential,180,39,88,92,44,7,7.61,0.186,sustainable,2735.04,264.0
high_skip,potential,180,39,45,135,33,9,0,0.2,returning,424.8,45.0
returning,potential,180,39,93,87,40,14,0,0.204,sustainable,1793.04,186.0
overload,potential,180,39,158,22,20,44,68.65,0.173,sustainable,6158.5,565.0
optimizer,potential,180,39,165,15,13,21,14.99,0.196,integrated,5029.2,495.0
low_energy,potential,180,39,89,91,39,33,0,0.191,returning,815.24,89.0
adversarial,potential,180,39,126,54,39,46,66.6,0.18,sustainable,6349.2,572.0
perfect,return,180,39,180,0,0,25,4.06,0.167,integrated,3600.0,360.0
cautious,return,180,39,118,62,35,17,0,0.186,returning,1104.48,118.0
balanced,return,180,39,142,38,30,20,0.52,0.176,sustainable,2783.2,284.0
chaotic,return,180,39,97,83,44,11,0,0.175,integrated,3014.76,291.0
high_skip,return,180,39,53,127,38,6,0,0.208,returning,500.32,53.0
returning,return,180,39,102,78,45,12,0.58,0.191,sustainable,1966.56,204.0
overload,return,180,39,163,17,16,46,68.24,0.174,sustainable,6267.5,575.0
optimizer,return,180,39,163,17,16,22,2.8,0.196,integrated,4968.24,489.0
low_energy,return,180,39,84,96,49,30,0,0.202,returning,769.44,84.0
adversarial,return,180,39,137,43,32,53,69.16,0.18,sustainable,6859.8,618.0
perfect,lost,30,40,29,1,1,4,1.62,0.172,open,580.0,58.0
cautious,lost,30,40,16,14,6,2,0,0.312,returning,149.76,16.0
balanced,lost,30,40,22,8,5,4,1.04,0.182,returning,431.2,44.0
chaotic,lost,30,40,21,9,7,3,4.0,0.206,returning,652.68,63.0
high_skip,lost,30,40,14,16,9,1,0,0.357,returning,132.16,14.0
returning,lost,30,40,18,12,6,2,0.29,0.194,returning,347.04,36.0
overload,lost,30,40,27,3,2,4,65.66,0.168,open,1166.3,107.0
optimizer,lost,30,40,28,2,2,3,9.45,0.19,open,853.44,84.0
low_energy,lost,30,40,12,18,7,5,0,0.333,returning,109.92,12.0
adversarial,lost,30,40,25,5,4,6,69.22,0.185,returning,1320.9,119.0
perfect,burnout,30,40,29,1,1,4,1.62,0.172,open,580.0,58.0
cautious,burnout,30,40,15,15,6,1,0,0.267,returning,140.4,15.0
balanced,burnout,30,40,27,3,3,3,1.04,0.185,open,529.2,54.0
chaotic,burnout,30,40,12,18,7,2,0,0.194,returning,372.96,36.0
high_skip,burnout,30,40,8,22,7,0,0,0.25,returning,75.52,8.0
returning,burnout,30,40,20,10,8,4,0.58,0.2,returning,385.6,40.0
overload,burnout,30,40,26,4,2,4,64.11,0.168,open,1100.9,101.0
optimizer,burnout,30,40,26,4,3,4,0,0.192,open,792.48,78.0
low_energy,burnout,30,40,15,15,9,2,0,0.267,returning,137.4,15.0
adversarial,burnout,30,40,22,8,5,5,64.97,0.179,returning,1176.6,106.0
perfect,potential,30,40,30,0,0,4,1.62,0.167,open,600.0,60.0
cautious,potential,30,40,18,12,9,1,0,0.278,returning,168.48,18.0
balanced,potential,30,40,26,4,4,4,0.52,0.173,returning,509.6,52.0
chaotic,potential,30,40,20,10,6,2,0,0.217,returning,621.6,60.0
high_skip,potential,30,40,5,25,3,1,0,0.4,open,47.2,5.0
returning,potential,30,40,11,19,6,1,0,0.227,returning,212.08,22.0
overload,potential,30,40,27,3,2,4,66.72,0.176,open,1177.2,108.0
optimizer,potential,30,40,30,0,0,4,5.98,0.189,open,914.4,90.0
low_energy,potential,30,40,9,21,5,3,0,0.333,returning,82.44,9.0
adversarial,potential,30,40,23,7,5,4,77.19,0.18,returning,1232.1,111.0
perfect,return,30,40,29,1,1,4,1.62,0.172,open,580.0,58.0
cautious,return,30,40,16,14,7,2,0,0.25,returning,149.76,16.0
balanced,return,30,40,26,4,4,4,1.04,0.192,returning,509.6,52.0
chaotic,return,30,40,16,14,7,2,2.81,0.188,returning,497.28,48.0
high_skip,return,30,40,13,17,6,0,0,0.308,returning,122.72,13.0
returning,return,30,40,13,17,7,1,0,0.192,returning,250.64,26.0
overload,return,30,40,27,3,2,4,66.72,0.185,open,1177.2,108.0
optimizer,return,30,40,29,1,0,4,2.21,0.184,open,883.92,87.0
low_energy,return,30,40,19,11,7,6,0,0.263,returning,174.04,19.0
adversarial,return,30,40,24,6,5,5,75.61,0.179,returning,1298.7,117.0
perfect,lost,90,40,89,1,1,11,4.87,0.169,open,1780.0,178.0
cautious,lost,90,40,50,40,22,8,0,0.22,returning,468.0,50.0
balanced,lost,90,40,74,16,15,11,1.57,0.182,returning,1450.4,148.0
chaotic,lost,90,40,49,41,22,7,0,0.204,sustainable,1522.92,147.0
high_skip,lost,90,40,21,69,14,2,0,0.286,returning,198.24,21.0
returning,lost,90,40,52,38,19,9,1.16,0.202,returning,1002.56,104.0
overload,lost,90,40,81,9,9,20,73.34,0.177,returning,3193.7,293.0
optimizer,lost,90,40,88,2,2,12,9.4,0.193,sustainable,2682.24,264.0
low_energy,lost,90,40,39,51,21,12,0,0.231,returning,357.24,39.0
adversarial,lost,90,40,65,25,16,22,77.63,0.175,returning,3363.3,303.0
perfect,burnout,90,40,88,2,2,12,4.87,0.17,open,1760.0,176.0
cautious,burnout,90,40,61,29,18,9,0,0.213,returning,570.96,61.0
balanced,burnout,90,40,73,17,14,10,1.04,0.178,returning,1430.8,146.0
chaotic,burnout,90,40,45,45,20,6,10.0,0.178,returning,1398.6,135.0
high_skip,burnout,90,40,32,58,27,4,0,0.25,returning,302.08,32.0
returning,burnout,90,40,58,32,23,8,0.87,0.181,returning,1118.24,116.0
overload,burnout,90,40,79,11,9,19,67.89,0.175,sustainable,2997.5,275.0
optimizer,burnout,90,40,86,4,3,11,14.88,0.19,sustainable,2621.28,258.0
low_energy,burnout,90,40,46,44,20,18,0,0.196,returning,421.36,46.0
adversarial,burnout,90,40,69,21,16,24,76.5,0.169,returning,3474.3,313.0
perfect,potential,90,40,89,1,1,12,4.87,0.169,sustainable,1780.0,178.0
cautious,potential,90,40,51,39,21,7,0,0.196,returning,477.36,51.0
balanced,potential,90,40,73,17,15,7,2.09,0.178,returning,1430.8,146.0
chaotic,potential,90,40,45,45,23,6,5.8,0.207,sustainable,1398.6,135.0
high_skip,potential,90,40,30,60,20,3,0,0.233,returning,283.2,30.0
returning,potential,90,40,57,33,22,6,0.29,0.184,returning,1098.96,114.0
overload,potential,90,40,74,16,12,17,68.71,0.18,sustainable,2964.8,272.0
optimizer,potential,90,40,87,3,3,11,16.59,0.192,sustainable,2651.76,261.0
low_energy,potential,90,40,42,48,21,15,0,0.19,returning,384.72,42.0
adversarial,potential,90,40,60,30,21,19,67.39,0.181,sustainable,3130.2,282.0
perfect,return,90,40,89,1,1,12,4.87,0.169,sustainable,1780.0,178.0
cautious,return,90,40,51,39,19,9,0,0.216,returning,477.36,51.0
balanced,return,90,40,76,14,10,10,3.13,0.178,returning,1489.6,152.0
chaotic,return,90,40,36,54,19,5,2.0,0.176,returning,1118.88,108.0
high_skip,return,90,40,20,70,15,0,0,0.25,returning,188.8,20.0
returning,return,90,40,58,32,21,6,0.58,0.181,returning,1118.24,116.0
overload,return,90,40,80,10,9,19,76.85,0.181,returning,3139.2,288.0
optimizer,return,90,40,82,8,7,11,9.4,0.195,sustainable,2499.36,246.0
low_energy,return,90,40,44,46,22,13,0,0.205,returning,403.04,44.0
adversarial,return,90,40,60,30,22,19,67.39,0.177,sustainable,3130.2,282.0
perfect,lost,180,40,177,3,3,25,4.06,0.169,integrated,3540.0,354.0
cautious,lost,180,40,113,67,44,15,0,0.204,returning,1057.68,113.0
balanced,lost,180,40,133,47,35,17,1.04,0.18,sustainable,2606.8,266.0
chaotic,lost,180,40,90,90,51,10,4.0,0.181,sustainable,2797.2,270.0
high_skip,lost,180,40,45,135,34,6,0,0.222,returning,424.8,45.0
returning,lost,180,40,111,69,39,18,0,0.18,sustainable,2140.08,222.0
overload,lost,180,40,153,27,24,40,76.25,0.168,returning,5896.9,541.0
optimizer,lost,180,40,167,13,11,24,7.83,0.198,integrated,5090.16,501.0
low_energy,lost,180,40,95,85,42,37,0,0.189,returning,870.2,95.0
adversarial,lost,180,40,133,47,34,50,70.5,0.172,returning,6648.9,599.0
perfect,burnout,180,40,178,2,2,24,4.06,0.169,sustainable,3560.0,356.0
cautious,burnout,180,40,118,62,40,16,0,0.212,returning,1104.48,118.0
balanced,burnout,180,40,144,36,26,19,2.61,0.181,sustainable,2822.4,288.0
chaotic,burnout,180,40,90,90,48,15,3.01,0.189,sustainable,2797.2,270.0
high_skip,burnout,180,40,48,132,33,6,0,0.271,returning,453.12,48.0
returning,burnout,180,40,106,74,44,13,0,0.189,returning,2043.68,212.0
overload,burnout,180,40,161,19,19,45,74.43,0.176,returning,6191.2,568.0
optimizer,burnout,180,40,173,7,7,23,12.52,0.195,integrated,5273.04,519.0
low_energy,burnout,180,40,93,87,48,36,0,0.183,returning,851.88,93.0
adversarial,burnout,180,40,124,56,41,45,76.59,0.17,returning,6315.9,569.0
perfect,potential,180,40,177,3,3,25,4.06,0.169,integrated,3540.0,354.0
cautious,potential,180,40,110,70,42,16,0,0.2,returning,1029.6,110.0
balanced,potential,180,40,139,41,30,19,0,0.18,sustainable,2724.4,278.0
chaotic,potential,180,40,84,96,49,12,0,0.175,sustainable,2610.72,252.0
high_skip,potential,180,40,46,134,31,3,0,0.261,returning,434.24,46.0
returning,potential,180,40,102,78,40,17,1.45,0.206,sustainable,1966.56,204.0
overload,potential,180,40,167,13,10,47,74.51,0.173,returning,6354.7,583.0
optimizer,potential,180,40,171,9,8,24,4.06,0.197,integrated,5212.08,513.0
low_energy,potential,180,40,91,89,38,35,0,0.187,returning,833.56,91.0
adversarial,potential,180,40,130,50,41,48,70.25,0.172,returning,6504.6,586.0
perfect,return,180,40,178,2,1,24,4.06,0.169,integrated,3560.0,356.0
cautious,return,180,40,121,59,39,18,0,0.182,returning,1132.56,121.0
balanced,return,180,40,144,36,30,21,1.57,0.177,sustainable,2822.4,288.0
chaotic,return,180,40,78,102,41,13,4.0,0.175,sustainable,2424.24,234.0
high_skip,return,180,40,54,126,34,6,0,0.204,returning,509.76,54.0
returning,return,180,40,96,84,46,15,0.87,0.193,sustainable,1850.88,192.0
overload,return,180,40,157,23,17,43,71.1,0.179,returning,6093.1,559.0
optimizer,return,180,40,172,8,8,25,7.83,0.198,integrated,5242.56,516.0
low_energy,return,180,40,90,90,39,36,0,0.233,returning,824.4,90.0
adversarial,return,180,40,131,49,42,49,71.08,0.175,returning,6593.4,594.0
perfect,lost,30,41,30,0,0,4,1.62,0.167,open,600.0,60.0
cautious,lost,30,41,22,8,6,4,0,0.227,returning,205.92,22.0
balanced,lost,30,41,22,8,7,4,1.04,0.182,returning,431.2,44.0
chaotic,lost,30,41,14,16,8,1,5.6,0.167,returning,435.12,42.0
high_skip,lost,30,41,8,22,6,2,0,0.25,returning,75.52,8.0
returning,lost,30,41,20,10,7,2,0,0.2,returning,385.6,40.0
overload,lost,30,41,26,4,2,3,71.28,0.183,open,1133.6,104.0
optimizer,lost,30,41,28,2,2,4,3.13,0.19,open,853.44,84.0
low_energy,lost,30,41,16,14,6,6,0,0.25,returning,146.56,16.0
adversarial,lost,30,41,20,10,7,2,75.74,0.186,returning,1076.7,97.0
perfect,burnout,30,41,30,0,0,4,1.62,0.167,open,600.0,60.0
cautious,burnout,30,41,17,13,6,3,0,0.235,returning,159.12,17.0
balanced,burnout,30,41,22,8,5,3,1.04,0.182,returning,431.2,44.0
chaotic,burnout,30,41,17,13,6,1,11.21,0.235,returning,528.36,51.0
high_skip,burnout,30,41,6,24,2,0,0,0.167,open,56.64,6.0
returning,burnout,30,41,19,11,6,3,0.58,0.211,returning,366.32,38.0
overload,burnout,30,41,27,3,3,4,70.54,0.181,open,1144.5,105.0
optimizer,burnout,30,41,29,1,1,4,9.21,0.184,open,883.92,87.0
low_energy,burnout,30,41,16,14,8,6,0,0.25,returning,146.56,16.0
adversarial,burnout,30,41,21,9,5,4,68.96,0.176,returning,1132.2,102.0
perfect,potential,30,41,29,1,1,4,1.62,0.172,open,580.0,58.0
cautious,potential,30,41,17,13,9,2,0,0.294,returning,159.12,17.0
balanced,potential,30,41,27,3,3,4,1.04,0.185,open,529.2,54.0
chaotic,potential,30,41,17,13,8,3,0,0.216,returning,528.36,51.0
high_skip,potential,30,41,6,24,5,1,0,0.333,returning,56.64,6.0
returning,potential,30,41,18,12,7,3,0.29,0.194,returning,347.04,36.0
overload,potential,30,41,28,2,2,4,72.09,0.171,overloaded,1209.9,111.0
optimizer,potential,30,41,26,4,4,4,3.13,0.192,returning,792.48,78.0
low_energy,potential,30,41,15,15,6,4,0,0.2,returning,137.4,15.0
adversarial,potential,30,41,22,8,5,4,68.97,0.189,returning,1176.6,106.0
perfect,return,30,41,30,0,0,4,1.62,0.167,open,600.0,60.0
cautious,return,30,41,18,12,6,3,0,0.222,returning,168.48,18.0
balanced,return,30,41,27,3,3,4,1.04,0.185,open,529.2,54.0
chaotic,return,30,41,17,13,9,2,0,0.196,returning,528.36,51.0
high_skip,return,30,41,9,21,6,2,0,0.444,returning,84.96,9.0
returning,return,30,41,17,13,8,2,0,0.206,returning,327.76,34.0
overload,return,30,41,30,0,0,5,70.79,0.172,open,1264.4,116.0
optimizer,return,30,41,30,0,0,4,5.98,0.189,open,914.4,90.0
low_energy,return,30,41,13,17,5,3,0,0.308,returning,119.08,13.0
adversarial,return,30,41,24,6,6,5,75.61,0.179,returning,1298.7,117.0
perfect,lost,90,41,88,2,2,12,3.25,0.17,open,1760.0,176.0
cautious,lost,90,41,50,40,21,8,0,0.2,returning,468.0,50.0
balanced,lost,90,41,71,19,16,8,2.09,0.183,returning,1391.6,142.0
chaotic,lost,90,41,42,48,23,7,3.6,0.198,returning,1305.36,126.0
high_skip,lost,90,41,23,67,12,5,0,0.217,returning,217.12,23.0
returning,lost,90,41,50,40,23,8,0,0.19,returning,964.0,100.0
overload,lost,90,41,77,13,11,18,73.84,0.178,returning,3062.9,281.0
optimizer,lost,90,41,86,4,4,12,9.4,0.194,sustainable,2621.28,258.0
low_energy,lost,90,41,43,47,26,15,0,0.209,returning,393.88,43.0
adversarial,lost,90,41,73,17,15,27,75.38,0.175,returning,3751.8,338.0
perfect,burnout,90,41,88,2,2,12,4.87,0.17,open,1760.0,176.0
cautious,burnout,90,41,53,37,26,4,0,0.208,returning,496.08,53.0
balanced,burnout,90,41,68,22,17,8,2.61,0.199,returning,1332.8,136.0
chaotic,burnout,90,41,45,45,20,8,2.0,0.178,returning,1398.6,135.0
high_skip,burnout,90,41,15,75,12,2,0,0.267,returning,141.6,15.0
returning,burnout,90,41,59,31,22,9,0.58,0.22,returning,1137.52,118.0
overload,burnout,90,41,83,7,7,21,76.92,0.172,returning,3226.4,296.0
optimizer,burnout,90,41,83,7,6,11,9.4,0.193,sustainable,2529.84,249.0
low_energy,burnout,90,41,48,42,23,21,0,0.208,returning,439.68,48.0
adversarial,burnout,90,41,67,23,21,24,68.49,0.19,sustainable,3441.0,310.0
perfect,potential,90,41,90,0,0,12,4.87,0.167,sustainable,1800.0,180.0
cautious,potential,90,41,55,35,21,6,0,0.218,returning,514.8,55.0
balanced,potential,90,41,70,20,15,12,0.41,0.193,returning,1372.0,140.0
chaotic,potential,90,41,33,57,20,6,0,0.182,returning,1025.64,99.0
high_skip,potential,90,41,26,64,17,5,0,0.269,returning,245.44,26.0
returning,potential,90,41,44,46,20,8,0.29,0.193,returning,848.32,88.0
overload,potential,90,41,81,9,8,20,74.4,0.177,returning,3204.6,294.0
optimizer,potential,90,41,83,7,6,11,9.4,0.197,sustainable,2529.84,249.0
low_energy,potential,90,41,48,42,22,15,0,0.208,returning,439.68,48.0
adversarial,potential,90,41,58,32,21,17,74.16,0.172,returning,3030.3,273.0
perfect,return,90,41,88,2,1,12,1.86,0.17,sustainable,1760.0,176.0
cautious,return,90,41,60,30,19,8,0,0.2,returning,561.6,60.0
balanced,return,90,41,69,21,16,8,0.52,0.181,returning,1352.4,138.0
chaotic,return,90,41,48,42,19,6,5.8,0.181,sustainable,1491.84,144.0
high_skip,return,90,41,23,67,20,3,0,0.261,returning,217.12,23.0
returning,return,90,41,63,27,18,12,0.29,0.214,returning,1214.64,126.0
overload,return,90,41,78,12,11,19,68.21,0.176,sustainable,3095.6,284.0
optimizer,return,90,41,86,4,4,11,12.71,0.194,sustainable,2621.28,258.0
low_energy,return,90,41,37,53,26,14,0,0.297,returning,338.92,37.0
adversarial,return,90,41,61,29,21,19,69.59,0.177,sustainable,3130.2,282.0
perfect,lost,180,41,177,3,3,25,4.06,0.169,integrated,3540.0,354.0
cautious,lost,180,41,99,81,43,16,0,0.202,returning,926.64,99.0
balanced,lost,180,41,152,28,24,21,0.52,0.168,sustainable,2979.2,304.0
chaotic,lost,180,41,90,90,47,13,8.0,0.181,sustainable,2797.2,270.0
high_skip,lost,180,41,42,138,34,6,0,0.238,returning,396.48,42.0
returning,lost,180,41,93,87,42,10,0.29,0.177,returning,1793.04,186.0
overload,lost,180,41,158,22,18,43,76.48,0.178,returning,6125.8,562.0
optimizer,lost,180,41,173,7,7,22,16.52,0.195,integrated,5273.04,519.0
low_energy,lost,180,41,85,95,46,31,0,0.224,returning,778.6,85.0
adversarial,lost,180,41,123,57,40,44,73.58,0.173,returning,6271.5,565.0
perfect,burnout,180,41,177,3,3,25,4.06,0.169,sustainable,3540.0,354.0
cautious,burnout,180,41,109,71,47,17,0,0.183,returning,1020.24,109.0
balanced,burnout,180,41,144,36,27,18,1.04,0.181,sustainable,2822.4,288.0
chaotic,burnout,180,41,83,97,45,11,1.6,0.173,sustainable,2579.64,249.0
high_skip,burnout,180,41,47,133,34,9,0,0.234,returning,443.68,47.0
returning,burnout,180,41,114,66,44,18,0,0.175,returning,2197.92,228.0
overload,burnout,180,41,156,24,21,42,77.37,0.175,returning,5995.0,550.0
optimizer,burnout,180,41,168,12,12,23,22.15,0.196,integrated,5120.64,504.0
low_energy,burnout,180,41,95,85,40,32,0,0.2,returning,870.2,95.0
adversarial,burnout,180,41,127,53,42,46,75.8,0.177,returning,6349.2,572.0
perfect,potential,180,41,177,3,3,25,4.06,0.169,integrated,3540.0,354.0
cautious,potential,180,41,111,69,45,16,0,0.198,returning,1038.96,111.0
balanced,potential,180,41,148,32,26,17,0.52,0.179,sustainable,2900.8,296.0
chaotic,potential,180,41,96,84,43,14,1.6,0.174,integrated,2983.68,288.0
high_skip,potential,180,41,43,137,29,4,0,0.233,returning,405.92,43.0
returning,potential,180,41,120,60,42,21,1.16,0.188,sustainable,2313.6,240.0
overload,potential,180,41,162,18,16,45,68.57,0.183,sustainable,6180.3,567.0
optimizer,potential,180,41,170,10,9,25,7.83,0.198,integrated,5181.6,510.0
low_energy,potential,180,41,90,90,46,30,0,0.222,returning,824.4,90.0
adversarial,potential,180,41,134,46,32,51,76.14,0.175,returning,6782.1,611.0
perfect,return,180,41,175,5,5,24,4.06,0.171,integrated,3500.0,350.0
cautious,return,180,41,110,70,43,12,0,0.191,returning,1029.6,110.0
balanced,return,180,41,147,33,27,23,0.52,0.177,sustainable,2881.2,294.0
chaotic,return,180,41,91,89,47,11,4.0,0.198,integrated,2828.28,273.0
high_skip,return,180,41,36,144,30,4,0,0.222,returning,339.84,36.0
returning,return,180,41,101,79,44,18,0,0.173,sustainable,1947.28,202.0
overload,return,180,41,161,19,13,45,73.78,0.178,returning,6256.6,574.0
optimizer,return,180,41,171,9,8,23,18.11,0.197,integrated,5212.08,513.0
low_energy,return,180,41,77,103,48,15,0,0.195,returning,705.32,77.0
adversarial,return,180,41,128,52,38,47,73.24,0.173,returning,6471.3,583.0
